<?xml version="1.0" encoding="UTF-8"?><gpx xmlns="http://www.topografix.com/GPX/1/1" creator="Hiking Biji iOS 1.3.29" version="1.0"><trk><name>雲嘉南峰</name><trkseg><trkpt lat="23.613024964557916" lon="120.7205552941904">
    <ele>1268.6632288133726</ele>
    <time>2026-05-09T00:52:06Z</time>
</trkpt><trkpt lat="23.613006715742298" lon="120.7205396342422">
    <ele>1268.5447031040223</ele>
    <time>2026-05-09T00:52:12Z</time>
</trkpt><trkpt lat="23.61293799314611" lon="120.7204937846349">
    <ele>1267.3633554319756</ele>
    <time>2026-05-09T00:52:17Z</time>
</trkpt><trkpt lat="23.612877928200977" lon="120.7204690965257">
    <ele>1266.7904513880728</ele>
    <time>2026-05-09T00:52:22Z</time>
</trkpt><trkpt lat="23.612806525523002" lon="120.72045164220985">
    <ele>1266.3900921391805</ele>
    <time>2026-05-09T00:52:27Z</time>
</trkpt><trkpt lat="23.612753222492753" lon="120.72044120920313">
    <ele>1266.7306013874315</ele>
    <time>2026-05-09T00:52:32Z</time>
</trkpt><trkpt lat="23.61269680775133" lon="120.72041261370337">
    <ele>1266.752108771195</ele>
    <time>2026-05-09T00:52:38Z</time>
</trkpt><trkpt lat="23.61264839998407" lon="120.72036211665994">
    <ele>1266.892849046608</ele>
    <time>2026-05-09T00:52:44Z</time>
</trkpt><trkpt lat="23.612596848283665" lon="120.72032739720593">
    <ele>1268.4179251986934</ele>
    <time>2026-05-09T00:52:50Z</time>
</trkpt><trkpt lat="23.61254123620922" lon="120.72031545810484">
    <ele>1269.2175622874256</ele>
    <time>2026-05-09T00:52:56Z</time>
</trkpt><trkpt lat="23.612490014774156" lon="120.72029324037388">
    <ele>1270.5318329901534</ele>
    <time>2026-05-09T00:53:02Z</time>
</trkpt><trkpt lat="23.612455602601273" lon="120.7202418451294">
    <ele>1271.6554832513875</ele>
    <time>2026-05-09T00:53:08Z</time>
</trkpt><trkpt lat="23.612412458518403" lon="120.72019383949107">
    <ele>1273.9774726159233</ele>
    <time>2026-05-09T00:53:14Z</time>
</trkpt><trkpt lat="23.612368706607093" lon="120.72015903356701">
    <ele>1272.7211534167118</ele>
    <time>2026-05-09T00:53:20Z</time>
</trkpt><trkpt lat="23.612326926607913" lon="120.7201313717281">
    <ele>1272.8897306695737</ele>
    <time>2026-05-09T00:53:26Z</time>
</trkpt><trkpt lat="23.612289005287785" lon="120.72010062905257">
    <ele>1271.995507191215</ele>
    <time>2026-05-09T00:53:32Z</time>
</trkpt><trkpt lat="23.61227578263593" lon="120.72009124780834">
    <ele>1272.0419409087344</ele>
    <time>2026-05-09T00:53:38Z</time>
</trkpt><trkpt lat="23.61226938950993" lon="120.72008882236891">
    <ele>1275.246110990544</ele>
    <time>2026-05-09T00:53:43Z</time>
</trkpt><trkpt lat="23.612269236152514" lon="120.72008709785851">
    <ele>1276.8983041508009</ele>
    <time>2026-05-09T00:53:49Z</time>
</trkpt><trkpt lat="23.61226893493847" lon="120.72008887418725">
    <ele>1278.3972502310853</ele>
    <time>2026-05-09T00:53:55Z</time>
</trkpt><trkpt lat="23.61226724035775" lon="120.72008898991325">
    <ele>1277.9989069637554</ele>
    <time>2026-05-09T00:54:01Z</time>
</trkpt><trkpt lat="23.61226539264429" lon="120.72008834836144">
    <ele>1278.0352302506537</ele>
    <time>2026-05-09T00:54:07Z</time>
</trkpt><trkpt lat="23.612263214081533" lon="120.72008741806127">
    <ele>1278.4118248461511</ele>
    <time>2026-05-09T00:54:12Z</time>
</trkpt><trkpt lat="23.61226536896717" lon="120.72008820529469">
    <ele>1278.6446107136742</ele>
    <time>2026-05-09T00:54:17Z</time>
</trkpt><trkpt lat="23.612269180735044" lon="120.72008968546027">
    <ele>1278.3088816639684</ele>
    <time>2026-05-09T00:54:22Z</time>
</trkpt><trkpt lat="23.612271814455298" lon="120.72009092774717">
    <ele>1277.4706464006538</ele>
    <time>2026-05-09T00:54:27Z</time>
</trkpt><trkpt lat="23.612272454814473" lon="120.72009127064688">
    <ele>1276.7052436374634</ele>
    <time>2026-05-09T00:54:32Z</time>
</trkpt><trkpt lat="23.612280779051204" lon="120.7200761687125">
    <ele>1275.990621280799</ele>
    <time>2026-05-09T00:54:37Z</time>
</trkpt><trkpt lat="23.612285137096492" lon="120.7200720332143">
    <ele>1275.3395115203411</ele>
    <time>2026-05-09T00:54:42Z</time>
</trkpt><trkpt lat="23.612284976873536" lon="120.72007368864982">
    <ele>1275.029633720009</ele>
    <time>2026-05-09T00:54:47Z</time>
</trkpt><trkpt lat="23.61228469736141" lon="120.72007391123842">
    <ele>1275.141063663464</ele>
    <time>2026-05-09T00:54:52Z</time>
</trkpt><trkpt lat="23.61228425050529" lon="120.72007283957176">
    <ele>1275.1911865544987</ele>
    <time>2026-05-09T00:54:58Z</time>
</trkpt><trkpt lat="23.61228287566785" lon="120.72007383005976">
    <ele>1274.880145293879</ele>
    <time>2026-05-09T00:55:04Z</time>
</trkpt><trkpt lat="23.61228304911278" lon="120.720072136943">
    <ele>1274.8169840753217</ele>
    <time>2026-05-09T00:55:10Z</time>
</trkpt><trkpt lat="23.612278338315676" lon="120.72006883795804">
    <ele>1274.3337374645305</ele>
    <time>2026-05-09T00:55:15Z</time>
</trkpt><trkpt lat="23.61227593608878" lon="120.72006859718304">
    <ele>1274.5371408576382</ele>
    <time>2026-05-09T00:55:21Z</time>
</trkpt><trkpt lat="23.612275441463133" lon="120.72006693745087">
    <ele>1274.8304389152208</ele>
    <time>2026-05-09T00:55:27Z</time>
</trkpt><trkpt lat="23.612267133684526" lon="120.72005981018869">
    <ele>1275.9489439115864</ele>
    <time>2026-05-09T00:55:33Z</time>
</trkpt><trkpt lat="23.6122469618729" lon="120.72003992473952">
    <ele>1275.883453847891</ele>
    <time>2026-05-09T00:55:39Z</time>
</trkpt><trkpt lat="23.612234368040024" lon="120.720023502667">
    <ele>1274.6544447219292</ele>
    <time>2026-05-09T00:55:45Z</time>
</trkpt><trkpt lat="23.61221990273136" lon="120.71999780271322">
    <ele>1275.0005442774332</ele>
    <time>2026-05-09T00:55:51Z</time>
</trkpt><trkpt lat="23.612181505133382" lon="120.7199778125979">
    <ele>1276.4065582029598</ele>
    <time>2026-05-09T00:55:57Z</time>
</trkpt><trkpt lat="23.612155658744612" lon="120.71998893209759">
    <ele>1279.6318286153555</ele>
    <time>2026-05-09T00:56:03Z</time>
</trkpt><trkpt lat="23.612133012836292" lon="120.72001540580713">
    <ele>1281.7584236702246</ele>
    <time>2026-05-09T00:56:09Z</time>
</trkpt><trkpt lat="23.61212665080463" lon="120.7200492727692">
    <ele>1283.4660227228608</ele>
    <time>2026-05-09T00:56:15Z</time>
</trkpt><trkpt lat="23.612120361982544" lon="120.72007007144748">
    <ele>1282.9793093461099</ele>
    <time>2026-05-09T00:56:20Z</time>
</trkpt><trkpt lat="23.61209840199597" lon="120.72007924682309">
    <ele>1283.2211480938893</ele>
    <time>2026-05-09T00:56:26Z</time>
</trkpt><trkpt lat="23.6120675515211" lon="120.72008821481057">
    <ele>1283.760414636109</ele>
    <time>2026-05-09T00:56:32Z</time>
</trkpt><trkpt lat="23.612036718251403" lon="120.7201012846794">
    <ele>1285.6564344972846</ele>
    <time>2026-05-09T00:56:38Z</time>
</trkpt><trkpt lat="23.61201516877918" lon="120.72011441838434">
    <ele>1288.7352210734887</ele>
    <time>2026-05-09T00:56:44Z</time>
</trkpt><trkpt lat="23.611985809122864" lon="120.72013576485186">
    <ele>1287.7562847721003</ele>
    <time>2026-05-09T00:56:50Z</time>
</trkpt><trkpt lat="23.61196716241089" lon="120.72015011567102">
    <ele>1289.3034678772783</ele>
    <time>2026-05-09T00:56:55Z</time>
</trkpt><trkpt lat="23.611942214309813" lon="120.72017078325048">
    <ele>1290.1637522634921</ele>
    <time>2026-05-09T00:57:01Z</time>
</trkpt><trkpt lat="23.61192137161866" lon="120.72018860801862">
    <ele>1291.7853432262857</ele>
    <time>2026-05-09T00:57:07Z</time>
</trkpt><trkpt lat="23.611898786855917" lon="120.7202086088563">
    <ele>1292.036737633291</ele>
    <time>2026-05-09T00:57:13Z</time>
</trkpt><trkpt lat="23.6118827464609" lon="120.72022322468258">
    <ele>1293.2546054775034</ele>
    <time>2026-05-09T00:57:19Z</time>
</trkpt><trkpt lat="23.61186873728995" lon="120.72023878397064">
    <ele>1295.3056022606102</ele>
    <time>2026-05-09T00:57:25Z</time>
</trkpt><trkpt lat="23.611864285766703" lon="120.72025238662006">
    <ele>1296.8100177408621</ele>
    <time>2026-05-09T00:57:31Z</time>
</trkpt><trkpt lat="23.611854984208993" lon="120.72026107968426">
    <ele>1297.5216972922199</ele>
    <time>2026-05-09T00:57:37Z</time>
</trkpt><trkpt lat="23.611852478198834" lon="120.72025998776171">
    <ele>1297.2005958458224</ele>
    <time>2026-05-09T00:57:43Z</time>
</trkpt><trkpt lat="23.611833746921402" lon="120.72028254281602">
    <ele>1297.6669087550165</ele>
    <time>2026-05-09T00:57:49Z</time>
</trkpt><trkpt lat="23.611817907245303" lon="120.72029958684458">
    <ele>1298.6238673705875</ele>
    <time>2026-05-09T00:57:55Z</time>
</trkpt><trkpt lat="23.6117983965595" lon="120.72032010198579">
    <ele>1299.9565174083943</ele>
    <time>2026-05-09T00:58:01Z</time>
</trkpt><trkpt lat="23.611784113801995" lon="120.72033510853922">
    <ele>1301.7059947867833</ele>
    <time>2026-05-09T00:58:07Z</time>
</trkpt><trkpt lat="23.611774781006226" lon="120.72034496042497">
    <ele>1304.4515717007655</ele>
    <time>2026-05-09T00:58:13Z</time>
</trkpt><trkpt lat="23.611765818754314" lon="120.72035415356548">
    <ele>1305.9904227949764</ele>
    <time>2026-05-09T00:58:19Z</time>
</trkpt><trkpt lat="23.611753303939913" lon="120.72036870673634">
    <ele>1306.5205376758076</ele>
    <time>2026-05-09T00:58:24Z</time>
</trkpt><trkpt lat="23.61173416665708" lon="120.72038347026263">
    <ele>1307.132794666736</ele>
    <time>2026-05-09T00:58:30Z</time>
</trkpt><trkpt lat="23.611717851391155" lon="120.72039546940682">
    <ele>1305.9914320384314</ele>
    <time>2026-05-09T00:58:36Z</time>
</trkpt><trkpt lat="23.611704766875047" lon="120.72040882782993">
    <ele>1306.5085513328436</ele>
    <time>2026-05-09T00:58:42Z</time>
</trkpt><trkpt lat="23.61169110752909" lon="120.7204247842182">
    <ele>1307.0654408770138</ele>
    <time>2026-05-09T00:58:48Z</time>
</trkpt><trkpt lat="23.61167927413558" lon="120.72043910283418">
    <ele>1308.2822977431683</ele>
    <time>2026-05-09T00:58:54Z</time>
</trkpt><trkpt lat="23.611667630221888" lon="120.72045579817285">
    <ele>1309.8305512212003</ele>
    <time>2026-05-09T00:59:00Z</time>
</trkpt><trkpt lat="23.61164878326458" lon="120.72047633042854">
    <ele>1309.7208885013938</ele>
    <time>2026-05-09T00:59:06Z</time>
</trkpt><trkpt lat="23.61163360202486" lon="120.72049344693701">
    <ele>1309.6071472831804</ele>
    <time>2026-05-09T00:59:12Z</time>
</trkpt><trkpt lat="23.61162320653971" lon="120.72050609648868">
    <ele>1311.0856188321611</ele>
    <time>2026-05-09T00:59:18Z</time>
</trkpt><trkpt lat="23.611612911361004" lon="120.72051908755586">
    <ele>1313.1449809714363</ele>
    <time>2026-05-09T00:59:24Z</time>
</trkpt><trkpt lat="23.61159740080104" lon="120.7205385619317">
    <ele>1313.6632291496744</ele>
    <time>2026-05-09T00:59:30Z</time>
</trkpt><trkpt lat="23.611584486991063" lon="120.72055492513363">
    <ele>1314.6782586830639</ele>
    <time>2026-05-09T00:59:36Z</time>
</trkpt><trkpt lat="23.611574626430127" lon="120.72057249239562">
    <ele>1316.9499841824522</ele>
    <time>2026-05-09T00:59:42Z</time>
</trkpt><trkpt lat="23.611559407045974" lon="120.72058751827875">
    <ele>1318.1286418018394</ele>
    <time>2026-05-09T00:59:48Z</time>
</trkpt><trkpt lat="23.611544975001394" lon="120.72060507643039">
    <ele>1320.0745342919415</ele>
    <time>2026-05-09T00:59:54Z</time>
</trkpt><trkpt lat="23.611532434540422" lon="120.72062039261088">
    <ele>1322.8791273263564</ele>
    <time>2026-05-09T01:00:00Z</time>
</trkpt><trkpt lat="23.611516503697647" lon="120.72064126110477">
    <ele>1323.2077781661653</ele>
    <time>2026-05-09T01:00:06Z</time>
</trkpt><trkpt lat="23.611508596353936" lon="120.72064949458613">
    <ele>1323.8586007439073</ele>
    <time>2026-05-09T01:00:12Z</time>
</trkpt><trkpt lat="23.611508375635637" lon="120.72064859602241">
    <ele>1325.4205059572812</ele>
    <time>2026-05-09T01:00:17Z</time>
</trkpt><trkpt lat="23.61151353225749" lon="120.72064444996012">
    <ele>1326.6389086618449</ele>
    <time>2026-05-09T01:00:24Z</time>
</trkpt><trkpt lat="23.611514278382217" lon="120.72064454863488">
    <ele>1325.5166579330985</ele>
    <time>2026-05-09T01:00:30Z</time>
</trkpt><trkpt lat="23.611514783098464" lon="120.72064397359269">
    <ele>1324.273248007992</ele>
    <time>2026-05-09T01:00:36Z</time>
</trkpt><trkpt lat="23.61150719221458" lon="120.7206538625368">
    <ele>1324.8551920699967</ele>
    <time>2026-05-09T01:00:42Z</time>
</trkpt><trkpt lat="23.611490813790837" lon="120.72067541322782">
    <ele>1327.3237214129563</ele>
    <time>2026-05-09T01:00:48Z</time>
</trkpt><trkpt lat="23.611471553930983" lon="120.7207008346303">
    <ele>1327.1824927502937</ele>
    <time>2026-05-09T01:00:54Z</time>
</trkpt><trkpt lat="23.611459984834735" lon="120.72071631382664">
    <ele>1325.7649929730424</ele>
    <time>2026-05-09T01:01:00Z</time>
</trkpt><trkpt lat="23.611447429982608" lon="120.72073355326711">
    <ele>1325.7677098269899</ele>
    <time>2026-05-09T01:01:06Z</time>
</trkpt><trkpt lat="23.611433968570957" lon="120.72075207738838">
    <ele>1328.2422823063264</ele>
    <time>2026-05-09T01:01:12Z</time>
</trkpt><trkpt lat="23.611428045146383" lon="120.72076036541274">
    <ele>1330.7921731282856</ele>
    <time>2026-05-09T01:01:18Z</time>
</trkpt><trkpt lat="23.611420259425184" lon="120.72077143421966">
    <ele>1332.603386164709</ele>
    <time>2026-05-09T01:01:24Z</time>
</trkpt><trkpt lat="23.611411229574927" lon="120.72078426266648">
    <ele>1333.4076273772212</ele>
    <time>2026-05-09T01:01:30Z</time>
</trkpt><trkpt lat="23.611399501913755" lon="120.72080088785167">
    <ele>1334.811137115312</ele>
    <time>2026-05-09T01:01:36Z</time>
</trkpt><trkpt lat="23.611390762005666" lon="120.72081326866454">
    <ele>1334.9009775638647</ele>
    <time>2026-05-09T01:01:42Z</time>
</trkpt><trkpt lat="23.611385611022715" lon="120.72082056369983">
    <ele>1335.7788442440844</ele>
    <time>2026-05-09T01:01:48Z</time>
</trkpt><trkpt lat="23.61137453425862" lon="120.7208372074229">
    <ele>1336.641930721764</ele>
    <time>2026-05-09T01:01:54Z</time>
</trkpt><trkpt lat="23.611360646758126" lon="120.72085851413631">
    <ele>1337.159006575679</ele>
    <time>2026-05-09T01:02:00Z</time>
</trkpt><trkpt lat="23.611348643554507" lon="120.72087700610483">
    <ele>1338.7238156901228</ele>
    <time>2026-05-09T01:02:05Z</time>
</trkpt><trkpt lat="23.611332374843727" lon="120.72090428798798">
    <ele>1339.5925676314628</ele>
    <time>2026-05-09T01:02:11Z</time>
</trkpt><trkpt lat="23.611322790439793" lon="120.72092105182391">
    <ele>1342.228689807805</ele>
    <time>2026-05-09T01:02:17Z</time>
</trkpt><trkpt lat="23.61131343692463" lon="120.72093863122181">
    <ele>1343.4191115647304</ele>
    <time>2026-05-09T01:02:23Z</time>
</trkpt><trkpt lat="23.611302989402663" lon="120.72096358774972">
    <ele>1344.7371546560114</ele>
    <time>2026-05-09T01:02:30Z</time>
</trkpt><trkpt lat="23.61129599572728" lon="120.72098297302367">
    <ele>1346.8113681776947</ele>
    <time>2026-05-09T01:02:36Z</time>
</trkpt><trkpt lat="23.611292576148" lon="120.72099668815297">
    <ele>1347.0679254958502</ele>
    <time>2026-05-09T01:02:42Z</time>
</trkpt><trkpt lat="23.61128922576769" lon="120.72101599558894">
    <ele>1348.3503298202168</ele>
    <time>2026-05-09T01:02:48Z</time>
</trkpt><trkpt lat="23.611286482040203" lon="120.72103223658395">
    <ele>1349.8593662562241</ele>
    <time>2026-05-09T01:02:54Z</time>
</trkpt><trkpt lat="23.61127934118761" lon="120.72104046764325">
    <ele>1351.3804653101029</ele>
    <time>2026-05-09T01:03:00Z</time>
</trkpt><trkpt lat="23.611233476072705" lon="120.72105935989201">
    <ele>1352.7580190473839</ele>
    <time>2026-05-09T01:03:06Z</time>
</trkpt><trkpt lat="23.611198606006027" lon="120.72108977267021">
    <ele>1354.9920119792016</ele>
    <time>2026-05-09T01:03:12Z</time>
</trkpt><trkpt lat="23.611195070011217" lon="120.72112873339383">
    <ele>1355.4019056112493</ele>
    <time>2026-05-09T01:03:18Z</time>
</trkpt><trkpt lat="23.61122918740865" lon="120.72116581564131">
    <ele>1354.473735127734</ele>
    <time>2026-05-09T01:03:24Z</time>
</trkpt><trkpt lat="23.611277996273856" lon="120.72120679658323">
    <ele>1354.5673417418916</ele>
    <time>2026-05-09T01:03:30Z</time>
</trkpt><trkpt lat="23.611288737475995" lon="120.72123476149248">
    <ele>1354.9475307126781</ele>
    <time>2026-05-09T01:03:36Z</time>
</trkpt><trkpt lat="23.61128837419992" lon="120.72122014849438">
    <ele>1355.6304992574685</ele>
    <time>2026-05-09T01:03:42Z</time>
</trkpt><trkpt lat="23.61128807931556" lon="120.72118992188925">
    <ele>1353.788488305153</ele>
    <time>2026-05-09T01:03:48Z</time>
</trkpt><trkpt lat="23.61128911003635" lon="120.72115439044269">
    <ele>1353.8824965339252</ele>
    <time>2026-05-09T01:03:54Z</time>
</trkpt><trkpt lat="23.611289325496376" lon="120.72112792315265">
    <ele>1353.8830023831722</ele>
    <time>2026-05-09T01:04:00Z</time>
</trkpt><trkpt lat="23.61128907096815" lon="120.72111895754432">
    <ele>1353.8241048191533</ele>
    <time>2026-05-09T01:04:05Z</time>
</trkpt><trkpt lat="23.61128894144618" lon="120.72111961144492">
    <ele>1353.334346139297</ele>
    <time>2026-05-09T01:04:11Z</time>
</trkpt><trkpt lat="23.611288881780382" lon="120.7211205812155">
    <ele>1352.7155606694205</ele>
    <time>2026-05-09T01:04:17Z</time>
</trkpt><trkpt lat="23.61128886438911" lon="120.72112072388342">
    <ele>1352.8825173873406</ele>
    <time>2026-05-09T01:04:23Z</time>
</trkpt><trkpt lat="23.61128882476913" lon="120.72111975059583">
    <ele>1352.3499208964167</ele>
    <time>2026-05-09T01:04:29Z</time>
</trkpt><trkpt lat="23.611288661659387" lon="120.7211161246724">
    <ele>1351.4919064302173</ele>
    <time>2026-05-09T01:04:35Z</time>
</trkpt><trkpt lat="23.611288140394574" lon="120.72110492468622">
    <ele>1351.5738699090261</ele>
    <time>2026-05-09T01:04:41Z</time>
</trkpt><trkpt lat="23.611287929102062" lon="120.72110040551634">
    <ele>1352.4789928593393</ele>
    <time>2026-05-09T01:04:47Z</time>
</trkpt><trkpt lat="23.61128800762432" lon="120.7211020925817">
    <ele>1353.23708671607</ele>
    <time>2026-05-09T01:04:53Z</time>
</trkpt><trkpt lat="23.611287954915266" lon="120.7211009701268">
    <ele>1354.0945049064348</ele>
    <time>2026-05-09T01:04:59Z</time>
</trkpt><trkpt lat="23.611289116374856" lon="120.7211258009591">
    <ele>1354.1835449442424</ele>
    <time>2026-05-09T01:05:05Z</time>
</trkpt><trkpt lat="23.61128703565278" lon="120.72118638397527">
    <ele>1355.3957996370134</ele>
    <time>2026-05-09T01:05:11Z</time>
</trkpt><trkpt lat="23.61122075091114" lon="120.72120745182823">
    <ele>1355.240337740013</ele>
    <time>2026-05-09T01:05:17Z</time>
</trkpt><trkpt lat="23.611200766766864" lon="120.72120313604624">
    <ele>1355.2672574536168</ele>
    <time>2026-05-09T01:05:23Z</time>
</trkpt><trkpt lat="23.611195671043333" lon="120.72119823356648">
    <ele>1356.1265361844014</ele>
    <time>2026-05-09T01:05:29Z</time>
</trkpt><trkpt lat="23.611196386658236" lon="120.72119664709395">
    <ele>1357.2954626101841</ele>
    <time>2026-05-09T01:05:35Z</time>
</trkpt><trkpt lat="23.611194121239627" lon="120.72119397680312">
    <ele>1358.8121229327483</ele>
    <time>2026-05-09T01:05:41Z</time>
</trkpt><trkpt lat="23.611193412965896" lon="120.72119333732316">
    <ele>1359.1806342007899</ele>
    <time>2026-05-09T01:05:47Z</time>
</trkpt><trkpt lat="23.611194054634623" lon="120.72119474108028">
    <ele>1359.2040243447507</ele>
    <time>2026-05-09T01:05:53Z</time>
</trkpt><trkpt lat="23.61120125114541" lon="120.72120489735097">
    <ele>1359.5990086731515</ele>
    <time>2026-05-09T01:05:59Z</time>
</trkpt><trkpt lat="23.611201956239626" lon="120.72120695415933">
    <ele>1359.1806124827822</ele>
    <time>2026-05-09T01:06:05Z</time>
</trkpt><trkpt lat="23.611203249898672" lon="120.72120598574385">
    <ele>1359.687703296315</ele>
    <time>2026-05-09T01:06:10Z</time>
</trkpt><trkpt lat="23.61120741310671" lon="120.72120873690906">
    <ele>1358.033295631093</ele>
    <time>2026-05-09T01:06:16Z</time>
</trkpt><trkpt lat="23.611215089467088" lon="120.7212226608791">
    <ele>1357.8466171877362</ele>
    <time>2026-05-09T01:06:22Z</time>
</trkpt><trkpt lat="23.611219361667995" lon="120.72124370014846">
    <ele>1357.4757704335143</ele>
    <time>2026-05-09T01:06:28Z</time>
</trkpt><trkpt lat="23.61120832751755" lon="120.72128415506073">
    <ele>1358.532547086522</ele>
    <time>2026-05-09T01:06:34Z</time>
</trkpt><trkpt lat="23.611203404603454" lon="120.72131353540699">
    <ele>1360.5795249356484</ele>
    <time>2026-05-09T01:06:41Z</time>
</trkpt><trkpt lat="23.611194310345894" lon="120.7213621900916">
    <ele>1358.932272083008</ele>
    <time>2026-05-09T01:06:47Z</time>
</trkpt><trkpt lat="23.611197742225134" lon="120.72141213775545">
    <ele>1358.8719755360887</ele>
    <time>2026-05-09T01:06:53Z</time>
</trkpt><trkpt lat="23.611203857841957" lon="120.72144579341716">
    <ele>1358.6009435937315</ele>
    <time>2026-05-09T01:06:59Z</time>
</trkpt><trkpt lat="23.611198958390172" lon="120.72146490723881">
    <ele>1358.1102916724624</ele>
    <time>2026-05-09T01:07:05Z</time>
</trkpt><trkpt lat="23.611184201193076" lon="120.72148984460868">
    <ele>1361.3965470786789</ele>
    <time>2026-05-09T01:07:11Z</time>
</trkpt><trkpt lat="23.61118316503164" lon="120.72152510552304">
    <ele>1363.7314323767687</ele>
    <time>2026-05-09T01:07:17Z</time>
</trkpt><trkpt lat="23.61119103286307" lon="120.72156105381748">
    <ele>1365.0803419926242</ele>
    <time>2026-05-09T01:07:23Z</time>
</trkpt><trkpt lat="23.611197063566166" lon="120.72158346379466">
    <ele>1365.3949499118307</ele>
    <time>2026-05-09T01:07:29Z</time>
</trkpt><trkpt lat="23.611203294077114" lon="120.72161376542535">
    <ele>1365.2143686715574</ele>
    <time>2026-05-09T01:07:35Z</time>
</trkpt><trkpt lat="23.61120682860972" lon="120.72165653568248">
    <ele>1366.9366119675685</ele>
    <time>2026-05-09T01:07:41Z</time>
</trkpt><trkpt lat="23.61120546897319" lon="120.72169467271205">
    <ele>1369.547479113892</ele>
    <time>2026-05-09T01:07:47Z</time>
</trkpt><trkpt lat="23.611195521536672" lon="120.72172097905514">
    <ele>1370.6770106224722</ele>
    <time>2026-05-09T01:07:53Z</time>
</trkpt><trkpt lat="23.611188767926713" lon="120.7217431167784">
    <ele>1372.5708647522224</ele>
    <time>2026-05-09T01:07:59Z</time>
</trkpt><trkpt lat="23.611181913560706" lon="120.72177789503468">
    <ele>1371.9301185450622</ele>
    <time>2026-05-09T01:08:04Z</time>
</trkpt><trkpt lat="23.611179843155494" lon="120.72180109534696">
    <ele>1371.8100815538094</ele>
    <time>2026-05-09T01:08:10Z</time>
</trkpt><trkpt lat="23.61118222011827" lon="120.72182152090717">
    <ele>1372.9094425583924</ele>
    <time>2026-05-09T01:08:16Z</time>
</trkpt><trkpt lat="23.611177376956284" lon="120.72185418278413">
    <ele>1376.1306724394822</ele>
    <time>2026-05-09T01:08:22Z</time>
</trkpt><trkpt lat="23.611173170369437" lon="120.72187374825661">
    <ele>1379.4831653213143</ele>
    <time>2026-05-09T01:08:28Z</time>
</trkpt><trkpt lat="23.611169963741048" lon="120.72188729018517">
    <ele>1379.7252381617295</ele>
    <time>2026-05-09T01:08:34Z</time>
</trkpt><trkpt lat="23.611163985231414" lon="120.72191526522911">
    <ele>1380.6123372455104</ele>
    <time>2026-05-09T01:08:40Z</time>
</trkpt><trkpt lat="23.61115975674597" lon="120.72193554692313">
    <ele>1381.2648172889537</ele>
    <time>2026-05-09T01:08:47Z</time>
</trkpt><trkpt lat="23.6111565949546" lon="120.72195085698506">
    <ele>1381.1217812618595</ele>
    <time>2026-05-09T01:08:52Z</time>
</trkpt><trkpt lat="23.611153169291963" lon="120.72196461769367">
    <ele>1381.2863480993524</ele>
    <time>2026-05-09T01:08:57Z</time>
</trkpt><trkpt lat="23.61114954869573" lon="120.72198384329144">
    <ele>1382.980549934794</ele>
    <time>2026-05-09T01:09:03Z</time>
</trkpt><trkpt lat="23.61114290224213" lon="120.72200861481794">
    <ele>1384.8710252580017</ele>
    <time>2026-05-09T01:09:09Z</time>
</trkpt><trkpt lat="23.611139641127238" lon="120.7220319509582">
    <ele>1386.6322608793423</ele>
    <time>2026-05-09T01:09:15Z</time>
</trkpt><trkpt lat="23.611135545365308" lon="120.72205219888892">
    <ele>1388.5467197226628</ele>
    <time>2026-05-09T01:09:21Z</time>
</trkpt><trkpt lat="23.611129398544538" lon="120.72207690832624">
    <ele>1389.7066273181451</ele>
    <time>2026-05-09T01:09:27Z</time>
</trkpt><trkpt lat="23.611123023061776" lon="120.72209898212802">
    <ele>1391.824897992319</ele>
    <time>2026-05-09T01:09:33Z</time>
</trkpt><trkpt lat="23.611114832470395" lon="120.72213217249994">
    <ele>1392.6252811083639</ele>
    <time>2026-05-09T01:09:39Z</time>
</trkpt><trkpt lat="23.61110621964463" lon="120.7221537193871">
    <ele>1394.5674823294557</ele>
    <time>2026-05-09T01:09:45Z</time>
</trkpt><trkpt lat="23.61109697862587" lon="120.72216934462271">
    <ele>1395.9955722208701</ele>
    <time>2026-05-09T01:09:51Z</time>
</trkpt><trkpt lat="23.61108845446332" lon="120.72219689661205">
    <ele>1397.0999654878203</ele>
    <time>2026-05-09T01:09:57Z</time>
</trkpt><trkpt lat="23.61107839386697" lon="120.72223370904386">
    <ele>1397.8615937904697</ele>
    <time>2026-05-09T01:10:03Z</time>
</trkpt><trkpt lat="23.61107082341977" lon="120.72226212945662">
    <ele>1399.756508883929</ele>
    <time>2026-05-09T01:10:08Z</time>
</trkpt><trkpt lat="23.61107701851868" lon="120.72226389586652">
    <ele>1399.7978465539197</ele>
    <time>2026-05-09T01:10:14Z</time>
</trkpt><trkpt lat="23.61107721823374" lon="120.72226932353476">
    <ele>1400.9923985736152</ele>
    <time>2026-05-09T01:10:20Z</time>
</trkpt><trkpt lat="23.611065312626792" lon="120.72228159308925">
    <ele>1401.6326524883207</ele>
    <time>2026-05-09T01:10:26Z</time>
</trkpt><trkpt lat="23.611055086460006" lon="120.72230219961162">
    <ele>1401.3576100868847</ele>
    <time>2026-05-09T01:10:32Z</time>
</trkpt><trkpt lat="23.611039103626617" lon="120.72234246152965">
    <ele>1402.2182002591292</ele>
    <time>2026-05-09T01:10:38Z</time>
</trkpt><trkpt lat="23.611026848532298" lon="120.72237172891654">
    <ele>1401.7510770815802</ele>
    <time>2026-05-09T01:10:44Z</time>
</trkpt><trkpt lat="23.61102395747581" lon="120.72237841717002">
    <ele>1403.054395388962</ele>
    <time>2026-05-09T01:10:50Z</time>
</trkpt><trkpt lat="23.611020496499645" lon="120.7223861632565">
    <ele>1403.0332891322273</ele>
    <time>2026-05-09T01:10:56Z</time>
</trkpt><trkpt lat="23.61100964864564" lon="120.72240765293864">
    <ele>1403.3794562176345</ele>
    <time>2026-05-09T01:11:02Z</time>
</trkpt><trkpt lat="23.610995769182214" lon="120.72243381695253">
    <ele>1404.6885743501982</ele>
    <time>2026-05-09T01:11:08Z</time>
</trkpt><trkpt lat="23.610982602954408" lon="120.72245651193842">
    <ele>1405.0853646518513</ele>
    <time>2026-05-09T01:11:14Z</time>
</trkpt><trkpt lat="23.610971682661813" lon="120.7224743218497">
    <ele>1407.0069416447104</ele>
    <time>2026-05-09T01:11:20Z</time>
</trkpt><trkpt lat="23.610963140844078" lon="120.72248691434815">
    <ele>1409.676838460247</ele>
    <time>2026-05-09T01:11:26Z</time>
</trkpt><trkpt lat="23.610945480397287" lon="120.72250967006445">
    <ele>1410.1053308023843</ele>
    <time>2026-05-09T01:11:32Z</time>
</trkpt><trkpt lat="23.61092904092068" lon="120.72252862676541">
    <ele>1411.6355241962442</ele>
    <time>2026-05-09T01:11:38Z</time>
</trkpt><trkpt lat="23.610918971852566" lon="120.72253950367214">
    <ele>1414.170549665032</ele>
    <time>2026-05-09T01:11:44Z</time>
</trkpt><trkpt lat="23.610902415445636" lon="120.72255751192351">
    <ele>1415.6364192814362</ele>
    <time>2026-05-09T01:11:50Z</time>
</trkpt><trkpt lat="23.61088591949956" lon="120.72257461527217">
    <ele>1415.8158367441704</ele>
    <time>2026-05-09T01:11:56Z</time>
</trkpt><trkpt lat="23.610871515149636" lon="120.72258927055739">
    <ele>1416.5178805805704</ele>
    <time>2026-05-09T01:12:02Z</time>
</trkpt><trkpt lat="23.610856915915097" lon="120.72260410931287">
    <ele>1415.3948642581286</ele>
    <time>2026-05-09T01:12:08Z</time>
</trkpt><trkpt lat="23.610843416847832" lon="120.72261786923875">
    <ele>1414.488084544859</ele>
    <time>2026-05-09T01:12:14Z</time>
</trkpt><trkpt lat="23.610834262100212" lon="120.72262721723946">
    <ele>1414.6156240144642</ele>
    <time>2026-05-09T01:12:20Z</time>
</trkpt><trkpt lat="23.610830533022927" lon="120.72263102910425">
    <ele>1415.0809893870885</ele>
    <time>2026-05-09T01:12:25Z</time>
</trkpt><trkpt lat="23.610820346549808" lon="120.72264143290363">
    <ele>1417.6801034112937</ele>
    <time>2026-05-09T01:12:31Z</time>
</trkpt><trkpt lat="23.610805465897382" lon="120.7226566187458">
    <ele>1419.9957567555934</ele>
    <time>2026-05-09T01:12:37Z</time>
</trkpt><trkpt lat="23.61078264960356" lon="120.72268121320454">
    <ele>1419.6428850588925</ele>
    <time>2026-05-09T01:12:43Z</time>
</trkpt><trkpt lat="23.610770052563502" lon="120.72269497813407">
    <ele>1419.3850450949983</ele>
    <time>2026-05-09T01:12:49Z</time>
</trkpt><trkpt lat="23.610755416808598" lon="120.72271098812865">
    <ele>1420.556112704337</ele>
    <time>2026-05-09T01:12:55Z</time>
</trkpt><trkpt lat="23.610743501391685" lon="120.7227239941215">
    <ele>1420.5161593138905</ele>
    <time>2026-05-09T01:13:01Z</time>
</trkpt><trkpt lat="23.610733218580197" lon="120.72273570950618">
    <ele>1421.6598064952811</ele>
    <time>2026-05-09T01:13:07Z</time>
</trkpt><trkpt lat="23.610728588933846" lon="120.72274113814626">
    <ele>1423.9118268143454</ele>
    <time>2026-05-09T01:13:13Z</time>
</trkpt><trkpt lat="23.61071907167965" lon="120.72275222320548">
    <ele>1425.3797266840356</ele>
    <time>2026-05-09T01:13:19Z</time>
</trkpt><trkpt lat="23.610702984308148" lon="120.72277065654666">
    <ele>1426.467300835765</ele>
    <time>2026-05-09T01:13:25Z</time>
</trkpt><trkpt lat="23.610687796007436" lon="120.72278657827808">
    <ele>1427.802932140652</ele>
    <time>2026-05-09T01:13:31Z</time>
</trkpt><trkpt lat="23.610669506533288" lon="120.72280500051363">
    <ele>1429.3288416508572</ele>
    <time>2026-05-09T01:13:37Z</time>
</trkpt><trkpt lat="23.61065407607754" lon="120.72282048115994">
    <ele>1430.9473157477769</ele>
    <time>2026-05-09T01:13:43Z</time>
</trkpt><trkpt lat="23.610641453868084" lon="120.72283291071496">
    <ele>1432.3701605788071</ele>
    <time>2026-05-09T01:13:49Z</time>
</trkpt><trkpt lat="23.610639591104416" lon="120.72283470473833">
    <ele>1433.24710218129</ele>
    <time>2026-05-09T01:13:55Z</time>
</trkpt><trkpt lat="23.610653251883626" lon="120.72282117344147">
    <ele>1432.702706566056</ele>
    <time>2026-05-09T01:14:01Z</time>
</trkpt><trkpt lat="23.610663961711797" lon="120.72281045247826">
    <ele>1432.455551679113</ele>
    <time>2026-05-09T01:14:07Z</time>
</trkpt><trkpt lat="23.610656838150245" lon="120.72281766953645">
    <ele>1431.7971819546633</ele>
    <time>2026-05-09T01:14:13Z</time>
</trkpt><trkpt lat="23.61065446416203" lon="120.72282005654384">
    <ele>1431.786705852419</ele>
    <time>2026-05-09T01:14:19Z</time>
</trkpt><trkpt lat="23.610654680555843" lon="120.72281982876976">
    <ele>1433.1869310112365</ele>
    <time>2026-05-09T01:14:24Z</time>
</trkpt><trkpt lat="23.61065496690205" lon="120.72281953727467">
    <ele>1433.8035281500138</ele>
    <time>2026-05-09T01:14:30Z</time>
</trkpt><trkpt lat="23.610655312389472" lon="120.72281918830797">
    <ele>1433.9172883770218</ele>
    <time>2026-05-09T01:14:36Z</time>
</trkpt><trkpt lat="23.61065521437051" lon="120.72281928809466">
    <ele>1433.629879673613</ele>
    <time>2026-05-09T01:14:42Z</time>
</trkpt><trkpt lat="23.61065258473064" lon="120.72282194265793">
    <ele>1434.1692965604489</ele>
    <time>2026-05-09T01:14:48Z</time>
</trkpt><trkpt lat="23.61065236569792" lon="120.72282216863954">
    <ele>1434.2732382094043</ele>
    <time>2026-05-09T01:14:54Z</time>
</trkpt><trkpt lat="23.610639741685574" lon="120.7228090031088">
    <ele>1433.9463570657733</ele>
    <time>2026-05-09T01:15:00Z</time>
</trkpt><trkpt lat="23.610635235022254" lon="120.72280496874748">
    <ele>1433.2832966933527</ele>
    <time>2026-05-09T01:15:06Z</time>
</trkpt><trkpt lat="23.610634837241406" lon="120.7228052618955">
    <ele>1432.9848053330259</ele>
    <time>2026-05-09T01:15:11Z</time>
</trkpt><trkpt lat="23.61063691293244" lon="120.72280604189383">
    <ele>1433.0510159222622</ele>
    <time>2026-05-09T01:15:17Z</time>
</trkpt><trkpt lat="23.610641273556833" lon="120.7228055887655">
    <ele>1433.1648147232268</ele>
    <time>2026-05-09T01:15:23Z</time>
</trkpt><trkpt lat="23.610640958241873" lon="120.72280864117944">
    <ele>1432.7142740951626</ele>
    <time>2026-05-09T01:15:29Z</time>
</trkpt><trkpt lat="23.610638867487012" lon="120.72281058146545">
    <ele>1432.0480391756323</ele>
    <time>2026-05-09T01:15:35Z</time>
</trkpt><trkpt lat="23.610633556167613" lon="120.72281305611993">
    <ele>1431.3118444450286</ele>
    <time>2026-05-09T01:15:41Z</time>
</trkpt><trkpt lat="23.6106301745012" lon="120.72281774724553">
    <ele>1430.713760345714</ele>
    <time>2026-05-09T01:15:47Z</time>
</trkpt><trkpt lat="23.610631990913618" lon="120.72281696479753">
    <ele>1430.910160403456</ele>
    <time>2026-05-09T01:15:53Z</time>
</trkpt><trkpt lat="23.610635287167483" lon="120.72281213892377">
    <ele>1431.5179972162637</ele>
    <time>2026-05-09T01:15:59Z</time>
</trkpt><trkpt lat="23.61063991658926" lon="120.72280977033058">
    <ele>1431.7864093983917</ele>
    <time>2026-05-09T01:16:05Z</time>
</trkpt><trkpt lat="23.61063743895375" lon="120.72281406739228">
    <ele>1432.255260171795</ele>
    <time>2026-05-09T01:16:11Z</time>
</trkpt><trkpt lat="23.610609368893684" lon="120.72280414008733">
    <ele>1434.2432344377949</ele>
    <time>2026-05-09T01:16:17Z</time>
</trkpt><trkpt lat="23.610564017676452" lon="120.72280540697845">
    <ele>1433.9150449316658</ele>
    <time>2026-05-09T01:16:23Z</time>
</trkpt><trkpt lat="23.61053051222221" lon="120.72280571086546">
    <ele>1435.973117115879</ele>
    <time>2026-05-09T01:16:28Z</time>
</trkpt><trkpt lat="23.610502709286564" lon="120.72281523068473">
    <ele>1437.0891642036433</ele>
    <time>2026-05-09T01:16:34Z</time>
</trkpt><trkpt lat="23.610470585882645" lon="120.72283176506525">
    <ele>1437.5472954924494</ele>
    <time>2026-05-09T01:16:40Z</time>
</trkpt><trkpt lat="23.610448551809604" lon="120.72285445143008">
    <ele>1438.9470627915307</ele>
    <time>2026-05-09T01:16:46Z</time>
</trkpt><trkpt lat="23.61042914652766" lon="120.72287988690294">
    <ele>1440.5461951370191</ele>
    <time>2026-05-09T01:16:52Z</time>
</trkpt><trkpt lat="23.610416328046774" lon="120.72291075789236">
    <ele>1443.3630356141362</ele>
    <time>2026-05-09T01:16:58Z</time>
</trkpt><trkpt lat="23.610399603034498" lon="120.7229204870565">
    <ele>1444.883181185508</ele>
    <time>2026-05-09T01:17:04Z</time>
</trkpt><trkpt lat="23.61038094856311" lon="120.72292960192203">
    <ele>1446.7247500265023</ele>
    <time>2026-05-09T01:17:11Z</time>
</trkpt><trkpt lat="23.610364546389413" lon="120.72293860144123">
    <ele>1447.6979907875334</ele>
    <time>2026-05-09T01:17:16Z</time>
</trkpt><trkpt lat="23.610350970970835" lon="120.72295330807387">
    <ele>1448.507271230678</ele>
    <time>2026-05-09T01:17:21Z</time>
</trkpt><trkpt lat="23.610335369180195" lon="120.72297245275469">
    <ele>1449.1497277322412</ele>
    <time>2026-05-09T01:17:27Z</time>
</trkpt><trkpt lat="23.6103195727635" lon="120.72299499547621">
    <ele>1451.1634620011578</ele>
    <time>2026-05-09T01:17:33Z</time>
</trkpt><trkpt lat="23.610300141572452" lon="120.72301945928857">
    <ele>1452.5604543390682</ele>
    <time>2026-05-09T01:17:39Z</time>
</trkpt><trkpt lat="23.61027587534964" lon="120.72304192722054">
    <ele>1453.5695851125856</ele>
    <time>2026-05-09T01:17:45Z</time>
</trkpt><trkpt lat="23.610265500668806" lon="120.723077152398">
    <ele>1453.0218405228804</ele>
    <time>2026-05-09T01:17:51Z</time>
</trkpt><trkpt lat="23.610257283030414" lon="120.72311101795746">
    <ele>1454.3736960711067</ele>
    <time>2026-05-09T01:17:57Z</time>
</trkpt><trkpt lat="23.610255777600855" lon="120.72314384249037">
    <ele>1454.612166499441</ele>
    <time>2026-05-09T01:18:03Z</time>
</trkpt><trkpt lat="23.61026762121837" lon="120.72314853932498">
    <ele>1457.0051022417517</ele>
    <time>2026-05-09T01:18:09Z</time>
</trkpt><trkpt lat="23.61026129297041" lon="120.72317272082746">
    <ele>1458.1035037132326</ele>
    <time>2026-05-09T01:18:15Z</time>
</trkpt><trkpt lat="23.61023601389214" lon="120.72318972813231">
    <ele>1458.4163177599653</ele>
    <time>2026-05-09T01:18:21Z</time>
</trkpt><trkpt lat="23.610241122134866" lon="120.72319772389763">
    <ele>1458.6357526865334</ele>
    <time>2026-05-09T01:18:27Z</time>
</trkpt><trkpt lat="23.610245506086773" lon="120.72319895690649">
    <ele>1458.938669021578</ele>
    <time>2026-05-09T01:18:33Z</time>
</trkpt><trkpt lat="23.610221899221887" lon="120.72322577826597">
    <ele>1458.5916654684966</ele>
    <time>2026-05-09T01:18:39Z</time>
</trkpt><trkpt lat="23.610203306971577" lon="120.72324482844417">
    <ele>1458.0848212234002</ele>
    <time>2026-05-09T01:18:44Z</time>
</trkpt><trkpt lat="23.610189628285074" lon="120.72324555249347">
    <ele>1457.3279830420229</ele>
    <time>2026-05-09T01:18:50Z</time>
</trkpt><trkpt lat="23.610187494751358" lon="120.72324314522137">
    <ele>1457.1332134419408</ele>
    <time>2026-05-09T01:18:56Z</time>
</trkpt><trkpt lat="23.61018870513026" lon="120.72324184769457">
    <ele>1457.1627646833347</ele>
    <time>2026-05-09T01:19:02Z</time>
</trkpt><trkpt lat="23.61019111618777" lon="120.7232422740927">
    <ele>1455.7383892316095</ele>
    <time>2026-05-09T01:19:08Z</time>
</trkpt><trkpt lat="23.610192547845553" lon="120.72324769533547">
    <ele>1455.4116939035248</ele>
    <time>2026-05-09T01:19:14Z</time>
</trkpt><trkpt lat="23.610194468608437" lon="120.72325797726582">
    <ele>1455.398345064828</ele>
    <time>2026-05-09T01:19:20Z</time>
</trkpt><trkpt lat="23.61019645895265" lon="120.72326292402913">
    <ele>1455.8589149577247</ele>
    <time>2026-05-09T01:19:25Z</time>
</trkpt><trkpt lat="23.61019702103813" lon="120.72326368998964">
    <ele>1456.0656664594421</ele>
    <time>2026-05-09T01:19:30Z</time>
</trkpt><trkpt lat="23.61019694176895" lon="120.72326303706454">
    <ele>1456.102403456315</ele>
    <time>2026-05-09T01:19:36Z</time>
</trkpt><trkpt lat="23.610204651558245" lon="120.72327128252348">
    <ele>1456.454170085589</ele>
    <time>2026-05-09T01:19:42Z</time>
</trkpt><trkpt lat="23.610210248448688" lon="120.72327513750143">
    <ele>1457.9859371263053</ele>
    <time>2026-05-09T01:19:48Z</time>
</trkpt><trkpt lat="23.61020452104254" lon="120.72328495955053">
    <ele>1459.268686319349</ele>
    <time>2026-05-09T01:19:54Z</time>
</trkpt><trkpt lat="23.610156774010637" lon="120.72330315314925">
    <ele>1459.7957926594631</ele>
    <time>2026-05-09T01:20:00Z</time>
</trkpt><trkpt lat="23.61011041900818" lon="120.72332328430372">
    <ele>1460.1287725831314</ele>
    <time>2026-05-09T01:20:06Z</time>
</trkpt><trkpt lat="23.61009009156123" lon="120.72334189423584">
    <ele>1461.3737059986195</ele>
    <time>2026-05-09T01:20:12Z</time>
</trkpt><trkpt lat="23.610086521759058" lon="120.723377186441">
    <ele>1464.65286729328</ele>
    <time>2026-05-09T01:20:18Z</time>
</trkpt><trkpt lat="23.610094450405377" lon="120.72338117790069">
    <ele>1465.2919350418965</ele>
    <time>2026-05-09T01:20:24Z</time>
</trkpt><trkpt lat="23.610097428827547" lon="120.72337889857656">
    <ele>1464.4748217760648</ele>
    <time>2026-05-09T01:20:30Z</time>
</trkpt><trkpt lat="23.610101488262558" lon="120.72337217029695">
    <ele>1463.4356169926418</ele>
    <time>2026-05-09T01:20:36Z</time>
</trkpt><trkpt lat="23.610104549721694" lon="120.72336744076746">
    <ele>1460.9289463833256</ele>
    <time>2026-05-09T01:20:42Z</time>
</trkpt><trkpt lat="23.610105794282585" lon="120.72336575101774">
    <ele>1459.4936416033388</ele>
    <time>2026-05-09T01:20:47Z</time>
</trkpt><trkpt lat="23.61010661245846" lon="120.72336485971385">
    <ele>1459.8011519344004</ele>
    <time>2026-05-09T01:20:53Z</time>
</trkpt><trkpt lat="23.610099915049" lon="120.72337309957473">
    <ele>1461.1638940580222</ele>
    <time>2026-05-09T01:20:59Z</time>
</trkpt><trkpt lat="23.6101000032024" lon="120.72337288336786">
    <ele>1463.32674449332</ele>
    <time>2026-05-09T01:21:05Z</time>
</trkpt><trkpt lat="23.610106640715436" lon="120.72336492373304">
    <ele>1464.1021902575815</ele>
    <time>2026-05-09T01:21:11Z</time>
</trkpt><trkpt lat="23.610110077194097" lon="120.7233608238687">
    <ele>1463.2839079962396</ele>
    <time>2026-05-09T01:21:17Z</time>
</trkpt><trkpt lat="23.610110996695003" lon="120.7233597350693">
    <ele>1462.31020439267</ele>
    <time>2026-05-09T01:21:23Z</time>
</trkpt><trkpt lat="23.610106994662694" lon="120.72336449264102">
    <ele>1460.9144193123946</ele>
    <time>2026-05-09T01:21:29Z</time>
</trkpt><trkpt lat="23.61010484952992" lon="120.72336704252297">
    <ele>1460.4507226279065</ele>
    <time>2026-05-09T01:21:35Z</time>
</trkpt><trkpt lat="23.610101656192686" lon="120.72337084404916">
    <ele>1461.5328444307252</ele>
    <time>2026-05-09T01:21:40Z</time>
</trkpt><trkpt lat="23.610091947558395" lon="120.72339567348791">
    <ele>1462.321204905267</ele>
    <time>2026-05-09T01:21:46Z</time>
</trkpt><trkpt lat="23.61007543249557" lon="120.72343543191545">
    <ele>1465.0246428612857</ele>
    <time>2026-05-09T01:21:52Z</time>
</trkpt><trkpt lat="23.61004434389746" lon="120.72347381361155">
    <ele>1466.3753500990356</ele>
    <time>2026-05-09T01:21:58Z</time>
</trkpt><trkpt lat="23.610012540049283" lon="120.72349557645977">
    <ele>1465.2397300543178</ele>
    <time>2026-05-09T01:22:04Z</time>
</trkpt><trkpt lat="23.610003001507376" lon="120.72352038417063">
    <ele>1466.3697783202697</ele>
    <time>2026-05-09T01:22:10Z</time>
</trkpt><trkpt lat="23.609992623148592" lon="120.72354751441074">
    <ele>1468.0841421716048</ele>
    <time>2026-05-09T01:22:16Z</time>
</trkpt><trkpt lat="23.609976914126165" lon="120.72356700778556">
    <ele>1470.1882048730606</ele>
    <time>2026-05-09T01:22:22Z</time>
</trkpt><trkpt lat="23.60996254958463" lon="120.72359119514567">
    <ele>1470.7410405403702</ele>
    <time>2026-05-09T01:22:28Z</time>
</trkpt><trkpt lat="23.609955820876372" lon="120.72360679083185">
    <ele>1471.0366564252747</ele>
    <time>2026-05-09T01:22:33Z</time>
</trkpt><trkpt lat="23.609951720775225" lon="120.72361837706386">
    <ele>1473.1299111939913</ele>
    <time>2026-05-09T01:22:39Z</time>
</trkpt><trkpt lat="23.609946763401066" lon="120.72363169672933">
    <ele>1474.6496354831638</ele>
    <time>2026-05-09T01:22:45Z</time>
</trkpt><trkpt lat="23.60994350611155" lon="120.7236400923064">
    <ele>1475.834788704397</ele>
    <time>2026-05-09T01:22:51Z</time>
</trkpt><trkpt lat="23.609936827313017" lon="120.72366044728759">
    <ele>1476.3105654516992</ele>
    <time>2026-05-09T01:22:57Z</time>
</trkpt><trkpt lat="23.609934795167135" lon="120.72366687032452">
    <ele>1478.5565189380357</ele>
    <time>2026-05-09T01:23:03Z</time>
</trkpt><trkpt lat="23.60993063844889" lon="120.72368002699534">
    <ele>1480.1122191203735</ele>
    <time>2026-05-09T01:23:09Z</time>
</trkpt><trkpt lat="23.609926182891527" lon="120.7236940494984">
    <ele>1481.3129113705434</ele>
    <time>2026-05-09T01:23:15Z</time>
</trkpt><trkpt lat="23.60992015341509" lon="120.72371505123631">
    <ele>1482.2834159609808</ele>
    <time>2026-05-09T01:23:21Z</time>
</trkpt><trkpt lat="23.60991440791785" lon="120.72373596109753">
    <ele>1483.227623589698</ele>
    <time>2026-05-09T01:23:28Z</time>
</trkpt><trkpt lat="23.609909490495404" lon="120.72375180635271">
    <ele>1482.4830848093557</ele>
    <time>2026-05-09T01:23:33Z</time>
</trkpt><trkpt lat="23.609908452964174" lon="120.72375800328768">
    <ele>1481.2876473660303</ele>
    <time>2026-05-09T01:23:38Z</time>
</trkpt><trkpt lat="23.609909525432847" lon="120.72375460871709">
    <ele>1482.0143252257153</ele>
    <time>2026-05-09T01:23:43Z</time>
</trkpt><trkpt lat="23.609907755284937" lon="120.72376340529244">
    <ele>1483.4352423028386</ele>
    <time>2026-05-09T01:23:48Z</time>
</trkpt><trkpt lat="23.609901428926484" lon="120.72379246211742">
    <ele>1485.0861598193771</ele>
    <time>2026-05-09T01:23:53Z</time>
</trkpt><trkpt lat="23.60989365358114" lon="120.72383320938627">
    <ele>1486.1995671092216</ele>
    <time>2026-05-09T01:23:59Z</time>
</trkpt><trkpt lat="23.609888267612092" lon="120.72386472957069">
    <ele>1486.3819665086417</ele>
    <time>2026-05-09T01:24:05Z</time>
</trkpt><trkpt lat="23.609886343691073" lon="120.72387689221851">
    <ele>1487.3339563958357</ele>
    <time>2026-05-09T01:24:11Z</time>
</trkpt><trkpt lat="23.60988540585606" lon="120.7238829810103">
    <ele>1488.1799251041712</ele>
    <time>2026-05-09T01:24:17Z</time>
</trkpt><trkpt lat="23.609885539554654" lon="120.72388228983468">
    <ele>1488.9995235636734</ele>
    <time>2026-05-09T01:24:23Z</time>
</trkpt><trkpt lat="23.609882508415733" lon="120.72390056211295">
    <ele>1488.6175537974166</ele>
    <time>2026-05-09T01:24:29Z</time>
</trkpt><trkpt lat="23.609881115260094" lon="120.72390894063086">
    <ele>1490.4464406780476</ele>
    <time>2026-05-09T01:24:35Z</time>
</trkpt><trkpt lat="23.60987865945391" lon="120.72392374733906">
    <ele>1492.470564458667</ele>
    <time>2026-05-09T01:24:41Z</time>
</trkpt><trkpt lat="23.609876104672132" lon="120.7239401898321">
    <ele>1492.2162169125154</ele>
    <time>2026-05-09T01:24:46Z</time>
</trkpt><trkpt lat="23.6098743980237" lon="120.72395359195177">
    <ele>1494.6709070209133</ele>
    <time>2026-05-09T01:24:52Z</time>
</trkpt><trkpt lat="23.609873184956125" lon="120.72396418078532">
    <ele>1495.4652098681554</ele>
    <time>2026-05-09T01:24:58Z</time>
</trkpt><trkpt lat="23.60987165553796" lon="120.72397741929997">
    <ele>1496.6371529845183</ele>
    <time>2026-05-09T01:25:04Z</time>
</trkpt><trkpt lat="23.609871307113895" lon="120.72398046224991">
    <ele>1497.7753865342124</ele>
    <time>2026-05-09T01:25:10Z</time>
</trkpt><trkpt lat="23.60987273157497" lon="120.72396844161145">
    <ele>1497.9328576969165</ele>
    <time>2026-05-09T01:25:16Z</time>
</trkpt><trkpt lat="23.609872709837813" lon="120.72396860453696">
    <ele>1498.5141952367285</ele>
    <time>2026-05-09T01:25:22Z</time>
</trkpt><trkpt lat="23.609878482606227" lon="120.72398079063045">
    <ele>1498.1819830109562</ele>
    <time>2026-05-09T01:25:28Z</time>
</trkpt><trkpt lat="23.609878082836694" lon="120.7240044866325">
    <ele>1499.125027014227</ele>
    <time>2026-05-09T01:25:34Z</time>
</trkpt><trkpt lat="23.60987480788229" lon="120.72402439429982">
    <ele>1500.4155912062895</ele>
    <time>2026-05-09T01:25:39Z</time>
</trkpt><trkpt lat="23.609867239706585" lon="120.72403439602901">
    <ele>1501.1915640517516</ele>
    <time>2026-05-09T01:25:44Z</time>
</trkpt><trkpt lat="23.609863263750512" lon="120.72404533532153">
    <ele>1500.2384569890207</ele>
    <time>2026-05-09T01:25:49Z</time>
</trkpt><trkpt lat="23.60986076628785" lon="120.7240632977805">
    <ele>1501.1482493880574</ele>
    <time>2026-05-09T01:25:55Z</time>
</trkpt><trkpt lat="23.6098575731833" lon="120.72409390018278">
    <ele>1503.3488078369382</ele>
    <time>2026-05-09T01:26:01Z</time>
</trkpt><trkpt lat="23.609854104551736" lon="120.72412524805391">
    <ele>1505.260146607115</ele>
    <time>2026-05-09T01:26:07Z</time>
</trkpt><trkpt lat="23.60985054754198" lon="120.72415467844485">
    <ele>1506.7089292659007</ele>
    <time>2026-05-09T01:26:13Z</time>
</trkpt><trkpt lat="23.609847399357477" lon="120.72417990118656">
    <ele>1507.7174251406118</ele>
    <time>2026-05-09T01:26:19Z</time>
</trkpt><trkpt lat="23.60984432604467" lon="120.72420451800178">
    <ele>1508.397709268018</ele>
    <time>2026-05-09T01:26:25Z</time>
</trkpt><trkpt lat="23.609842174292794" lon="120.72422297056768">
    <ele>1508.2255601192169</ele>
    <time>2026-05-09T01:26:31Z</time>
</trkpt><trkpt lat="23.60984177799717" lon="120.72424006147891">
    <ele>1508.5615635702377</ele>
    <time>2026-05-09T01:26:37Z</time>
</trkpt><trkpt lat="23.609836851680733" lon="120.72426433598955">
    <ele>1509.1970701003736</ele>
    <time>2026-05-09T01:26:43Z</time>
</trkpt><trkpt lat="23.60983141412445" lon="120.72429444384942">
    <ele>1509.6492345323672</ele>
    <time>2026-05-09T01:26:49Z</time>
</trkpt><trkpt lat="23.609826100184065" lon="120.72432437482009">
    <ele>1510.4144553163862</ele>
    <time>2026-05-09T01:26:55Z</time>
</trkpt><trkpt lat="23.60982033291469" lon="120.72435621899119">
    <ele>1511.8620109624599</ele>
    <time>2026-05-09T01:27:01Z</time>
</trkpt><trkpt lat="23.609815446480045" lon="120.72438296874914">
    <ele>1512.828944771785</ele>
    <time>2026-05-09T01:27:07Z</time>
</trkpt><trkpt lat="23.609808701112748" lon="120.72441132933264">
    <ele>1514.7813875019338</ele>
    <time>2026-05-09T01:27:13Z</time>
</trkpt><trkpt lat="23.609804583936075" lon="120.72442721312036">
    <ele>1515.8339206436758</ele>
    <time>2026-05-09T01:27:19Z</time>
</trkpt><trkpt lat="23.609798885564565" lon="120.72444956456057">
    <ele>1517.3821926987014</ele>
    <time>2026-05-09T01:27:25Z</time>
</trkpt><trkpt lat="23.609792941479498" lon="120.72446958245484">
    <ele>1518.8806587880727</ele>
    <time>2026-05-09T01:27:31Z</time>
</trkpt><trkpt lat="23.609791382658578" lon="120.72449309619309">
    <ele>1520.446276463988</ele>
    <time>2026-05-09T01:27:37Z</time>
</trkpt><trkpt lat="23.60978716709744" lon="120.72451825611913">
    <ele>1520.9027985233822</ele>
    <time>2026-05-09T01:27:42Z</time>
</trkpt><trkpt lat="23.609778900495254" lon="120.7245415766943">
    <ele>1521.588364698486</ele>
    <time>2026-05-09T01:27:47Z</time>
</trkpt><trkpt lat="23.60976902644889" lon="120.72456383078071">
    <ele>1522.0764263079934</ele>
    <time>2026-05-09T01:27:53Z</time>
</trkpt><trkpt lat="23.609754608015994" lon="120.72459007969577">
    <ele>1522.3831712630542</ele>
    <time>2026-05-09T01:27:59Z</time>
</trkpt><trkpt lat="23.60974436073091" lon="120.72460687214706">
    <ele>1523.2446328913072</ele>
    <time>2026-05-09T01:28:05Z</time>
</trkpt><trkpt lat="23.609735011529107" lon="120.72462239151723">
    <ele>1523.46584960203</ele>
    <time>2026-05-09T01:28:11Z</time>
</trkpt><trkpt lat="23.609733913753768" lon="120.72462422885135">
    <ele>1524.628921910203</ele>
    <time>2026-05-09T01:28:17Z</time>
</trkpt><trkpt lat="23.609737355059405" lon="120.72461870219472">
    <ele>1525.7170368079514</ele>
    <time>2026-05-09T01:28:23Z</time>
</trkpt><trkpt lat="23.60974126856256" lon="120.72461244243256">
    <ele>1526.4281091120693</ele>
    <time>2026-05-09T01:28:29Z</time>
</trkpt><trkpt lat="23.60974247927178" lon="120.72461050827825">
    <ele>1526.962800059134</ele>
    <time>2026-05-09T01:28:35Z</time>
</trkpt><trkpt lat="23.609742012437298" lon="120.72461125144861">
    <ele>1527.2643120175148</ele>
    <time>2026-05-09T01:28:41Z</time>
</trkpt><trkpt lat="23.609738473764814" lon="120.72461687294471">
    <ele>1526.979192183162</ele>
    <time>2026-05-09T01:28:46Z</time>
</trkpt><trkpt lat="23.60972760757114" lon="120.72463412688188">
    <ele>1527.080081851935</ele>
    <time>2026-05-09T01:28:52Z</time>
</trkpt><trkpt lat="23.609707659982877" lon="120.72466269412604">
    <ele>1527.0180353784099</ele>
    <time>2026-05-09T01:28:58Z</time>
</trkpt><trkpt lat="23.60968095566527" lon="120.72469687888938">
    <ele>1527.6452835344603</ele>
    <time>2026-05-09T01:29:04Z</time>
</trkpt><trkpt lat="23.609654319531924" lon="120.72472751907203">
    <ele>1529.4624858054249</ele>
    <time>2026-05-09T01:29:10Z</time>
</trkpt><trkpt lat="23.609635161358966" lon="120.72474769970563">
    <ele>1531.3629076030797</ele>
    <time>2026-05-09T01:29:16Z</time>
</trkpt><trkpt lat="23.609620791182568" lon="120.72476120383335">
    <ele>1532.6113410900984</ele>
    <time>2026-05-09T01:29:22Z</time>
</trkpt><trkpt lat="23.609601470606822" lon="120.72477828025673">
    <ele>1533.3176241966376</ele>
    <time>2026-05-09T01:29:28Z</time>
</trkpt><trkpt lat="23.60959062166504" lon="120.72478520101963">
    <ele>1533.8790257753853</ele>
    <time>2026-05-09T01:29:34Z</time>
</trkpt><trkpt lat="23.609596571451664" lon="120.72477141329125">
    <ele>1534.5654754886928</ele>
    <time>2026-05-09T01:29:40Z</time>
</trkpt><trkpt lat="23.609608314722003" lon="120.72475834790745">
    <ele>1534.9993810420012</ele>
    <time>2026-05-09T01:29:46Z</time>
</trkpt><trkpt lat="23.609612898008816" lon="120.72475416399429">
    <ele>1535.2082268053189</ele>
    <time>2026-05-09T01:29:52Z</time>
</trkpt><trkpt lat="23.609605117410155" lon="120.72475153649441">
    <ele>1535.018406480166</ele>
    <time>2026-05-09T01:29:58Z</time>
</trkpt><trkpt lat="23.609559667302626" lon="120.72471343900003">
    <ele>1535.9239273266878</ele>
    <time>2026-05-09T01:30:04Z</time>
</trkpt><trkpt lat="23.609510836262416" lon="120.7246867547114">
    <ele>1536.9677962875355</ele>
    <time>2026-05-09T01:30:10Z</time>
</trkpt><trkpt lat="23.609501277482973" lon="120.72469156684986">
    <ele>1538.0132182171094</ele>
    <time>2026-05-09T01:30:16Z</time>
</trkpt><trkpt lat="23.609497233443967" lon="120.72470635194009">
    <ele>1538.2767790896146</ele>
    <time>2026-05-09T01:30:22Z</time>
</trkpt><trkpt lat="23.60949380605628" lon="120.72472700504167">
    <ele>1539.557088143919</ele>
    <time>2026-05-09T01:30:28Z</time>
</trkpt><trkpt lat="23.609508374501914" lon="120.72478520430506">
    <ele>1540.480441016001</ele>
    <time>2026-05-09T01:30:33Z</time>
</trkpt><trkpt lat="23.609513891014064" lon="120.72483534015673">
    <ele>1540.8924950172473</ele>
    <time>2026-05-09T01:30:39Z</time>
</trkpt><trkpt lat="23.6094973385066" lon="120.72485798299907">
    <ele>1541.2860897269363</ele>
    <time>2026-05-09T01:30:45Z</time>
</trkpt><trkpt lat="23.60947464744195" lon="120.72487017741193">
    <ele>1542.4593893204897</ele>
    <time>2026-05-09T01:30:51Z</time>
</trkpt><trkpt lat="23.60945299882654" lon="120.72488104967753">
    <ele>1543.060773017558</ele>
    <time>2026-05-09T01:30:57Z</time>
</trkpt><trkpt lat="23.609433763221723" lon="120.72489390829375">
    <ele>1544.1428458321745</ele>
    <time>2026-05-09T01:31:03Z</time>
</trkpt><trkpt lat="23.609434466865867" lon="120.724892536503">
    <ele>1546.022331583286</ele>
    <time>2026-05-09T01:31:09Z</time>
</trkpt><trkpt lat="23.609437509763207" lon="120.72489026313013">
    <ele>1547.154362195784</ele>
    <time>2026-05-09T01:31:15Z</time>
</trkpt><trkpt lat="23.609436978828935" lon="120.72489857351566">
    <ele>1548.1029412095259</ele>
    <time>2026-05-09T01:31:21Z</time>
</trkpt><trkpt lat="23.609430370492618" lon="120.72490682357879">
    <ele>1548.8048622988829</ele>
    <time>2026-05-09T01:31:27Z</time>
</trkpt><trkpt lat="23.60942728251645" lon="120.72490928469216">
    <ele>1549.4945983284574</ele>
    <time>2026-05-09T01:31:33Z</time>
</trkpt><trkpt lat="23.609399077116972" lon="120.7249274592308">
    <ele>1550.951853523877</ele>
    <time>2026-05-09T01:31:39Z</time>
</trkpt><trkpt lat="23.609387566581102" lon="120.72493457908224">
    <ele>1552.0241151485482</ele>
    <time>2026-05-09T01:31:45Z</time>
</trkpt><trkpt lat="23.609381173499365" lon="120.72493320635581">
    <ele>1552.074697045307</ele>
    <time>2026-05-09T01:31:52Z</time>
</trkpt><trkpt lat="23.609380901786658" lon="120.72493653877875">
    <ele>1553.2298099611482</ele>
    <time>2026-05-09T01:31:58Z</time>
</trkpt><trkpt lat="23.60938418769713" lon="120.72493628707456">
    <ele>1554.2235485913602</ele>
    <time>2026-05-09T01:32:04Z</time>
</trkpt><trkpt lat="23.609387150100407" lon="120.72493510082765">
    <ele>1554.0905874233422</ele>
    <time>2026-05-09T01:32:10Z</time>
</trkpt><trkpt lat="23.60939283404049" lon="120.72493152120997">
    <ele>1553.446966735845</ele>
    <time>2026-05-09T01:32:16Z</time>
</trkpt><trkpt lat="23.60939618807419" lon="120.72492910359745">
    <ele>1552.7437397073068</ele>
    <time>2026-05-09T01:32:22Z</time>
</trkpt><trkpt lat="23.609396914648737" lon="120.72492851736037">
    <ele>1551.8868966963644</ele>
    <time>2026-05-09T01:32:28Z</time>
</trkpt><trkpt lat="23.609397932728747" lon="120.72492782975024">
    <ele>1551.911192324682</ele>
    <time>2026-05-09T01:32:34Z</time>
</trkpt><trkpt lat="23.6093969011709" lon="120.724928517988">
    <ele>1552.0387601164364</ele>
    <time>2026-05-09T01:32:40Z</time>
</trkpt><trkpt lat="23.60939725524472" lon="120.72492829258357">
    <ele>1552.1214008222428</ele>
    <time>2026-05-09T01:32:45Z</time>
</trkpt><trkpt lat="23.60939762290045" lon="120.7249295763843">
    <ele>1552.0450534456074</ele>
    <time>2026-05-09T01:32:51Z</time>
</trkpt><trkpt lat="23.609395705821967" lon="120.72492983340929">
    <ele>1551.616388876386</ele>
    <time>2026-05-09T01:32:57Z</time>
</trkpt><trkpt lat="23.609393771138418" lon="120.72493058977383">
    <ele>1551.443121454294</ele>
    <time>2026-05-09T01:33:03Z</time>
</trkpt><trkpt lat="23.609390480817783" lon="120.7249325688822">
    <ele>1551.0646017723795</ele>
    <time>2026-05-09T01:33:09Z</time>
</trkpt><trkpt lat="23.609388463932156" lon="120.72493353766149">
    <ele>1550.7675460255975</ele>
    <time>2026-05-09T01:33:15Z</time>
</trkpt><trkpt lat="23.609385927481608" lon="120.72493408375922">
    <ele>1550.897199209463</ele>
    <time>2026-05-09T01:33:21Z</time>
</trkpt><trkpt lat="23.60938680887976" lon="120.7249335138409">
    <ele>1550.9981536514586</ele>
    <time>2026-05-09T01:33:27Z</time>
</trkpt><trkpt lat="23.609391325833144" lon="120.72493274664487">
    <ele>1551.0249114029293</ele>
    <time>2026-05-09T01:33:33Z</time>
</trkpt><trkpt lat="23.60939597121983" lon="120.72493127612373">
    <ele>1550.720168791927</ele>
    <time>2026-05-09T01:33:39Z</time>
</trkpt><trkpt lat="23.609408874192475" lon="120.72493049338061">
    <ele>1551.5253888447212</ele>
    <time>2026-05-09T01:33:45Z</time>
</trkpt><trkpt lat="23.609413393222276" lon="120.72492826364905">
    <ele>1552.0887952894552</ele>
    <time>2026-05-09T01:33:51Z</time>
</trkpt><trkpt lat="23.60941352106595" lon="120.72492593756701">
    <ele>1552.2093274274298</ele>
    <time>2026-05-09T01:33:57Z</time>
</trkpt><trkpt lat="23.609399699781605" lon="120.72491740833009">
    <ele>1551.942920179645</ele>
    <time>2026-05-09T01:34:03Z</time>
</trkpt><trkpt lat="23.60935112204984" lon="120.7249100618071">
    <ele>1551.776385566195</ele>
    <time>2026-05-09T01:34:09Z</time>
</trkpt><trkpt lat="23.609312760094205" lon="120.72492670854774">
    <ele>1553.8581731013687</ele>
    <time>2026-05-09T01:34:15Z</time>
</trkpt><trkpt lat="23.609307094932966" lon="120.7249430487965">
    <ele>1557.6893698735605</ele>
    <time>2026-05-09T01:34:21Z</time>
</trkpt><trkpt lat="23.609311631894734" lon="120.72497775895283">
    <ele>1559.0355333159973</ele>
    <time>2026-05-09T01:34:27Z</time>
</trkpt><trkpt lat="23.609293447226214" lon="120.724996240656">
    <ele>1559.4122894963175</ele>
    <time>2026-05-09T01:34:33Z</time>
</trkpt><trkpt lat="23.609268528446947" lon="120.72498364123366">
    <ele>1558.5816310532923</ele>
    <time>2026-05-09T01:34:39Z</time>
</trkpt><trkpt lat="23.609244806720305" lon="120.72497428789744">
    <ele>1559.1196836938682</ele>
    <time>2026-05-09T01:34:45Z</time>
</trkpt><trkpt lat="23.609219678376633" lon="120.72497535866862">
    <ele>1559.982428119669</ele>
    <time>2026-05-09T01:34:51Z</time>
</trkpt><trkpt lat="23.6091993401458" lon="120.72498338221574">
    <ele>1561.310949869634</ele>
    <time>2026-05-09T01:34:56Z</time>
</trkpt><trkpt lat="23.6091891887813" lon="120.72501443212438">
    <ele>1562.8350573672756</ele>
    <time>2026-05-09T01:35:02Z</time>
</trkpt><trkpt lat="23.609169596150064" lon="120.72503977131998">
    <ele>1563.586759398133</ele>
    <time>2026-05-09T01:35:08Z</time>
</trkpt><trkpt lat="23.60914114650121" lon="120.72505609758484">
    <ele>1564.6721978853352</ele>
    <time>2026-05-09T01:35:14Z</time>
</trkpt><trkpt lat="23.609127724729866" lon="120.72506121770672">
    <ele>1566.2890656594514</ele>
    <time>2026-05-09T01:35:20Z</time>
</trkpt><trkpt lat="23.60913166484849" lon="120.7250582003651">
    <ele>1568.0747916261214</ele>
    <time>2026-05-09T01:35:26Z</time>
</trkpt><trkpt lat="23.60913790489403" lon="120.72505486654488">
    <ele>1568.4461126539366</ele>
    <time>2026-05-09T01:35:32Z</time>
</trkpt><trkpt lat="23.609132590366663" lon="120.72505890743547">
    <ele>1569.2132991829012</ele>
    <time>2026-05-09T01:35:38Z</time>
</trkpt><trkpt lat="23.609112354400086" lon="120.72506790158006">
    <ele>1569.4986443330608</ele>
    <time>2026-05-09T01:35:44Z</time>
</trkpt><trkpt lat="23.609094409933697" lon="120.72507650297943">
    <ele>1569.7100582394637</ele>
    <time>2026-05-09T01:35:50Z</time>
</trkpt><trkpt lat="23.60907279003564" lon="120.72508691231648">
    <ele>1570.7751103394044</ele>
    <time>2026-05-09T01:35:56Z</time>
</trkpt><trkpt lat="23.60905723900548" lon="120.72509435999166">
    <ele>1572.9001840611006</ele>
    <time>2026-05-09T01:36:03Z</time>
</trkpt><trkpt lat="23.60903680657518" lon="120.72510409368432">
    <ele>1573.3870720517145</ele>
    <time>2026-05-09T01:36:09Z</time>
</trkpt><trkpt lat="23.609048719783885" lon="120.72509841286173">
    <ele>1575.1774275363282</ele>
    <time>2026-05-09T01:36:15Z</time>
</trkpt><trkpt lat="23.60905579846745" lon="120.72509503786006">
    <ele>1577.6443395060558</ele>
    <time>2026-05-09T01:36:21Z</time>
</trkpt><trkpt lat="23.60904210476369" lon="120.72510156011013">
    <ele>1578.3754950788273</ele>
    <time>2026-05-09T01:36:27Z</time>
</trkpt><trkpt lat="23.60901605453235" lon="120.72511274294943">
    <ele>1578.19407866421</ele>
    <time>2026-05-09T01:36:33Z</time>
</trkpt><trkpt lat="23.608988867573455" lon="120.7251219668726">
    <ele>1578.361129659285</ele>
    <time>2026-05-09T01:36:39Z</time>
</trkpt><trkpt lat="23.60896243067956" lon="120.72512802089219">
    <ele>1577.4526787698892</ele>
    <time>2026-05-09T01:36:45Z</time>
</trkpt><trkpt lat="23.60893693908716" lon="120.72513216641315">
    <ele>1577.2427888757684</ele>
    <time>2026-05-09T01:36:51Z</time>
</trkpt><trkpt lat="23.608902908114477" lon="120.7251345519501">
    <ele>1578.796909175513</ele>
    <time>2026-05-09T01:36:56Z</time>
</trkpt><trkpt lat="23.608870765283584" lon="120.72511985710679">
    <ele>1579.554404449658</ele>
    <time>2026-05-09T01:37:02Z</time>
</trkpt><trkpt lat="23.608828268577128" lon="120.72510989072543">
    <ele>1580.4375652783954</ele>
    <time>2026-05-09T01:37:08Z</time>
</trkpt><trkpt lat="23.60883001992602" lon="120.72506936464382">
    <ele>1581.1807683059553</ele>
    <time>2026-05-09T01:37:14Z</time>
</trkpt><trkpt lat="23.60886194067174" lon="120.72504883398138">
    <ele>1583.8038128265873</ele>
    <time>2026-05-09T01:37:20Z</time>
</trkpt><trkpt lat="23.608872219890408" lon="120.72507547206916">
    <ele>1584.4228340678578</ele>
    <time>2026-05-09T01:37:26Z</time>
</trkpt><trkpt lat="23.60887946601534" lon="120.72512205713466">
    <ele>1585.8946736528433</ele>
    <time>2026-05-09T01:37:32Z</time>
</trkpt><trkpt lat="23.608896254169924" lon="120.72513848557358">
    <ele>1586.1074261735691</ele>
    <time>2026-05-09T01:37:38Z</time>
</trkpt><trkpt lat="23.608888010621158" lon="120.72514652286685">
    <ele>1585.9070450322051</ele>
    <time>2026-05-09T01:37:44Z</time>
</trkpt><trkpt lat="23.608866670562154" lon="120.7251457617418">
    <ele>1586.3495204620147</ele>
    <time>2026-05-09T01:37:50Z</time>
</trkpt><trkpt lat="23.60884546309337" lon="120.72514324220765">
    <ele>1587.071654429523</ele>
    <time>2026-05-09T01:37:56Z</time>
</trkpt><trkpt lat="23.608833812181846" lon="120.7251416624472">
    <ele>1589.3502894898522</ele>
    <time>2026-05-09T01:38:02Z</time>
</trkpt><trkpt lat="23.60882833306147" lon="120.7251410189736">
    <ele>1592.205907635009</ele>
    <time>2026-05-09T01:38:09Z</time>
</trkpt><trkpt lat="23.608804683765324" lon="120.72513892751833">
    <ele>1592.861230069583</ele>
    <time>2026-05-09T01:38:15Z</time>
</trkpt><trkpt lat="23.608764566514026" lon="120.72513567202571">
    <ele>1592.6291156888237</ele>
    <time>2026-05-09T01:38:21Z</time>
</trkpt><trkpt lat="23.608725224504763" lon="120.72513494710813">
    <ele>1592.7824511938759</ele>
    <time>2026-05-09T01:38:27Z</time>
</trkpt><trkpt lat="23.60868656451013" lon="120.72514044274776">
    <ele>1591.8356809333245</ele>
    <time>2026-05-09T01:38:33Z</time>
</trkpt><trkpt lat="23.608662429587987" lon="120.72513970552914">
    <ele>1592.4468876259516</ele>
    <time>2026-05-09T01:38:39Z</time>
</trkpt><trkpt lat="23.60864937609427" lon="120.72514305731602">
    <ele>1594.5343147221372</ele>
    <time>2026-05-09T01:38:45Z</time>
</trkpt><trkpt lat="23.608637024306155" lon="120.72515127065631">
    <ele>1596.474331241488</ele>
    <time>2026-05-09T01:38:51Z</time>
</trkpt><trkpt lat="23.608619074712163" lon="120.72516344565798">
    <ele>1597.5145506988094</ele>
    <time>2026-05-09T01:38:57Z</time>
</trkpt><trkpt lat="23.608610392663614" lon="120.72516924114997">
    <ele>1600.9271452226162</ele>
    <time>2026-05-09T01:39:02Z</time>
</trkpt><trkpt lat="23.60859318829359" lon="120.72518265113438">
    <ele>1601.1944982157725</ele>
    <time>2026-05-09T01:39:08Z</time>
</trkpt><trkpt lat="23.608562896832364" lon="120.72520631494805">
    <ele>1601.8183180673718</ele>
    <time>2026-05-09T01:39:14Z</time>
</trkpt><trkpt lat="23.608547732578792" lon="120.72521857418175">
    <ele>1602.7967056200287</ele>
    <time>2026-05-09T01:39:20Z</time>
</trkpt><trkpt lat="23.608541099854914" lon="120.7252242347911">
    <ele>1604.235112852459</ele>
    <time>2026-05-09T01:39:26Z</time>
</trkpt><trkpt lat="23.60854572001242" lon="120.725220449469">
    <ele>1605.501556466428</ele>
    <time>2026-05-09T01:39:32Z</time>
</trkpt><trkpt lat="23.608559185999912" lon="120.72520939461185">
    <ele>1606.6887807144271</ele>
    <time>2026-05-09T01:39:38Z</time>
</trkpt><trkpt lat="23.608582630069197" lon="120.72520056345319">
    <ele>1608.8052462520864</ele>
    <time>2026-05-09T01:39:44Z</time>
</trkpt><trkpt lat="23.608589193203734" lon="120.72520992804465">
    <ele>1608.763446902989</ele>
    <time>2026-05-09T01:39:50Z</time>
</trkpt><trkpt lat="23.60855648550851" lon="120.72522887717096">
    <ele>1608.9724385127352</ele>
    <time>2026-05-09T01:39:56Z</time>
</trkpt><trkpt lat="23.60852005827749" lon="120.72524917160791">
    <ele>1608.5589863187195</ele>
    <time>2026-05-09T01:40:02Z</time>
</trkpt><trkpt lat="23.60849931892216" lon="120.72526203730364">
    <ele>1608.2510724907777</ele>
    <time>2026-05-09T01:40:08Z</time>
</trkpt><trkpt lat="23.608489295250568" lon="120.72527154974851">
    <ele>1609.9578627275744</ele>
    <time>2026-05-09T01:40:15Z</time>
</trkpt><trkpt lat="23.608481531553295" lon="120.7252804691896">
    <ele>1612.5722554521387</ele>
    <time>2026-05-09T01:40:21Z</time>
</trkpt><trkpt lat="23.608467198058936" lon="120.72529714820341">
    <ele>1613.5400789972525</ele>
    <time>2026-05-09T01:40:27Z</time>
</trkpt><trkpt lat="23.608455620540308" lon="120.72531044354032">
    <ele>1616.1701519297092</ele>
    <time>2026-05-09T01:40:33Z</time>
</trkpt><trkpt lat="23.608444293061787" lon="120.72532374506694">
    <ele>1617.4202803769492</ele>
    <time>2026-05-09T01:40:39Z</time>
</trkpt><trkpt lat="23.608440296341552" lon="120.72532870910445">
    <ele>1619.1091570840047</ele>
    <time>2026-05-09T01:40:45Z</time>
</trkpt><trkpt lat="23.608442341831978" lon="120.72532615218059">
    <ele>1620.0972338852173</ele>
    <time>2026-05-09T01:40:51Z</time>
</trkpt><trkpt lat="23.608446059175254" lon="120.72532138936185">
    <ele>1621.1053806443915</ele>
    <time>2026-05-09T01:40:57Z</time>
</trkpt><trkpt lat="23.608444401521677" lon="120.72532358886897">
    <ele>1623.2326917610249</ele>
    <time>2026-05-09T01:41:03Z</time>
</trkpt><trkpt lat="23.608460056226022" lon="120.72531675893799">
    <ele>1625.3964908572605</ele>
    <time>2026-05-09T01:41:09Z</time>
</trkpt><trkpt lat="23.608462063659378" lon="120.72531816951212">
    <ele>1625.751215092605</ele>
    <time>2026-05-09T01:41:14Z</time>
</trkpt><trkpt lat="23.60846185876028" lon="120.72531841168608">
    <ele>1626.5795304059184</ele>
    <time>2026-05-09T01:41:20Z</time>
</trkpt><trkpt lat="23.608459122495717" lon="120.72533256916299">
    <ele>1627.3532889983703</ele>
    <time>2026-05-09T01:41:26Z</time>
</trkpt><trkpt lat="23.608493133489432" lon="120.72538198311155">
    <ele>1626.4916275009568</ele>
    <time>2026-05-09T01:41:32Z</time>
</trkpt><trkpt lat="23.60851699169246" lon="120.72542882463385">
    <ele>1626.4134742299427</ele>
    <time>2026-05-09T01:41:38Z</time>
</trkpt><trkpt lat="23.608509079495654" lon="120.72543100838779">
    <ele>1626.9012326277646</ele>
    <time>2026-05-09T01:41:44Z</time>
</trkpt><trkpt lat="23.608483533444264" lon="120.72541490533045">
    <ele>1626.946642379305</ele>
    <time>2026-05-09T01:41:50Z</time>
</trkpt><trkpt lat="23.608453267450695" lon="120.7254106931461">
    <ele>1628.1613032936373</ele>
    <time>2026-05-09T01:41:56Z</time>
</trkpt><trkpt lat="23.60841428358516" lon="120.7253915444159">
    <ele>1633.588974827019</ele>
    <time>2026-05-09T01:42:02Z</time>
</trkpt><trkpt lat="23.6083966276402" lon="120.72539953473742">
    <ele>1636.0903852515637</ele>
    <time>2026-05-09T01:42:08Z</time>
</trkpt><trkpt lat="23.608407963010553" lon="120.72541350231738">
    <ele>1635.3739351601382</ele>
    <time>2026-05-09T01:42:14Z</time>
</trkpt><trkpt lat="23.60846017056663" lon="120.72545174613012">
    <ele>1634.4540897784127</ele>
    <time>2026-05-09T01:42:21Z</time>
</trkpt><trkpt lat="23.60849232381227" lon="120.72549643944737">
    <ele>1634.315193411991</ele>
    <time>2026-05-09T01:42:27Z</time>
</trkpt><trkpt lat="23.608491807479986" lon="120.72550141447508">
    <ele>1634.4519689987717</ele>
    <time>2026-05-09T01:42:33Z</time>
</trkpt><trkpt lat="23.608486176743018" lon="120.72548843249884">
    <ele>1635.3418145083972</ele>
    <time>2026-05-09T01:42:39Z</time>
</trkpt><trkpt lat="23.608482086509063" lon="120.72548259006477">
    <ele>1635.702049104539</ele>
    <time>2026-05-09T01:42:45Z</time>
</trkpt><trkpt lat="23.608479441436973" lon="120.72548219873316">
    <ele>1635.1410884396112</ele>
    <time>2026-05-09T01:42:51Z</time>
</trkpt><trkpt lat="23.608479424382825" lon="120.72548614697698">
    <ele>1634.6167628683731</ele>
    <time>2026-05-09T01:42:57Z</time>
</trkpt><trkpt lat="23.608481668802835" lon="120.72549081721691">
    <ele>1634.3176900825488</ele>
    <time>2026-05-09T01:43:03Z</time>
</trkpt><trkpt lat="23.60848453239581" lon="120.72548998214006">
    <ele>1634.5514872020808</ele>
    <time>2026-05-09T01:43:09Z</time>
</trkpt><trkpt lat="23.60848525957218" lon="120.72548909689988">
    <ele>1634.6756885629832</ele>
    <time>2026-05-09T01:43:15Z</time>
</trkpt><trkpt lat="23.608483358166076" lon="120.72549446985336">
    <ele>1634.3456902811165</ele>
    <time>2026-05-09T01:43:20Z</time>
</trkpt><trkpt lat="23.6084860780998" lon="120.72549513162488">
    <ele>1634.81499227332</ele>
    <time>2026-05-09T01:43:26Z</time>
</trkpt><trkpt lat="23.60848720311253" lon="120.72549476089793">
    <ele>1635.0100374772232</ele>
    <time>2026-05-09T01:43:32Z</time>
</trkpt><trkpt lat="23.608487308194405" lon="120.7254944653483">
    <ele>1635.0285957513986</ele>
    <time>2026-05-09T01:43:38Z</time>
</trkpt><trkpt lat="23.608483494904" lon="120.72549722141953">
    <ele>1635.2932992656883</ele>
    <time>2026-05-09T01:43:44Z</time>
</trkpt><trkpt lat="23.608482383892568" lon="120.7254980878061">
    <ele>1635.3593243012022</ele>
    <time>2026-05-09T01:43:50Z</time>
</trkpt><trkpt lat="23.60848243521953" lon="120.72549807467533">
    <ele>1635.350827181183</ele>
    <time>2026-05-09T01:43:56Z</time>
</trkpt><trkpt lat="23.60848264672398" lon="120.72549792303948">
    <ele>1635.335603422567</ele>
    <time>2026-05-09T01:44:02Z</time>
</trkpt><trkpt lat="23.608482740494626" lon="120.7254978518561">
    <ele>1635.3296566249337</ele>
    <time>2026-05-09T01:44:08Z</time>
</trkpt><trkpt lat="23.608489130656764" lon="120.72549405540066">
    <ele>1635.0649764896373</ele>
    <time>2026-05-09T01:44:14Z</time>
</trkpt><trkpt lat="23.608493449579424" lon="120.72549012120624">
    <ele>1634.970338165749</ele>
    <time>2026-05-09T01:44:20Z</time>
</trkpt><trkpt lat="23.608497887854014" lon="120.72548772473813">
    <ele>1634.7837939674043</ele>
    <time>2026-05-09T01:44:26Z</time>
</trkpt><trkpt lat="23.60849980116053" lon="120.72548827351703">
    <ele>1634.7222108961203</ele>
    <time>2026-05-09T01:44:31Z</time>
</trkpt><trkpt lat="23.608499831882035" lon="120.72549244575332">
    <ele>1634.2886581390287</ele>
    <time>2026-05-09T01:44:36Z</time>
</trkpt><trkpt lat="23.608485881642714" lon="120.72550677533111">
    <ele>1633.8795790968754</ele>
    <time>2026-05-09T01:44:42Z</time>
</trkpt><trkpt lat="23.608453408418097" lon="120.72552299276455">
    <ele>1635.707853681984</ele>
    <time>2026-05-09T01:44:48Z</time>
</trkpt><trkpt lat="23.608414833780863" lon="120.72551959133811">
    <ele>1637.1474664582674</ele>
    <time>2026-05-09T01:44:54Z</time>
</trkpt><trkpt lat="23.608376706343734" lon="120.72551356692796">
    <ele>1638.0515902564143</ele>
    <time>2026-05-09T01:45:00Z</time>
</trkpt><trkpt lat="23.608338396915116" lon="120.72549376893265">
    <ele>1638.5056613588226</ele>
    <time>2026-05-09T01:45:06Z</time>
</trkpt><trkpt lat="23.60829605715862" lon="120.72545899235232">
    <ele>1639.530674882271</ele>
    <time>2026-05-09T01:45:12Z</time>
</trkpt><trkpt lat="23.608266707699258" lon="120.72543897568032">
    <ele>1639.4882885665693</ele>
    <time>2026-05-09T01:45:18Z</time>
</trkpt><trkpt lat="23.608273895925763" lon="120.7254554552132">
    <ele>1639.248724356709</ele>
    <time>2026-05-09T01:45:24Z</time>
</trkpt><trkpt lat="23.608293546224125" lon="120.72547999730341">
    <ele>1640.805787601867</ele>
    <time>2026-05-09T01:45:29Z</time>
</trkpt><trkpt lat="23.60831570881826" lon="120.72551087066006">
    <ele>1643.3435751358174</ele>
    <time>2026-05-09T01:45:35Z</time>
</trkpt><trkpt lat="23.608328898854634" lon="120.72553956328959">
    <ele>1646.0806076249735</ele>
    <time>2026-05-09T01:45:41Z</time>
</trkpt><trkpt lat="23.608325392244808" lon="120.72556207091866">
    <ele>1647.8643773030456</ele>
    <time>2026-05-09T01:45:47Z</time>
</trkpt><trkpt lat="23.608323427318425" lon="120.72556185747271">
    <ele>1648.2136898643307</ele>
    <time>2026-05-09T01:45:53Z</time>
</trkpt><trkpt lat="23.608321582746257" lon="120.72556306473878">
    <ele>1647.1690860041176</ele>
    <time>2026-05-09T01:45:59Z</time>
</trkpt><trkpt lat="23.60832270936717" lon="120.72557434418215">
    <ele>1648.0175008508888</ele>
    <time>2026-05-09T01:46:05Z</time>
</trkpt><trkpt lat="23.608323088081352" lon="120.72559202302293">
    <ele>1649.2885042086145</ele>
    <time>2026-05-09T01:46:11Z</time>
</trkpt><trkpt lat="23.608319247058592" lon="120.72562048463662">
    <ele>1649.6119778085122</ele>
    <time>2026-05-09T01:46:17Z</time>
</trkpt><trkpt lat="23.60831502766336" lon="120.72565635824773">
    <ele>1649.6250205749918</ele>
    <time>2026-05-09T01:46:23Z</time>
</trkpt><trkpt lat="23.60831173040439" lon="120.72570022407055">
    <ele>1650.349846041385</ele>
    <time>2026-05-09T01:46:29Z</time>
</trkpt><trkpt lat="23.608310716517092" lon="120.72572542900926">
    <ele>1650.8666051500884</ele>
    <time>2026-05-09T01:46:35Z</time>
</trkpt><trkpt lat="23.60831093885631" lon="120.72572190424833">
    <ele>1651.6209093368589</ele>
    <time>2026-05-09T01:46:40Z</time>
</trkpt><trkpt lat="23.608311534466296" lon="120.72570718842225">
    <ele>1652.1593148252014</ele>
    <time>2026-05-09T01:46:45Z</time>
</trkpt><trkpt lat="23.6083045673798" lon="120.7257060054132">
    <ele>1652.7322611936747</ele>
    <time>2026-05-09T01:46:51Z</time>
</trkpt><trkpt lat="23.608301920402205" lon="120.72571061498304">
    <ele>1655.4686188361654</ele>
    <time>2026-05-09T01:46:57Z</time>
</trkpt><trkpt lat="23.608301556096944" lon="120.7257235575899">
    <ele>1656.8561300117813</ele>
    <time>2026-05-09T01:47:03Z</time>
</trkpt><trkpt lat="23.608305105652168" lon="120.7257458896363">
    <ele>1657.362157765295</ele>
    <time>2026-05-09T01:47:09Z</time>
</trkpt><trkpt lat="23.608303172228272" lon="120.72575744256618">
    <ele>1657.1206563914516</ele>
    <time>2026-05-09T01:47:15Z</time>
</trkpt><trkpt lat="23.60830212150264" lon="120.72575226738492">
    <ele>1658.506266484658</ele>
    <time>2026-05-09T01:47:21Z</time>
</trkpt><trkpt lat="23.608301922060832" lon="120.72574665375429">
    <ele>1659.3572442947998</ele>
    <time>2026-05-09T01:47:27Z</time>
</trkpt><trkpt lat="23.60825283662762" lon="120.72575222280506">
    <ele>1661.2424650797857</ele>
    <time>2026-05-09T01:47:33Z</time>
</trkpt><trkpt lat="23.608225148147763" lon="120.72576810073652">
    <ele>1661.5016626425836</ele>
    <time>2026-05-09T01:47:39Z</time>
</trkpt><trkpt lat="23.608251213984722" lon="120.72578079224596">
    <ele>1661.9165643993247</ele>
    <time>2026-05-09T01:47:45Z</time>
</trkpt><trkpt lat="23.608267249351986" lon="120.72579209067938">
    <ele>1662.4447974160473</ele>
    <time>2026-05-09T01:47:50Z</time>
</trkpt><trkpt lat="23.608279328473294" lon="120.7258218932289">
    <ele>1662.8714160762565</ele>
    <time>2026-05-09T01:47:56Z</time>
</trkpt><trkpt lat="23.60828724780579" lon="120.7258578321312">
    <ele>1664.1812024547476</ele>
    <time>2026-05-09T01:48:02Z</time>
</trkpt><trkpt lat="23.608297195538807" lon="120.72589095043621">
    <ele>1665.9038658994782</ele>
    <time>2026-05-09T01:48:08Z</time>
</trkpt><trkpt lat="23.60830365561963" lon="120.72591940800001">
    <ele>1667.17771464516</ele>
    <time>2026-05-09T01:48:14Z</time>
</trkpt><trkpt lat="23.60831903811771" lon="120.72595601714374">
    <ele>1667.7220797564498</ele>
    <time>2026-05-09T01:48:20Z</time>
</trkpt><trkpt lat="23.608326747238625" lon="120.72600966832239">
    <ele>1668.0048484747888</ele>
    <time>2026-05-09T01:48:26Z</time>
</trkpt><trkpt lat="23.608330932326133" lon="120.7260617093312">
    <ele>1668.2109986539003</ele>
    <time>2026-05-09T01:48:32Z</time>
</trkpt><trkpt lat="23.60833322592317" lon="120.72609487023196">
    <ele>1668.3887652202293</ele>
    <time>2026-05-09T01:48:38Z</time>
</trkpt><trkpt lat="23.608334900470517" lon="120.726116873576">
    <ele>1668.2220560140265</ele>
    <time>2026-05-09T01:48:44Z</time>
</trkpt><trkpt lat="23.60833628848205" lon="120.72613264521992">
    <ele>1667.6802119309841</ele>
    <time>2026-05-09T01:48:50Z</time>
</trkpt><trkpt lat="23.60833934713956" lon="120.72616638158642">
    <ele>1667.9196177437486</ele>
    <time>2026-05-09T01:48:56Z</time>
</trkpt><trkpt lat="23.608341794785225" lon="120.72619364722804">
    <ele>1669.824439588477</ele>
    <time>2026-05-09T01:49:02Z</time>
</trkpt><trkpt lat="23.608338165573578" lon="120.72623931326551">
    <ele>1671.0353307775404</ele>
    <time>2026-05-09T01:49:08Z</time>
</trkpt><trkpt lat="23.608338490905695" lon="120.72628496093694">
    <ele>1671.3129703702527</ele>
    <time>2026-05-09T01:49:14Z</time>
</trkpt><trkpt lat="23.608339579721118" lon="120.72632838343972">
    <ele>1670.7898148712222</ele>
    <time>2026-05-09T01:49:20Z</time>
</trkpt><trkpt lat="23.608340132398673" lon="120.72635076453366">
    <ele>1671.6083774049844</ele>
    <time>2026-05-09T01:49:26Z</time>
</trkpt><trkpt lat="23.60834459796022" lon="120.72635984418997">
    <ele>1672.3964793299126</ele>
    <time>2026-05-09T01:49:32Z</time>
</trkpt><trkpt lat="23.60834585675577" lon="120.726394905662">
    <ele>1673.164614386244</ele>
    <time>2026-05-09T01:49:38Z</time>
</trkpt><trkpt lat="23.60833856111849" lon="120.72643763232693">
    <ele>1673.7131047210132</ele>
    <time>2026-05-09T01:49:44Z</time>
</trkpt><trkpt lat="23.60832616202011" lon="120.7264805248618">
    <ele>1673.8848004711435</ele>
    <time>2026-05-09T01:49:50Z</time>
</trkpt><trkpt lat="23.608310751288723" lon="120.72651664084866">
    <ele>1674.8484903100523</ele>
    <time>2026-05-09T01:49:55Z</time>
</trkpt><trkpt lat="23.608287414501827" lon="120.7265545531611">
    <ele>1675.4285181800574</ele>
    <time>2026-05-09T01:50:01Z</time>
</trkpt><trkpt lat="23.60826296029536" lon="120.72659685043024">
    <ele>1675.0976699062367</ele>
    <time>2026-05-09T01:50:07Z</time>
</trkpt><trkpt lat="23.608247377659563" lon="120.72662991837026">
    <ele>1677.0730691397982</ele>
    <time>2026-05-09T01:50:13Z</time>
</trkpt><trkpt lat="23.608238239017805" lon="120.72665571451259">
    <ele>1679.0618795629723</ele>
    <time>2026-05-09T01:50:19Z</time>
</trkpt><trkpt lat="23.608228099959177" lon="120.7266882704727">
    <ele>1680.8600257060018</ele>
    <time>2026-05-09T01:50:25Z</time>
</trkpt><trkpt lat="23.608217164435295" lon="120.72672402639931">
    <ele>1681.474629517381</ele>
    <time>2026-05-09T01:50:31Z</time>
</trkpt><trkpt lat="23.608208461391587" lon="120.72675770340413">
    <ele>1679.2819964762343</ele>
    <time>2026-05-09T01:50:37Z</time>
</trkpt><trkpt lat="23.608197556893366" lon="120.72678894397882">
    <ele>1678.8437001283328</ele>
    <time>2026-05-09T01:50:44Z</time>
</trkpt><trkpt lat="23.608194995838613" lon="120.72681678629282">
    <ele>1680.3604223703812</ele>
    <time>2026-05-09T01:50:49Z</time>
</trkpt><trkpt lat="23.608190908111197" lon="120.72683798874812">
    <ele>1682.0150020877604</ele>
    <time>2026-05-09T01:50:54Z</time>
</trkpt><trkpt lat="23.608181499649756" lon="120.72686986395895">
    <ele>1683.5929324649221</ele>
    <time>2026-05-09T01:51:00Z</time>
</trkpt><trkpt lat="23.608172529192515" lon="120.72689555114854">
    <ele>1683.9187768625177</ele>
    <time>2026-05-09T01:51:06Z</time>
</trkpt><trkpt lat="23.608164572680653" lon="120.72691594663941">
    <ele>1683.982221405759</ele>
    <time>2026-05-09T01:51:12Z</time>
</trkpt><trkpt lat="23.608154294090568" lon="120.7269421937377">
    <ele>1685.6443517678003</ele>
    <time>2026-05-09T01:51:18Z</time>
</trkpt><trkpt lat="23.608136925608065" lon="120.7269839951153">
    <ele>1685.3634787782673</ele>
    <time>2026-05-09T01:51:24Z</time>
</trkpt><trkpt lat="23.608116303153587" lon="120.7270261395499">
    <ele>1686.8130489940945</ele>
    <time>2026-05-09T01:51:30Z</time>
</trkpt><trkpt lat="23.60810165286418" lon="120.72705348596139">
    <ele>1687.5580191772235</ele>
    <time>2026-05-09T01:51:36Z</time>
</trkpt><trkpt lat="23.608086984757094" lon="120.72707591884308">
    <ele>1687.4746399632643</ele>
    <time>2026-05-09T01:51:42Z</time>
</trkpt><trkpt lat="23.608070504021597" lon="120.72709640663415">
    <ele>1688.1579899555154</ele>
    <time>2026-05-09T01:51:48Z</time>
</trkpt><trkpt lat="23.608058647599385" lon="120.7271091808366">
    <ele>1689.966605606096</ele>
    <time>2026-05-09T01:51:54Z</time>
</trkpt><trkpt lat="23.608044005193833" lon="120.72712274380244">
    <ele>1691.3423890027764</ele>
    <time>2026-05-09T01:52:00Z</time>
</trkpt><trkpt lat="23.608027470283805" lon="120.7271364029273">
    <ele>1691.4749403086598</ele>
    <time>2026-05-09T01:52:06Z</time>
</trkpt><trkpt lat="23.608004518594086" lon="120.72714865910383">
    <ele>1692.7033522603997</ele>
    <time>2026-05-09T01:52:12Z</time>
</trkpt><trkpt lat="23.607961056093203" lon="120.72716391282982">
    <ele>1694.4179530379122</ele>
    <time>2026-05-09T01:52:17Z</time>
</trkpt><trkpt lat="23.607916545472953" lon="120.72717966827476">
    <ele>1695.4733692447398</ele>
    <time>2026-05-09T01:52:23Z</time>
</trkpt><trkpt lat="23.60787519188158" lon="120.72718744052344">
    <ele>1696.996127056342</ele>
    <time>2026-05-09T01:52:29Z</time>
</trkpt><trkpt lat="23.60782232174977" lon="120.72719455888549">
    <ele>1697.7606423560676</ele>
    <time>2026-05-09T01:52:35Z</time>
</trkpt><trkpt lat="23.607777896016376" lon="120.7272053854594">
    <ele>1699.9613693326507</ele>
    <time>2026-05-09T01:52:41Z</time>
</trkpt><trkpt lat="23.607736222411916" lon="120.72721238968573">
    <ele>1702.1916169838762</ele>
    <time>2026-05-09T01:52:47Z</time>
</trkpt><trkpt lat="23.607710726499693" lon="120.72721449802928">
    <ele>1703.7143822213181</ele>
    <time>2026-05-09T01:52:53Z</time>
</trkpt><trkpt lat="23.607700023456044" lon="120.72721475202846">
    <ele>1703.617675143393</ele>
    <time>2026-05-09T01:52:59Z</time>
</trkpt><trkpt lat="23.607683526391458" lon="120.72721535916726">
    <ele>1705.357620750488</ele>
    <time>2026-05-09T01:53:05Z</time>
</trkpt><trkpt lat="23.607667268919503" lon="120.72721635364098">
    <ele>1706.9307398393466</ele>
    <time>2026-05-09T01:53:11Z</time>
</trkpt><trkpt lat="23.607651241556635" lon="120.72721752483487">
    <ele>1707.0648738643067</ele>
    <time>2026-05-09T01:53:17Z</time>
</trkpt><trkpt lat="23.60762671825776" lon="120.72721936436349">
    <ele>1704.9141298615464</ele>
    <time>2026-05-09T01:53:23Z</time>
</trkpt><trkpt lat="23.607597406202338" lon="120.72722214509577">
    <ele>1702.575893991988</ele>
    <time>2026-05-09T01:53:29Z</time>
</trkpt><trkpt lat="23.607601689571023" lon="120.72727949818761">
    <ele>1700.9574041915512</ele>
    <time>2026-05-09T01:53:35Z</time>
</trkpt><trkpt lat="23.607599635035083" lon="120.72731662623241">
    <ele>1701.3496374611502</ele>
    <time>2026-05-09T01:53:41Z</time>
</trkpt><trkpt lat="23.60762269699336" lon="120.72728693466948">
    <ele>1700.5395091244234</ele>
    <time>2026-05-09T01:53:47Z</time>
</trkpt><trkpt lat="23.607626710548903" lon="120.72723711002102">
    <ele>1700.7849001793008</ele>
    <time>2026-05-09T01:53:53Z</time>
</trkpt><trkpt lat="23.607616251825448" lon="120.72721694701424">
    <ele>1701.1007142639196</ele>
    <time>2026-05-09T01:53:59Z</time>
</trkpt><trkpt lat="23.60761182176972" lon="120.72721619361688">
    <ele>1701.1944235667406</ele>
    <time>2026-05-09T01:54:05Z</time>
</trkpt><trkpt lat="23.607604022683113" lon="120.72722602788">
    <ele>1701.1880990427003</ele>
    <time>2026-05-09T01:54:11Z</time>
</trkpt><trkpt lat="23.607603584263014" lon="120.72724813670234">
    <ele>1701.1693071825728</ele>
    <time>2026-05-09T01:54:17Z</time>
</trkpt><trkpt lat="23.607601996131997" lon="120.72726776923253">
    <ele>1702.3599923793126</ele>
    <time>2026-05-09T01:54:23Z</time>
</trkpt><trkpt lat="23.607601654480153" lon="120.7272717743133">
    <ele>1702.7679827802178</ele>
    <time>2026-05-09T01:54:28Z</time>
</trkpt><trkpt lat="23.60760412503298" lon="120.72724807978935">
    <ele>1703.4203487736709</ele>
    <time>2026-05-09T01:54:34Z</time>
</trkpt><trkpt lat="23.60761885203552" lon="120.72726432864802">
    <ele>1702.0010380408473</ele>
    <time>2026-05-09T01:54:40Z</time>
</trkpt><trkpt lat="23.607628907357462" lon="120.72727214515318">
    <ele>1700.6369047570859</ele>
    <time>2026-05-09T01:54:46Z</time>
</trkpt><trkpt lat="23.607632002173293" lon="120.72727133893169">
    <ele>1700.9376671213408</ele>
    <time>2026-05-09T01:54:52Z</time>
</trkpt><trkpt lat="23.607631122739836" lon="120.7272710767009">
    <ele>1701.1689594530549</ele>
    <time>2026-05-09T01:54:58Z</time>
</trkpt><trkpt lat="23.607626970010067" lon="120.7272662822916">
    <ele>1702.3775165520717</ele>
    <time>2026-05-09T01:55:03Z</time>
</trkpt><trkpt lat="23.607622097686136" lon="120.727258413682">
    <ele>1703.017561429725</ele>
    <time>2026-05-09T01:55:09Z</time>
</trkpt><trkpt lat="23.60762104598748" lon="120.72725623235254">
    <ele>1702.8524983883553</ele>
    <time>2026-05-09T01:55:15Z</time>
</trkpt><trkpt lat="23.607621327358704" lon="120.72725648908407">
    <ele>1702.6985169227194</ele>
    <time>2026-05-09T01:55:21Z</time>
</trkpt><trkpt lat="23.607627450238375" lon="120.72725370055228">
    <ele>1700.8552624005881</ele>
    <time>2026-05-09T01:55:27Z</time>
</trkpt><trkpt lat="23.60762793695301" lon="120.72724615126754">
    <ele>1700.7683712472945</ele>
    <time>2026-05-09T01:55:33Z</time>
</trkpt><trkpt lat="23.607627374146862" lon="120.72724392874754">
    <ele>1700.9532818538644</ele>
    <time>2026-05-09T01:55:39Z</time>
</trkpt><trkpt lat="23.607625217293656" lon="120.727239474732">
    <ele>1700.5607992639036</ele>
    <time>2026-05-09T01:55:45Z</time>
</trkpt><trkpt lat="23.6076245248288" lon="120.72723834943704">
    <ele>1700.4112344313116</ele>
    <time>2026-05-09T01:55:51Z</time>
</trkpt><trkpt lat="23.607626938344534" lon="120.72723942714659">
    <ele>1700.5197994761834</ele>
    <time>2026-05-09T01:55:57Z</time>
</trkpt><trkpt lat="23.607628463731206" lon="120.72723848758105">
    <ele>1701.5209049961784</ele>
    <time>2026-05-09T01:56:03Z</time>
</trkpt><trkpt lat="23.607627078566818" lon="120.7272373543377">
    <ele>1701.4514076775786</ele>
    <time>2026-05-09T01:56:09Z</time>
</trkpt><trkpt lat="23.607627893422645" lon="120.72723603517183">
    <ele>1701.4776338220508</ele>
    <time>2026-05-09T01:56:15Z</time>
</trkpt><trkpt lat="23.607628297370102" lon="120.72723572945141">
    <ele>1701.4765169815662</ele>
    <time>2026-05-09T01:56:21Z</time>
</trkpt><trkpt lat="23.607628363193903" lon="120.72723579752544">
    <ele>1701.472314052524</ele>
    <time>2026-05-09T01:56:27Z</time>
</trkpt><trkpt lat="23.60762832753543" lon="120.72723588156173">
    <ele>1701.4704668734314</ele>
    <time>2026-05-09T01:56:32Z</time>
</trkpt><trkpt lat="23.60762933372928" lon="120.72725599382223">
    <ele>1698.24507642986</ele>
    <time>2026-05-09T01:56:38Z</time>
</trkpt><trkpt lat="23.60763185216302" lon="120.72726084098527">
    <ele>1698.2150212443883</ele>
    <time>2026-05-09T01:56:44Z</time>
</trkpt><trkpt lat="23.60763250579827" lon="120.72726041073253">
    <ele>1698.5619577742896</ele>
    <time>2026-05-09T01:56:50Z</time>
</trkpt><trkpt lat="23.60762970801712" lon="120.72724736995974">
    <ele>1701.2132483220853</ele>
    <time>2026-05-09T01:56:56Z</time>
</trkpt><trkpt lat="23.607631533420065" lon="120.72724219189735">
    <ele>1701.319694045241</ele>
    <time>2026-05-09T01:57:02Z</time>
</trkpt><trkpt lat="23.607632572617266" lon="120.72724148172831">
    <ele>1701.0694037533467</ele>
    <time>2026-05-09T01:57:08Z</time>
</trkpt><trkpt lat="23.60763480778575" lon="120.72724760288926">
    <ele>1700.1464252967355</ele>
    <time>2026-05-09T01:57:14Z</time>
</trkpt><trkpt lat="23.607654723070603" lon="120.72727418014374">
    <ele>1700.3709250341558</ele>
    <time>2026-05-09T01:57:20Z</time>
</trkpt><trkpt lat="23.607663898261723" lon="120.72728235899761">
    <ele>1700.4542599351762</ele>
    <time>2026-05-09T01:57:26Z</time>
</trkpt><trkpt lat="23.60766313158246" lon="120.72728837553264">
    <ele>1699.8832154620325</ele>
    <time>2026-05-09T01:57:32Z</time>
</trkpt><trkpt lat="23.6076500391976" lon="120.72728647944987">
    <ele>1698.7819968907586</ele>
    <time>2026-05-09T01:57:38Z</time>
</trkpt><trkpt lat="23.607653170151316" lon="120.72728731041717">
    <ele>1696.7956560937455</ele>
    <time>2026-05-09T01:57:44Z</time>
</trkpt><trkpt lat="23.60764516828658" lon="120.72728746024627">
    <ele>1694.980407952539</ele>
    <time>2026-05-09T01:57:50Z</time>
</trkpt><trkpt lat="23.60764482130827" lon="120.72729141781076">
    <ele>1694.3366429293715</ele>
    <time>2026-05-09T01:57:56Z</time>
</trkpt><trkpt lat="23.607645714528527" lon="120.72728591326927">
    <ele>1694.3796293446203</ele>
    <time>2026-05-09T01:58:02Z</time>
</trkpt><trkpt lat="23.607635204992285" lon="120.72727517882466">
    <ele>1694.7613221077809</ele>
    <time>2026-05-09T01:58:08Z</time>
</trkpt><trkpt lat="23.60764038219342" lon="120.72728054178512">
    <ele>1696.2498101713718</ele>
    <time>2026-05-09T01:58:14Z</time>
</trkpt><trkpt lat="23.607647780566683" lon="120.72728777114077">
    <ele>1697.2171894926892</ele>
    <time>2026-05-09T01:58:20Z</time>
</trkpt><trkpt lat="23.607657599397573" lon="120.72729775315588">
    <ele>1698.4628036210474</ele>
    <time>2026-05-09T01:58:26Z</time>
</trkpt><trkpt lat="23.607661797874293" lon="120.72730268824117">
    <ele>1699.5940141401086</ele>
    <time>2026-05-09T01:58:32Z</time>
</trkpt><trkpt lat="23.6076652416393" lon="120.72730813548664">
    <ele>1700.2002869092912</ele>
    <time>2026-05-09T01:58:38Z</time>
</trkpt><trkpt lat="23.607666639969583" lon="120.72730987112328">
    <ele>1701.058756853744</ele>
    <time>2026-05-09T01:58:43Z</time>
</trkpt><trkpt lat="23.60766713442602" lon="120.72731072484062">
    <ele>1702.542784338095</ele>
    <time>2026-05-09T01:58:49Z</time>
</trkpt><trkpt lat="23.607667045682955" lon="120.72731016004767">
    <ele>1704.0418767116846</ele>
    <time>2026-05-09T01:58:55Z</time>
</trkpt><trkpt lat="23.60766377494827" lon="120.72730933937774">
    <ele>1704.543894543516</ele>
    <time>2026-05-09T01:59:01Z</time>
</trkpt><trkpt lat="23.607659625148337" lon="120.727308417354">
    <ele>1704.1476000363498</ele>
    <time>2026-05-09T01:59:08Z</time>
</trkpt><trkpt lat="23.607655854512988" lon="120.7273025644751">
    <ele>1704.580569154586</ele>
    <time>2026-05-09T01:59:13Z</time>
</trkpt><trkpt lat="23.60765264161784" lon="120.72729605418199">
    <ele>1705.4717326727332</ele>
    <time>2026-05-09T01:59:18Z</time>
</trkpt><trkpt lat="23.60765093660293" lon="120.72729252554244">
    <ele>1705.9538174896306</ele>
    <time>2026-05-09T01:59:23Z</time>
</trkpt><trkpt lat="23.607648917963395" lon="120.72729309717245">
    <ele>1706.567730505835</ele>
    <time>2026-05-09T01:59:29Z</time>
</trkpt><trkpt lat="23.607646788717894" lon="120.72729604279577">
    <ele>1707.1170042504004</ele>
    <time>2026-05-09T01:59:35Z</time>
</trkpt><trkpt lat="23.607646278444914" lon="120.72730156201986">
    <ele>1706.6294325893446</ele>
    <time>2026-05-09T01:59:41Z</time>
</trkpt><trkpt lat="23.607648647112597" lon="120.72730807280786">
    <ele>1705.8655029886625</ele>
    <time>2026-05-09T01:59:47Z</time>
</trkpt><trkpt lat="23.607651202152784" lon="120.72731716035865">
    <ele>1705.4245807941109</ele>
    <time>2026-05-09T01:59:53Z</time>
</trkpt><trkpt lat="23.60765467961177" lon="120.72732489410735">
    <ele>1705.251483063061</ele>
    <time>2026-05-09T01:59:59Z</time>
</trkpt><trkpt lat="23.607654643419163" lon="120.72732495884979">
    <ele>1705.6517644746523</ele>
    <time>2026-05-09T02:00:05Z</time>
</trkpt><trkpt lat="23.607653487947825" lon="120.72732306008515">
    <ele>1705.8448633115345</ele>
    <time>2026-05-09T02:00:11Z</time>
</trkpt><trkpt lat="23.607642812604304" lon="120.72730776196691">
    <ele>1706.2315641315415</ele>
    <time>2026-05-09T02:00:17Z</time>
</trkpt><trkpt lat="23.607638574130913" lon="120.72729902781458">
    <ele>1707.4158514164653</ele>
    <time>2026-05-09T02:00:23Z</time>
</trkpt><trkpt lat="23.60763485806572" lon="120.72729917177243">
    <ele>1706.6928681093254</ele>
    <time>2026-05-09T02:00:28Z</time>
</trkpt><trkpt lat="23.607635996015794" lon="120.72729847333814">
    <ele>1706.0298765894097</ele>
    <time>2026-05-09T02:00:34Z</time>
</trkpt><trkpt lat="23.60763808975306" lon="120.72729857504841">
    <ele>1706.0368806747028</ele>
    <time>2026-05-09T02:00:40Z</time>
</trkpt><trkpt lat="23.607638572054498" lon="120.72729428045005">
    <ele>1707.0128796433896</ele>
    <time>2026-05-09T02:00:46Z</time>
</trkpt><trkpt lat="23.607637557619498" lon="120.72729303290066">
    <ele>1707.7030412721738</ele>
    <time>2026-05-09T02:00:52Z</time>
</trkpt><trkpt lat="23.607638231403605" lon="120.72729295072273">
    <ele>1708.4304868342438</ele>
    <time>2026-05-09T02:00:58Z</time>
</trkpt><trkpt lat="23.607638449095177" lon="120.72729349347063">
    <ele>1709.792481079258</ele>
    <time>2026-05-09T02:01:04Z</time>
</trkpt><trkpt lat="23.607640074779127" lon="120.72729322429649">
    <ele>1711.4551510767028</ele>
    <time>2026-05-09T02:01:10Z</time>
</trkpt><trkpt lat="23.607642964104926" lon="120.72731125099351">
    <ele>1710.5062388616027</ele>
    <time>2026-05-09T02:01:16Z</time>
</trkpt><trkpt lat="23.607642989770927" lon="120.7273270524277">
    <ele>1709.9439319755281</ele>
    <time>2026-05-09T02:01:21Z</time>
</trkpt><trkpt lat="23.607630248884167" lon="120.72733150212817">
    <ele>1710.3397037674013</ele>
    <time>2026-05-09T02:01:26Z</time>
</trkpt><trkpt lat="23.6076256153825" lon="120.72733916731215">
    <ele>1711.5416112528342</ele>
    <time>2026-05-09T02:01:31Z</time>
</trkpt><trkpt lat="23.60761737654359" lon="120.72734941302285">
    <ele>1713.5470376134742</ele>
    <time>2026-05-09T02:01:37Z</time>
</trkpt><trkpt lat="23.60761918402822" lon="120.72734730396189">
    <ele>1713.8801840928934</ele>
    <time>2026-05-09T02:01:43Z</time>
</trkpt><trkpt lat="23.60761898183847" lon="120.72734048484196">
    <ele>1713.798774662701</ele>
    <time>2026-05-09T02:01:49Z</time>
</trkpt><trkpt lat="23.60762086446843" lon="120.72733236666811">
    <ele>1713.322492817271</ele>
    <time>2026-05-09T02:01:55Z</time>
</trkpt><trkpt lat="23.607621515751678" lon="120.72733039070064">
    <ele>1713.159037593139</ele>
    <time>2026-05-09T02:02:01Z</time>
</trkpt><trkpt lat="23.607618569451745" lon="120.72733127974804">
    <ele>1712.6304070914607</ele>
    <time>2026-05-09T02:02:07Z</time>
</trkpt><trkpt lat="23.607617457288892" lon="120.72733196677214">
    <ele>1712.4773149436833</ele>
    <time>2026-05-09T02:02:13Z</time>
</trkpt><trkpt lat="23.607615121447132" lon="120.72733381797318">
    <ele>1711.101896053108</ele>
    <time>2026-05-09T02:02:19Z</time>
</trkpt><trkpt lat="23.607609904047987" lon="120.72734033815348">
    <ele>1709.460558653671</ele>
    <time>2026-05-09T02:02:24Z</time>
</trkpt><trkpt lat="23.607608416714374" lon="120.72734233725733">
    <ele>1709.0615001210954</ele>
    <time>2026-05-09T02:02:30Z</time>
</trkpt><trkpt lat="23.60760854906808" lon="120.72734224081059">
    <ele>1709.13753358359</ele>
    <time>2026-05-09T02:02:36Z</time>
</trkpt><trkpt lat="23.607614296382657" lon="120.72733571196069">
    <ele>1707.0879622247971</ele>
    <time>2026-05-09T02:02:42Z</time>
</trkpt><trkpt lat="23.607616810316227" lon="120.72734160885648">
    <ele>1706.4146983164164</ele>
    <time>2026-05-09T02:02:48Z</time>
</trkpt><trkpt lat="23.607628065148653" lon="120.72734912055873">
    <ele>1705.6432733444447</ele>
    <time>2026-05-09T02:02:54Z</time>
</trkpt><trkpt lat="23.607637211506628" lon="120.72735412134148">
    <ele>1706.4859458423755</ele>
    <time>2026-05-09T02:03:00Z</time>
</trkpt><trkpt lat="23.607654984474852" lon="120.72735048485173">
    <ele>1707.4458759864328</ele>
    <time>2026-05-09T02:03:06Z</time>
</trkpt><trkpt lat="23.607673580379732" lon="120.7273609195164">
    <ele>1708.963539072749</ele>
    <time>2026-05-09T02:03:12Z</time>
</trkpt><trkpt lat="23.60769375730427" lon="120.7273836294314">
    <ele>1709.032265856412</ele>
    <time>2026-05-09T02:03:18Z</time>
</trkpt><trkpt lat="23.60770900482056" lon="120.72741544921264">
    <ele>1707.8581419742893</ele>
    <time>2026-05-09T02:03:23Z</time>
</trkpt><trkpt lat="23.607733916584152" lon="120.7274488429511">
    <ele>1705.658603900567</ele>
    <time>2026-05-09T02:03:28Z</time>
</trkpt><trkpt lat="23.607763920808953" lon="120.7274803581371">
    <ele>1704.8850397371953</ele>
    <time>2026-05-09T02:03:34Z</time>
</trkpt><trkpt lat="23.607794976452023" lon="120.7275078532134">
    <ele>1704.431478545743</ele>
    <time>2026-05-09T02:03:40Z</time>
</trkpt><trkpt lat="23.607825606329303" lon="120.72753343874001">
    <ele>1703.4461241416407</ele>
    <time>2026-05-09T02:03:46Z</time>
</trkpt><trkpt lat="23.60787273241829" lon="120.7275716958741">
    <ele>1701.8915737399707</ele>
    <time>2026-05-09T02:03:52Z</time>
</trkpt><trkpt lat="23.60791440545427" lon="120.72761360183165">
    <ele>1700.4610238055943</ele>
    <time>2026-05-09T02:03:58Z</time>
</trkpt><trkpt lat="23.60795247463742" lon="120.7276440531874">
    <ele>1699.9681380465324</ele>
    <time>2026-05-09T02:04:04Z</time>
</trkpt><trkpt lat="23.607998566097308" lon="120.72767134773515">
    <ele>1701.6962709468028</ele>
    <time>2026-05-09T02:04:10Z</time>
</trkpt><trkpt lat="23.608036841658098" lon="120.72768835452673">
    <ele>1702.1186797874318</ele>
    <time>2026-05-09T02:04:16Z</time>
</trkpt><trkpt lat="23.60806388768096" lon="120.72769559238878">
    <ele>1702.0642630646612</ele>
    <time>2026-05-09T02:04:22Z</time>
</trkpt><trkpt lat="23.608104076992984" lon="120.72769300404664">
    <ele>1701.3724033527856</ele>
    <time>2026-05-09T02:04:28Z</time>
</trkpt><trkpt lat="23.608143130271472" lon="120.72769141910828">
    <ele>1701.7988733017492</ele>
    <time>2026-05-09T02:04:34Z</time>
</trkpt><trkpt lat="23.60817865691318" lon="120.7276910037199">
    <ele>1699.973906495744</ele>
    <time>2026-05-09T02:04:40Z</time>
</trkpt><trkpt lat="23.608222864598073" lon="120.72769001289588">
    <ele>1701.3365280279586</ele>
    <time>2026-05-09T02:04:46Z</time>
</trkpt><trkpt lat="23.60826861796603" lon="120.72769054777281">
    <ele>1701.9285819614558</ele>
    <time>2026-05-09T02:04:52Z</time>
</trkpt><trkpt lat="23.608300274692688" lon="120.7276928883503">
    <ele>1701.4405111030926</ele>
    <time>2026-05-09T02:04:58Z</time>
</trkpt><trkpt lat="23.60834359278282" lon="120.72771634934685">
    <ele>1702.3177916431014</ele>
    <time>2026-05-09T02:05:04Z</time>
</trkpt><trkpt lat="23.60837651010098" lon="120.72774217925945">
    <ele>1702.392405850735</ele>
    <time>2026-05-09T02:05:10Z</time>
</trkpt><trkpt lat="23.608399039558634" lon="120.72777199736235">
    <ele>1702.84250789345</ele>
    <time>2026-05-09T02:05:16Z</time>
</trkpt><trkpt lat="23.60841893396959" lon="120.72781645289736">
    <ele>1704.887136245114</ele>
    <time>2026-05-09T02:05:22Z</time>
</trkpt><trkpt lat="23.608435628918244" lon="120.72787016126712">
    <ele>1702.5298808628445</ele>
    <time>2026-05-09T02:05:28Z</time>
</trkpt><trkpt lat="23.608450055049445" lon="120.72792901667914">
    <ele>1699.3671045096003</ele>
    <time>2026-05-09T02:05:34Z</time>
</trkpt><trkpt lat="23.6084612261756" lon="120.72798237126447">
    <ele>1698.7208612873076</ele>
    <time>2026-05-09T02:05:39Z</time>
</trkpt><trkpt lat="23.608473557414946" lon="120.72804209791065">
    <ele>1698.0171869230292</ele>
    <time>2026-05-09T02:05:45Z</time>
</trkpt><trkpt lat="23.60848554999533" lon="120.72808729156922">
    <ele>1698.969688262367</ele>
    <time>2026-05-09T02:05:51Z</time>
</trkpt><trkpt lat="23.608493398872717" lon="120.72811103905894">
    <ele>1699.196269171353</ele>
    <time>2026-05-09T02:05:56Z</time>
</trkpt><trkpt lat="23.608502626300556" lon="120.72813391839239">
    <ele>1698.30660230238</ele>
    <time>2026-05-09T02:06:02Z</time>
</trkpt><trkpt lat="23.60851560603387" lon="120.7281588765927">
    <ele>1699.0287144645838</ele>
    <time>2026-05-09T02:06:08Z</time>
</trkpt><trkpt lat="23.608530717282434" lon="120.72818487218994">
    <ele>1700.30034872552</ele>
    <time>2026-05-09T02:06:14Z</time>
</trkpt><trkpt lat="23.608553086286154" lon="120.72820860152692">
    <ele>1699.7862169581958</ele>
    <time>2026-05-09T02:06:20Z</time>
</trkpt><trkpt lat="23.608592024217497" lon="120.72822991021619">
    <ele>1700.1329510882695</ele>
    <time>2026-05-09T02:06:26Z</time>
</trkpt><trkpt lat="23.608630193602966" lon="120.72824267721398">
    <ele>1699.564971930457</ele>
    <time>2026-05-09T02:06:32Z</time>
</trkpt><trkpt lat="23.608666843572454" lon="120.72824362386761">
    <ele>1699.9269035600962</ele>
    <time>2026-05-09T02:06:38Z</time>
</trkpt><trkpt lat="23.608703165558104" lon="120.72824049482671">
    <ele>1701.2561532073178</ele>
    <time>2026-05-09T02:06:44Z</time>
</trkpt><trkpt lat="23.608748204847505" lon="120.72823957955313">
    <ele>1699.3703362564318</ele>
    <time>2026-05-09T02:06:50Z</time>
</trkpt><trkpt lat="23.608790497901484" lon="120.72823957619262">
    <ele>1698.3645328669365</ele>
    <time>2026-05-09T02:06:56Z</time>
</trkpt><trkpt lat="23.608833846511125" lon="120.72824887607757">
    <ele>1697.609298832142</ele>
    <time>2026-05-09T02:07:02Z</time>
</trkpt><trkpt lat="23.608873091213134" lon="120.72825513600347">
    <ele>1696.9679029151998</ele>
    <time>2026-05-09T02:07:08Z</time>
</trkpt><trkpt lat="23.608904097638163" lon="120.7282704097197">
    <ele>1697.6230603335855</ele>
    <time>2026-05-09T02:07:14Z</time>
</trkpt><trkpt lat="23.60890602723985" lon="120.72834443302719">
    <ele>1698.319504106313</ele>
    <time>2026-05-09T02:07:20Z</time>
</trkpt><trkpt lat="23.608912833544498" lon="120.72844259886887">
    <ele>1697.0368637609095</ele>
    <time>2026-05-09T02:07:26Z</time>
</trkpt><trkpt lat="23.608927454455902" lon="120.72850092285577">
    <ele>1697.0427988298745</ele>
    <time>2026-05-09T02:07:32Z</time>
</trkpt><trkpt lat="23.608935659232852" lon="120.72854653749881">
    <ele>1698.3527172686472</ele>
    <time>2026-05-09T02:07:38Z</time>
</trkpt><trkpt lat="23.608927257566272" lon="120.7285933664211">
    <ele>1699.3604705636824</ele>
    <time>2026-05-09T02:07:44Z</time>
</trkpt><trkpt lat="23.608916322316208" lon="120.72863686188664">
    <ele>1698.4462436400865</ele>
    <time>2026-05-09T02:07:50Z</time>
</trkpt><trkpt lat="23.608908804323015" lon="120.72867789118732">
    <ele>1697.4183354071579</ele>
    <time>2026-05-09T02:07:56Z</time>
</trkpt><trkpt lat="23.608905811246668" lon="120.72870882840563">
    <ele>1696.930395996917</ele>
    <time>2026-05-09T02:08:02Z</time>
</trkpt><trkpt lat="23.608905202393206" lon="120.7287240132387">
    <ele>1695.7851816561445</ele>
    <time>2026-05-09T02:08:08Z</time>
</trkpt><trkpt lat="23.608912896142918" lon="120.72873255280713">
    <ele>1696.207050651364</ele>
    <time>2026-05-09T02:08:14Z</time>
</trkpt><trkpt lat="23.608912909110597" lon="120.72876062513433">
    <ele>1699.253759029631</ele>
    <time>2026-05-09T02:08:19Z</time>
</trkpt><trkpt lat="23.608910450207503" lon="120.72876755705146">
    <ele>1701.822306760096</ele>
    <time>2026-05-09T02:08:25Z</time>
</trkpt><trkpt lat="23.60891123352081" lon="120.7287761454555">
    <ele>1701.7366713710198</ele>
    <time>2026-05-09T02:08:31Z</time>
</trkpt><trkpt lat="23.608924319963183" lon="120.7288055737616">
    <ele>1702.3837608419853</ele>
    <time>2026-05-09T02:08:37Z</time>
</trkpt><trkpt lat="23.60894513745453" lon="120.72883523044746">
    <ele>1703.219190277765</ele>
    <time>2026-05-09T02:08:43Z</time>
</trkpt><trkpt lat="23.60895274887496" lon="120.72884423759024">
    <ele>1702.1586553433062</ele>
    <time>2026-05-09T02:08:49Z</time>
</trkpt><trkpt lat="23.608950963894785" lon="120.72885126676573">
    <ele>1703.2725592953286</ele>
    <time>2026-05-09T02:08:55Z</time>
</trkpt><trkpt lat="23.60892169435436" lon="120.72889423559327">
    <ele>1708.0230323403184</ele>
    <time>2026-05-09T02:09:01Z</time>
</trkpt><trkpt lat="23.60890952724576" lon="120.72892886213147">
    <ele>1709.9063609241512</ele>
    <time>2026-05-09T02:09:07Z</time>
</trkpt><trkpt lat="23.60892463882658" lon="120.72893958965682">
    <ele>1709.4008741571595</ele>
    <time>2026-05-09T02:09:13Z</time>
</trkpt><trkpt lat="23.608960434945942" lon="120.72890881311993">
    <ele>1708.950255661023</ele>
    <time>2026-05-09T02:09:19Z</time>
</trkpt><trkpt lat="23.60899820406516" lon="120.72888009690497">
    <ele>1707.8601387778779</ele>
    <time>2026-05-09T02:09:25Z</time>
</trkpt><trkpt lat="23.60903872049012" lon="120.72888912021497">
    <ele>1706.3667476355956</ele>
    <time>2026-05-09T02:09:31Z</time>
</trkpt><trkpt lat="23.609060184003773" lon="120.72890060346823">
    <ele>1705.1296184667794</ele>
    <time>2026-05-09T02:09:37Z</time>
</trkpt><trkpt lat="23.609087227428947" lon="120.72891396015716">
    <ele>1705.1023071329919</ele>
    <time>2026-05-09T02:09:43Z</time>
</trkpt><trkpt lat="23.609100581440945" lon="120.72892033232822">
    <ele>1704.626163262119</ele>
    <time>2026-05-09T02:09:49Z</time>
</trkpt><trkpt lat="23.609136535143364" lon="120.72893596602874">
    <ele>1705.8233009442195</ele>
    <time>2026-05-09T02:09:55Z</time>
</trkpt><trkpt lat="23.60919131471457" lon="120.7289645086757">
    <ele>1708.0850122741413</ele>
    <time>2026-05-09T02:10:01Z</time>
</trkpt><trkpt lat="23.60924279948898" lon="120.7289994387223">
    <ele>1709.9456196744231</ele>
    <time>2026-05-09T02:10:07Z</time>
</trkpt><trkpt lat="23.60928801107089" lon="120.7290467031589">
    <ele>1710.5692306968936</ele>
    <time>2026-05-09T02:10:13Z</time>
</trkpt><trkpt lat="23.60931516615873" lon="120.72908805863923">
    <ele>1710.1954259685792</ele>
    <time>2026-05-09T02:10:19Z</time>
</trkpt><trkpt lat="23.609336604159495" lon="120.72913132133813">
    <ele>1710.2858108026378</ele>
    <time>2026-05-09T02:10:25Z</time>
</trkpt><trkpt lat="23.60935823855332" lon="120.7291769762606">
    <ele>1710.5764945069102</ele>
    <time>2026-05-09T02:10:30Z</time>
</trkpt><trkpt lat="23.609381465490667" lon="120.72922887951768">
    <ele>1709.8216583573715</ele>
    <time>2026-05-09T02:10:36Z</time>
</trkpt><trkpt lat="23.60939154006172" lon="120.72925181172806">
    <ele>1708.3932261381237</ele>
    <time>2026-05-09T02:10:42Z</time>
</trkpt><trkpt lat="23.609405179494782" lon="120.7292735435868">
    <ele>1706.5897703362855</ele>
    <time>2026-05-09T02:10:48Z</time>
</trkpt><trkpt lat="23.60942066457899" lon="120.72931364263526">
    <ele>1706.7482494816845</ele>
    <time>2026-05-09T02:10:54Z</time>
</trkpt><trkpt lat="23.609431574091175" lon="120.72933975342865">
    <ele>1709.0501515362212</ele>
    <time>2026-05-09T02:11:00Z</time>
</trkpt><trkpt lat="23.609456437545383" lon="120.72937303513406">
    <ele>1709.9638459371174</ele>
    <time>2026-05-09T02:11:06Z</time>
</trkpt><trkpt lat="23.609455147710285" lon="120.72938192972838">
    <ele>1711.6440347173348</ele>
    <time>2026-05-09T02:11:12Z</time>
</trkpt><trkpt lat="23.609459847386248" lon="120.72939448375992">
    <ele>1711.2952600503804</ele>
    <time>2026-05-09T02:11:18Z</time>
</trkpt><trkpt lat="23.6094725778492" lon="120.72941752394807">
    <ele>1713.2766060015947</ele>
    <time>2026-05-09T02:11:24Z</time>
</trkpt><trkpt lat="23.60948871028024" lon="120.72944444265322">
    <ele>1713.5357472402952</ele>
    <time>2026-05-09T02:11:30Z</time>
</trkpt><trkpt lat="23.609503198460274" lon="120.72945404853257">
    <ele>1713.6956309748532</ele>
    <time>2026-05-09T02:11:36Z</time>
</trkpt><trkpt lat="23.609510266739456" lon="120.7294609300744">
    <ele>1713.9193921612214</ele>
    <time>2026-05-09T02:11:42Z</time>
</trkpt><trkpt lat="23.60950661534644" lon="120.7294636580779">
    <ele>1713.8994381777038</ele>
    <time>2026-05-09T02:11:47Z</time>
</trkpt><trkpt lat="23.60951125461066" lon="120.7294664276805">
    <ele>1713.9230439158127</ele>
    <time>2026-05-09T02:11:52Z</time>
</trkpt><trkpt lat="23.609513931273163" lon="120.72946773965658">
    <ele>1713.8620973570078</ele>
    <time>2026-05-09T02:11:58Z</time>
</trkpt><trkpt lat="23.60952420923727" lon="120.7294800321696">
    <ele>1712.9628243761058</ele>
    <time>2026-05-09T02:12:04Z</time>
</trkpt><trkpt lat="23.609543297293207" lon="120.72949663221158">
    <ele>1713.6737997457062</ele>
    <time>2026-05-09T02:12:10Z</time>
</trkpt><trkpt lat="23.609560519921896" lon="120.72950766361511">
    <ele>1714.9612212598486</ele>
    <time>2026-05-09T02:12:16Z</time>
</trkpt><trkpt lat="23.609573708506144" lon="120.72951412670976">
    <ele>1717.2103419196148</ele>
    <time>2026-05-09T02:12:22Z</time>
</trkpt><trkpt lat="23.609583491456448" lon="120.72951700308839">
    <ele>1719.21481888735</ele>
    <time>2026-05-09T02:12:28Z</time>
</trkpt><trkpt lat="23.609566507075314" lon="120.72951496779157">
    <ele>1721.1326267029035</ele>
    <time>2026-05-09T02:12:34Z</time>
</trkpt><trkpt lat="23.609553201000004" lon="120.7295133977738">
    <ele>1720.8748938075644</ele>
    <time>2026-05-09T02:12:39Z</time>
</trkpt><trkpt lat="23.609551390872507" lon="120.72951359441213">
    <ele>1720.916484085795</ele>
    <time>2026-05-09T02:12:45Z</time>
</trkpt><trkpt lat="23.609545283685588" lon="120.72950971771208">
    <ele>1721.7079638746127</ele>
    <time>2026-05-09T02:12:51Z</time>
</trkpt><trkpt lat="23.60955498726565" lon="120.72951481602597">
    <ele>1723.330992195159</ele>
    <time>2026-05-09T02:12:57Z</time>
</trkpt><trkpt lat="23.609566831012682" lon="120.72952054067379">
    <ele>1725.7666733061276</ele>
    <time>2026-05-09T02:13:03Z</time>
</trkpt><trkpt lat="23.6095711246186" lon="120.72952254813643">
    <ele>1726.6063758296461</ele>
    <time>2026-05-09T02:13:09Z</time>
</trkpt><trkpt lat="23.609576166709488" lon="120.72952443981607">
    <ele>1727.816690694049</ele>
    <time>2026-05-09T02:13:15Z</time>
</trkpt><trkpt lat="23.60957266338561" lon="120.72953828483169">
    <ele>1729.8500568948768</ele>
    <time>2026-05-09T02:13:21Z</time>
</trkpt><trkpt lat="23.60958256016453" lon="120.72955715740203">
    <ele>1729.3850765894301</ele>
    <time>2026-05-09T02:13:27Z</time>
</trkpt><trkpt lat="23.609597828584786" lon="120.72956315059832">
    <ele>1727.44142926604</ele>
    <time>2026-05-09T02:13:33Z</time>
</trkpt><trkpt lat="23.609618356265607" lon="120.72957203733094">
    <ele>1724.6409238072501</ele>
    <time>2026-05-09T02:13:39Z</time>
</trkpt><trkpt lat="23.6096485525859" lon="120.7295610134972">
    <ele>1721.0322829878169</ele>
    <time>2026-05-09T02:13:45Z</time>
</trkpt><trkpt lat="23.60967113079384" lon="120.7295438935296">
    <ele>1721.2045374710847</ele>
    <time>2026-05-09T02:13:51Z</time>
</trkpt><trkpt lat="23.609680945298013" lon="120.72953277017787">
    <ele>1721.1000789510967</ele>
    <time>2026-05-09T02:13:56Z</time>
</trkpt><trkpt lat="23.60969030568702" lon="120.72953084166222">
    <ele>1720.3192921194561</ele>
    <time>2026-05-09T02:14:02Z</time>
</trkpt><trkpt lat="23.60970528582215" lon="120.72952478325043">
    <ele>1720.2977375020341</ele>
    <time>2026-05-09T02:14:08Z</time>
</trkpt><trkpt lat="23.609711330562646" lon="120.72952726415296">
    <ele>1721.1981311770487</ele>
    <time>2026-05-09T02:14:14Z</time>
</trkpt><trkpt lat="23.60970777770829" lon="120.72952856457498">
    <ele>1721.8893155410126</ele>
    <time>2026-05-09T02:14:20Z</time>
</trkpt><trkpt lat="23.60971226419181" lon="120.72951998092798">
    <ele>1724.825211782774</ele>
    <time>2026-05-09T02:14:26Z</time>
</trkpt><trkpt lat="23.609721237133225" lon="120.72951442067423">
    <ele>1727.7423574489915</ele>
    <time>2026-05-09T02:14:32Z</time>
</trkpt><trkpt lat="23.609749192057087" lon="120.72950120340506">
    <ele>1728.7576254158505</ele>
    <time>2026-05-09T02:14:38Z</time>
</trkpt><trkpt lat="23.60976790950687" lon="120.72949229602474">
    <ele>1728.2933971836896</ele>
    <time>2026-05-09T02:14:44Z</time>
</trkpt><trkpt lat="23.609780431400168" lon="120.72948600712458">
    <ele>1728.0213603485763</ele>
    <time>2026-05-09T02:14:50Z</time>
</trkpt><trkpt lat="23.609788874205673" lon="120.7294815422502">
    <ele>1730.3981709013344</ele>
    <time>2026-05-09T02:14:55Z</time>
</trkpt><trkpt lat="23.609797116022484" lon="120.72947715070474">
    <ele>1732.2226558970835</ele>
    <time>2026-05-09T02:15:01Z</time>
</trkpt><trkpt lat="23.609814480999" lon="120.72946931548752">
    <ele>1732.4055602871917</ele>
    <time>2026-05-09T02:15:07Z</time>
</trkpt><trkpt lat="23.60983511214628" lon="120.72946275705046">
    <ele>1733.6610398397158</ele>
    <time>2026-05-09T02:15:13Z</time>
</trkpt><trkpt lat="23.60985552567799" lon="120.72945943429514">
    <ele>1733.2060719620906</ele>
    <time>2026-05-09T02:15:19Z</time>
</trkpt><trkpt lat="23.609863155098264" lon="120.72946682760238">
    <ele>1735.5241378341107</ele>
    <time>2026-05-09T02:15:25Z</time>
</trkpt><trkpt lat="23.609859396314906" lon="120.72946731048552">
    <ele>1739.4782368007147</ele>
    <time>2026-05-09T02:15:31Z</time>
</trkpt><trkpt lat="23.609848619692524" lon="120.72946200088538">
    <ele>1741.9380227991553</ele>
    <time>2026-05-09T02:15:37Z</time>
</trkpt><trkpt lat="23.609854398967492" lon="120.7294596081779">
    <ele>1742.7830510239326</ele>
    <time>2026-05-09T02:15:43Z</time>
</trkpt><trkpt lat="23.609872957806054" lon="120.72945870295621">
    <ele>1743.44120559158</ele>
    <time>2026-05-09T02:15:49Z</time>
</trkpt><trkpt lat="23.609879465691375" lon="120.72945878614166">
    <ele>1743.8493798875268</ele>
    <time>2026-05-09T02:15:55Z</time>
</trkpt><trkpt lat="23.609910476665572" lon="120.7294626368083">
    <ele>1744.093655651029</ele>
    <time>2026-05-09T02:16:01Z</time>
</trkpt><trkpt lat="23.60991808119082" lon="120.72946357184394">
    <ele>1745.1671275086373</ele>
    <time>2026-05-09T02:16:07Z</time>
</trkpt><trkpt lat="23.609924608829445" lon="120.72946533187543">
    <ele>1747.1374702030848</ele>
    <time>2026-05-09T02:16:13Z</time>
</trkpt><trkpt lat="23.60993821339961" lon="120.72947685051592">
    <ele>1749.5004836264404</ele>
    <time>2026-05-09T02:16:19Z</time>
</trkpt><trkpt lat="23.609941514179432" lon="120.72948045752202">
    <ele>1750.9273573139249</ele>
    <time>2026-05-09T02:16:25Z</time>
</trkpt><trkpt lat="23.609948302926277" lon="120.72948213476032">
    <ele>1751.4912910955545</ele>
    <time>2026-05-09T02:16:31Z</time>
</trkpt><trkpt lat="23.609964850941378" lon="120.7294857158426">
    <ele>1750.7245014099456</ele>
    <time>2026-05-09T02:16:37Z</time>
</trkpt><trkpt lat="23.609966745526535" lon="120.72948548770343">
    <ele>1751.0246289970507</ele>
    <time>2026-05-09T02:16:43Z</time>
</trkpt><trkpt lat="23.609972740554998" lon="120.72948229469286">
    <ele>1750.211617168151</ele>
    <time>2026-05-09T02:16:49Z</time>
</trkpt><trkpt lat="23.609971624618566" lon="120.72948545144736">
    <ele>1750.972814920243</ele>
    <time>2026-05-09T02:16:55Z</time>
</trkpt><trkpt lat="23.60997402154695" lon="120.7294984908006">
    <ele>1751.7506698447219</ele>
    <time>2026-05-09T02:17:00Z</time>
</trkpt><trkpt lat="23.60997379452773" lon="120.7295021138571">
    <ele>1752.601808245025</ele>
    <time>2026-05-09T02:17:06Z</time>
</trkpt><trkpt lat="23.60996949772464" lon="120.72950226471013">
    <ele>1754.2769630998882</ele>
    <time>2026-05-09T02:17:12Z</time>
</trkpt><trkpt lat="23.609956119518365" lon="120.72949114380815">
    <ele>1754.125494040724</ele>
    <time>2026-05-09T02:17:18Z</time>
</trkpt><trkpt lat="23.609958999788596" lon="120.72948412497637">
    <ele>1755.1726906095155</ele>
    <time>2026-05-09T02:17:24Z</time>
</trkpt><trkpt lat="23.609959423407876" lon="120.72948135721532">
    <ele>1755.6181932867291</ele>
    <time>2026-05-09T02:17:30Z</time>
</trkpt><trkpt lat="23.60997147737489" lon="120.72949153872523">
    <ele>1755.2472757016926</ele>
    <time>2026-05-09T02:17:36Z</time>
</trkpt><trkpt lat="23.609991541666275" lon="120.72951278891453">
    <ele>1756.050659008949</ele>
    <time>2026-05-09T02:17:42Z</time>
</trkpt><trkpt lat="23.61000750332204" lon="120.72951882366495">
    <ele>1758.294411694575</ele>
    <time>2026-05-09T02:17:48Z</time>
</trkpt><trkpt lat="23.61003558868079" lon="120.72953503130518">
    <ele>1758.3914747776098</ele>
    <time>2026-05-09T02:17:54Z</time>
</trkpt><trkpt lat="23.610040252564456" lon="120.72953090075467">
    <ele>1758.0348386605608</ele>
    <time>2026-05-09T02:18:00Z</time>
</trkpt><trkpt lat="23.61003285463045" lon="120.72951867231654">
    <ele>1758.8035272159887</ele>
    <time>2026-05-09T02:18:05Z</time>
</trkpt><trkpt lat="23.61002193892235" lon="120.72950261147018">
    <ele>1760.0748498385099</ele>
    <time>2026-05-09T02:18:11Z</time>
</trkpt><trkpt lat="23.61004157131713" lon="120.72950412675681">
    <ele>1760.6180548849522</ele>
    <time>2026-05-09T02:18:17Z</time>
</trkpt><trkpt lat="23.610068177800265" lon="120.72951244332219">
    <ele>1761.110057159107</ele>
    <time>2026-05-09T02:18:23Z</time>
</trkpt><trkpt lat="23.61006329745153" lon="120.72951738332156">
    <ele>1763.796761855467</ele>
    <time>2026-05-09T02:18:29Z</time>
</trkpt><trkpt lat="23.610073071475675" lon="120.72951803118563">
    <ele>1764.2417152466853</ele>
    <time>2026-05-09T02:18:35Z</time>
</trkpt><trkpt lat="23.610078159417597" lon="120.72952139840818">
    <ele>1764.929008272088</ele>
    <time>2026-05-09T02:18:41Z</time>
</trkpt><trkpt lat="23.6100796643835" lon="120.72954630008903">
    <ele>1766.7443344120243</ele>
    <time>2026-05-09T02:18:47Z</time>
</trkpt><trkpt lat="23.610080128774563" lon="120.72954272818075">
    <ele>1768.0262176402466</ele>
    <time>2026-05-09T02:18:53Z</time>
</trkpt><trkpt lat="23.610074149212657" lon="120.72953453859316">
    <ele>1769.804286917587</ele>
    <time>2026-05-09T02:18:59Z</time>
</trkpt><trkpt lat="23.610068707600785" lon="120.72952015563908">
    <ele>1772.1731746143896</ele>
    <time>2026-05-09T02:19:05Z</time>
</trkpt><trkpt lat="23.61008232267139" lon="120.72951628989804">
    <ele>1772.4460688290587</ele>
    <time>2026-05-09T02:19:10Z</time>
</trkpt><trkpt lat="23.61009768372659" lon="120.7295326462857">
    <ele>1771.6852364175402</ele>
    <time>2026-05-09T02:19:16Z</time>
</trkpt><trkpt lat="23.610121132915705" lon="120.72954010410605">
    <ele>1770.1072434578894</ele>
    <time>2026-05-09T02:19:22Z</time>
</trkpt><trkpt lat="23.610126872973503" lon="120.72955669201944">
    <ele>1769.984880560121</ele>
    <time>2026-05-09T02:19:28Z</time>
</trkpt><trkpt lat="23.61014629379341" lon="120.7295762530887">
    <ele>1768.7244649822856</ele>
    <time>2026-05-09T02:19:34Z</time>
</trkpt><trkpt lat="23.610153487217456" lon="120.72958135958145">
    <ele>1767.986173423264</ele>
    <time>2026-05-09T02:19:40Z</time>
</trkpt><trkpt lat="23.61015576146563" lon="120.72959010744869">
    <ele>1770.5305772221566</ele>
    <time>2026-05-09T02:19:46Z</time>
</trkpt><trkpt lat="23.61015807103121" lon="120.72960305820835">
    <ele>1772.0138733857584</ele>
    <time>2026-05-09T02:19:52Z</time>
</trkpt><trkpt lat="23.61018049885009" lon="120.72962107139259">
    <ele>1770.1296958204719</ele>
    <time>2026-05-09T02:19:58Z</time>
</trkpt><trkpt lat="23.610188920455354" lon="120.72962767256031">
    <ele>1769.7208036024022</ele>
    <time>2026-05-09T02:20:04Z</time>
</trkpt><trkpt lat="23.61019375517728" lon="120.72963853160557">
    <ele>1768.1942290718207</ele>
    <time>2026-05-09T02:20:09Z</time>
</trkpt><trkpt lat="23.61019745879385" lon="120.72964241683182">
    <ele>1768.257068325147</ele>
    <time>2026-05-09T02:20:15Z</time>
</trkpt><trkpt lat="23.61023238479041" lon="120.72963816295548">
    <ele>1769.6141152899843</ele>
    <time>2026-05-09T02:20:21Z</time>
</trkpt><trkpt lat="23.610220949023063" lon="120.72961785792577">
    <ele>1773.1317619193678</ele>
    <time>2026-05-09T02:20:27Z</time>
</trkpt><trkpt lat="23.61019777719837" lon="120.72959901345713">
    <ele>1774.4304784689234</ele>
    <time>2026-05-09T02:20:33Z</time>
</trkpt><trkpt lat="23.61020597944954" lon="120.7296033908462">
    <ele>1773.684203187145</ele>
    <time>2026-05-09T02:20:39Z</time>
</trkpt><trkpt lat="23.610226622300345" lon="120.72961071332074">
    <ele>1772.3861141935126</ele>
    <time>2026-05-09T02:20:45Z</time>
</trkpt><trkpt lat="23.610258591597756" lon="120.72960549148665">
    <ele>1773.8813323616262</ele>
    <time>2026-05-09T02:20:51Z</time>
</trkpt><trkpt lat="23.610292837479474" lon="120.72961572159244">
    <ele>1774.1530077470459</ele>
    <time>2026-05-09T02:20:57Z</time>
</trkpt><trkpt lat="23.610309683856286" lon="120.72961643869503">
    <ele>1774.105436514984</ele>
    <time>2026-05-09T02:21:03Z</time>
</trkpt><trkpt lat="23.61030152156732" lon="120.72960963235484">
    <ele>1774.388277005521</ele>
    <time>2026-05-09T02:21:09Z</time>
</trkpt><trkpt lat="23.61032183355624" lon="120.72962448213991">
    <ele>1774.7607016214668</ele>
    <time>2026-05-09T02:21:14Z</time>
</trkpt><trkpt lat="23.610323721722487" lon="120.72962621898198">
    <ele>1776.3527853215867</ele>
    <time>2026-05-09T02:21:20Z</time>
</trkpt><trkpt lat="23.61031962740387" lon="120.72962339775732">
    <ele>1777.085011164447</ele>
    <time>2026-05-09T02:21:26Z</time>
</trkpt><trkpt lat="23.610314993597" lon="120.72962004117868">
    <ele>1776.8675842004998</ele>
    <time>2026-05-09T02:21:32Z</time>
</trkpt><trkpt lat="23.610316642672114" lon="120.72961574769373">
    <ele>1776.736065342156</ele>
    <time>2026-05-09T02:21:38Z</time>
</trkpt><trkpt lat="23.610309672900257" lon="120.72961465254427">
    <ele>1778.1792948945556</ele>
    <time>2026-05-09T02:21:44Z</time>
</trkpt><trkpt lat="23.61031166407444" lon="120.72961006117163">
    <ele>1780.3676063577493</ele>
    <time>2026-05-09T02:21:50Z</time>
</trkpt><trkpt lat="23.610316025743458" lon="120.72961846161057">
    <ele>1783.0934162110618</ele>
    <time>2026-05-09T02:21:56Z</time>
</trkpt><trkpt lat="23.61032837163559" lon="120.72961433472098">
    <ele>1783.8143581900451</ele>
    <time>2026-05-09T02:22:02Z</time>
</trkpt><trkpt lat="23.61035832970146" lon="120.72959836535554">
    <ele>1784.4341323707615</ele>
    <time>2026-05-09T02:22:08Z</time>
</trkpt><trkpt lat="23.6103779211591" lon="120.72960432307046">
    <ele>1785.0954096674932</ele>
    <time>2026-05-09T02:22:14Z</time>
</trkpt><trkpt lat="23.610392799216516" lon="120.72961275897994">
    <ele>1786.4106915302511</ele>
    <time>2026-05-09T02:22:20Z</time>
</trkpt><trkpt lat="23.610396332509477" lon="120.72962016948912">
    <ele>1788.4186384824795</ele>
    <time>2026-05-09T02:22:26Z</time>
</trkpt><trkpt lat="23.610408593063053" lon="120.72963833734426">
    <ele>1789.6139057609673</ele>
    <time>2026-05-09T02:22:32Z</time>
</trkpt><trkpt lat="23.610409394309464" lon="120.72966182371097">
    <ele>1792.2424468185259</ele>
    <time>2026-05-09T02:22:38Z</time>
</trkpt><trkpt lat="23.6104179113415" lon="120.72967687428525">
    <ele>1792.8180158311677</ele>
    <time>2026-05-09T02:22:44Z</time>
</trkpt><trkpt lat="23.610416750532444" lon="120.72970533799757">
    <ele>1794.5472556817438</ele>
    <time>2026-05-09T02:22:50Z</time>
</trkpt><trkpt lat="23.61041340118331" lon="120.72971368895884">
    <ele>1794.0566967164443</ele>
    <time>2026-05-09T02:22:56Z</time>
</trkpt><trkpt lat="23.61041131854698" lon="120.72971135262095">
    <ele>1794.145734584513</ele>
    <time>2026-05-09T02:23:02Z</time>
</trkpt><trkpt lat="23.610428076665084" lon="120.72971886259626">
    <ele>1795.6167151480897</ele>
    <time>2026-05-09T02:23:08Z</time>
</trkpt><trkpt lat="23.610445486852473" lon="120.72972822411992">
    <ele>1796.8814125258223</ele>
    <time>2026-05-09T02:23:14Z</time>
</trkpt><trkpt lat="23.610460143960086" lon="120.7297432748483">
    <ele>1798.8988591257073</ele>
    <time>2026-05-09T02:23:19Z</time>
</trkpt><trkpt lat="23.610489789020217" lon="120.7297805830486">
    <ele>1798.5565554790444</ele>
    <time>2026-05-09T02:23:25Z</time>
</trkpt><trkpt lat="23.61051483440645" lon="120.72980601329138">
    <ele>1799.2296720898555</ele>
    <time>2026-05-09T02:23:31Z</time>
</trkpt><trkpt lat="23.610533289835207" lon="120.72982495581148">
    <ele>1800.0749603351514</ele>
    <time>2026-05-09T02:23:37Z</time>
</trkpt><trkpt lat="23.610546475570832" lon="120.72984206775739">
    <ele>1800.2220981123498</ele>
    <time>2026-05-09T02:23:43Z</time>
</trkpt><trkpt lat="23.610545825724703" lon="120.72984171148022">
    <ele>1800.5244289811321</ele>
    <time>2026-05-09T02:23:49Z</time>
</trkpt><trkpt lat="23.61052986119755" lon="120.72982593311706">
    <ele>1800.9413484445474</ele>
    <time>2026-05-09T02:23:55Z</time>
</trkpt><trkpt lat="23.610512544987873" lon="120.72980746237097">
    <ele>1801.0107545767141</ele>
    <time>2026-05-09T02:24:01Z</time>
</trkpt><trkpt lat="23.610496336000253" lon="120.72978980931867">
    <ele>1800.643956660363</ele>
    <time>2026-05-09T02:24:07Z</time>
</trkpt><trkpt lat="23.610484602947803" lon="120.72977464159253">
    <ele>1799.0996618453319</ele>
    <time>2026-05-09T02:24:13Z</time>
</trkpt><trkpt lat="23.610476268899365" lon="120.72976377121418">
    <ele>1798.0389983915516</ele>
    <time>2026-05-09T02:24:19Z</time>
</trkpt><trkpt lat="23.61046813695507" lon="120.72975393730978">
    <ele>1797.1226655829496</ele>
    <time>2026-05-09T02:24:24Z</time>
</trkpt><trkpt lat="23.610465864882578" lon="120.72975130428682">
    <ele>1796.6349470500654</ele>
    <time>2026-05-09T02:24:29Z</time>
</trkpt><trkpt lat="23.610465825831998" lon="120.72975232360675">
    <ele>1796.5852182825554</ele>
    <time>2026-05-09T02:24:35Z</time>
</trkpt><trkpt lat="23.61046649153819" lon="120.72975350155554">
    <ele>1796.6747979086008</ele>
    <time>2026-05-09T02:24:41Z</time>
</trkpt><trkpt lat="23.61046680785041" lon="120.72975388626486">
    <ele>1796.7250097290064</ele>
    <time>2026-05-09T02:24:47Z</time>
</trkpt><trkpt lat="23.610466849089292" lon="120.72975387489434">
    <ele>1796.734245099295</ele>
    <time>2026-05-09T02:24:53Z</time>
</trkpt><trkpt lat="23.610466365696375" lon="120.72975425901906">
    <ele>1796.7303195255854</ele>
    <time>2026-05-09T02:24:59Z</time>
</trkpt><trkpt lat="23.610466189272312" lon="120.72975438192833">
    <ele>1796.7268767435942</ele>
    <time>2026-05-09T02:25:05Z</time>
</trkpt><trkpt lat="23.61046528177887" lon="120.72975528704167">
    <ele>1796.7258668630607</ele>
    <time>2026-05-09T02:25:11Z</time>
</trkpt><trkpt lat="23.610465901836744" lon="120.72975466687821">
    <ele>1796.7259535615076</ele>
    <time>2026-05-09T02:25:17Z</time>
</trkpt><trkpt lat="23.610464869449952" lon="120.72975571099445">
    <ele>1796.7261642956018</ele>
    <time>2026-05-09T02:25:23Z</time>
</trkpt><trkpt lat="23.610464463317644" lon="120.72975612130885">
    <ele>1796.7262517819156</ele>
    <time>2026-05-09T02:25:28Z</time>
</trkpt><trkpt lat="23.61046443344808" lon="120.72975615128694">
    <ele>1796.7262588976237</ele>
    <time>2026-05-09T02:25:34Z</time>
</trkpt><trkpt lat="23.610464486870296" lon="120.72975609721829">
    <ele>1796.726247719504</ele>
    <time>2026-05-09T02:25:40Z</time>
</trkpt><trkpt lat="23.610464517713854" lon="120.72975606604378">
    <ele>1796.7262411210713</ele>
    <time>2026-05-09T02:25:46Z</time>
</trkpt><trkpt lat="23.610493761438224" lon="120.72973174526432">
    <ele>1797.263379757394</ele>
    <time>2026-05-09T02:25:52Z</time>
</trkpt><trkpt lat="23.610504591757" lon="120.72972533948926">
    <ele>1796.749581439838</ele>
    <time>2026-05-09T02:25:58Z</time>
</trkpt><trkpt lat="23.610495390344227" lon="120.72972046787031">
    <ele>1797.7496303511018</ele>
    <time>2026-05-09T02:26:04Z</time>
</trkpt><trkpt lat="23.610488443568798" lon="120.72971859047531">
    <ele>1799.1278875794792</ele>
    <time>2026-05-09T02:26:10Z</time>
</trkpt><trkpt lat="23.610486762950188" lon="120.72971872052332">
    <ele>1799.5104008034498</ele>
    <time>2026-05-09T02:26:16Z</time>
</trkpt><trkpt lat="23.61048647823733" lon="120.72971795346493">
    <ele>1799.4594622392265</ele>
    <time>2026-05-09T02:26:22Z</time>
</trkpt><trkpt lat="23.610486671054804" lon="120.72971766530303">
    <ele>1799.3728236043755</ele>
    <time>2026-05-09T02:26:28Z</time>
</trkpt><trkpt lat="23.610486857179737" lon="120.72971766184959">
    <ele>1799.3304226659081</ele>
    <time>2026-05-09T02:26:33Z</time>
</trkpt><trkpt lat="23.610486926710635" lon="120.72971770567236">
    <ele>1799.3213538622774</ele>
    <time>2026-05-09T02:26:39Z</time>
</trkpt><trkpt lat="23.610486925444608" lon="120.72971773513456">
    <ele>1799.3260607120662</ele>
    <time>2026-05-09T02:26:45Z</time>
</trkpt><trkpt lat="23.610486913296953" lon="120.72971774173932">
    <ele>1799.3297855353799</ele>
    <time>2026-05-09T02:26:51Z</time>
</trkpt><trkpt lat="23.61048690764897" lon="120.72971774000258">
    <ele>1799.3307958013554</ele>
    <time>2026-05-09T02:26:57Z</time>
</trkpt><trkpt lat="23.61048690694732" lon="120.72971773805861">
    <ele>1799.3306619184004</ele>
    <time>2026-05-09T02:27:03Z</time>
</trkpt><trkpt lat="23.610486907551742" lon="120.72971773740827">
    <ele>1799.330428298952</ele>
    <time>2026-05-09T02:27:09Z</time>
</trkpt><trkpt lat="23.610482434104508" lon="120.72975344274676">
    <ele>1794.1028078229729</ele>
    <time>2026-05-09T02:27:15Z</time>
</trkpt><trkpt lat="23.610490470560674" lon="120.72978003424352">
    <ele>1793.9610704464392</ele>
    <time>2026-05-09T02:27:21Z</time>
</trkpt><trkpt lat="23.610493887528968" lon="120.72979176980492">
    <ele>1796.3505738032488</ele>
    <time>2026-05-09T02:27:27Z</time>
</trkpt><trkpt lat="23.610497392963506" lon="120.7297935965287">
    <ele>1799.2810371437197</ele>
    <time>2026-05-09T02:27:33Z</time>
</trkpt><trkpt lat="23.610512573859793" lon="120.72980153232693">
    <ele>1800.8166176747905</ele>
    <time>2026-05-09T02:27:39Z</time>
</trkpt><trkpt lat="23.610512052283493" lon="120.72980330138647">
    <ele>1801.4648555211554</ele>
    <time>2026-05-09T02:27:44Z</time>
</trkpt><trkpt lat="23.610506505495024" lon="120.72980509320165">
    <ele>1800.8449645898997</ele>
    <time>2026-05-09T02:27:50Z</time>
</trkpt><trkpt lat="23.610502424495404" lon="120.72981140171873">
    <ele>1800.975615277638</ele>
    <time>2026-05-09T02:27:56Z</time>
</trkpt><trkpt lat="23.610523365141965" lon="120.72982686464991">
    <ele>1800.3196168418233</ele>
    <time>2026-05-09T02:28:02Z</time>
</trkpt><trkpt lat="23.610545740289968" lon="120.72985028443124">
    <ele>1800.7900834061038</ele>
    <time>2026-05-09T02:28:08Z</time>
</trkpt><trkpt lat="23.610563795925614" lon="120.72986958656641">
    <ele>1802.0796788419532</ele>
    <time>2026-05-09T02:28:14Z</time>
</trkpt><trkpt lat="23.610581342255866" lon="120.7298927238739">
    <ele>1801.9777906945237</ele>
    <time>2026-05-09T02:28:20Z</time>
</trkpt><trkpt lat="23.610590145734285" lon="120.72990349503537">
    <ele>1802.941981499479</ele>
    <time>2026-05-09T02:28:27Z</time>
</trkpt><trkpt lat="23.610593922037957" lon="120.72990851822132">
    <ele>1803.6266050274937</ele>
    <time>2026-05-09T02:28:33Z</time>
</trkpt><trkpt lat="23.610594478048764" lon="120.72991845347909">
    <ele>1804.884961912041</ele>
    <time>2026-05-09T02:28:38Z</time>
</trkpt><trkpt lat="23.610598832392853" lon="120.72993148526152">
    <ele>1805.225602370164</ele>
    <time>2026-05-09T02:28:44Z</time>
</trkpt><trkpt lat="23.610603937781065" lon="120.72993997808999">
    <ele>1803.8406553680754</ele>
    <time>2026-05-09T02:28:50Z</time>
</trkpt><trkpt lat="23.61061645274534" lon="120.72995706952241">
    <ele>1803.0445250821408</ele>
    <time>2026-05-09T02:28:56Z</time>
</trkpt><trkpt lat="23.610631260586366" lon="120.72997743460425">
    <ele>1803.076034789527</ele>
    <time>2026-05-09T02:29:02Z</time>
</trkpt><trkpt lat="23.61064627783418" lon="120.72998576360631">
    <ele>1803.4629417841188</ele>
    <time>2026-05-09T02:29:08Z</time>
</trkpt><trkpt lat="23.61065685353401" lon="120.72999701067585">
    <ele>1801.8720747281964</ele>
    <time>2026-05-09T02:29:14Z</time>
</trkpt><trkpt lat="23.610666395844575" lon="120.73002131578534">
    <ele>1800.5346954772806</ele>
    <time>2026-05-09T02:29:20Z</time>
</trkpt><trkpt lat="23.61069797407697" lon="120.7300604390155">
    <ele>1800.0499786505125</ele>
    <time>2026-05-09T02:29:26Z</time>
</trkpt><trkpt lat="23.610719395677187" lon="120.73009730747955">
    <ele>1799.0111972146717</ele>
    <time>2026-05-09T02:29:32Z</time>
</trkpt><trkpt lat="23.610741737526535" lon="120.73013415775662">
    <ele>1799.4503484377562</ele>
    <time>2026-05-09T02:29:38Z</time>
</trkpt><trkpt lat="23.61075377769776" lon="120.7301557360497">
    <ele>1801.2892367894926</ele>
    <time>2026-05-09T02:29:44Z</time>
</trkpt><trkpt lat="23.61075851551989" lon="120.73016436586005">
    <ele>1801.1704173969647</ele>
    <time>2026-05-09T02:29:50Z</time>
</trkpt><trkpt lat="23.610769002940213" lon="120.73018421605211">
    <ele>1801.283844916682</ele>
    <time>2026-05-09T02:29:56Z</time>
</trkpt><trkpt lat="23.61078388738946" lon="120.73022416987128">
    <ele>1801.3083766345817</ele>
    <time>2026-05-09T02:30:01Z</time>
</trkpt><trkpt lat="23.610794052154656" lon="120.73026119753162">
    <ele>1800.9215111867752</ele>
    <time>2026-05-09T02:30:07Z</time>
</trkpt><trkpt lat="23.610806392740972" lon="120.73031079847239">
    <ele>1799.5243899384368</ele>
    <time>2026-05-09T02:30:13Z</time>
</trkpt><trkpt lat="23.610814247707996" lon="120.73033983112484">
    <ele>1800.4392372534862</ele>
    <time>2026-05-09T02:30:19Z</time>
</trkpt><trkpt lat="23.61082337574963" lon="120.73037041651655">
    <ele>1800.845804619267</ele>
    <time>2026-05-09T02:30:25Z</time>
</trkpt><trkpt lat="23.610818959962426" lon="120.73036301014422">
    <ele>1799.8429617045606</ele>
    <time>2026-05-09T02:30:31Z</time>
</trkpt><trkpt lat="23.61081636837885" lon="120.73035672152231">
    <ele>1798.7014093191817</ele>
    <time>2026-05-09T02:30:37Z</time>
</trkpt><trkpt lat="23.610821326268397" lon="120.7303616141299">
    <ele>1799.0307059507168</ele>
    <time>2026-05-09T02:30:43Z</time>
</trkpt><trkpt lat="23.610835941678648" lon="120.73037996909349">
    <ele>1800.1318548127576</ele>
    <time>2026-05-09T02:30:49Z</time>
</trkpt><trkpt lat="23.610848565267087" lon="120.73039611324293">
    <ele>1803.213725692625</ele>
    <time>2026-05-09T02:30:55Z</time>
</trkpt><trkpt lat="23.61085721342199" lon="120.73040716706166">
    <ele>1803.97341251389</ele>
    <time>2026-05-09T02:31:01Z</time>
</trkpt><trkpt lat="23.610863994788453" lon="120.73041577793643">
    <ele>1803.599847468357</ele>
    <time>2026-05-09T02:31:07Z</time>
</trkpt><trkpt lat="23.610864535393997" lon="120.73041645663335">
    <ele>1804.2277399541285</ele>
    <time>2026-05-09T02:31:13Z</time>
</trkpt><trkpt lat="23.610881696182297" lon="120.73043818242112">
    <ele>1804.2651862203506</ele>
    <time>2026-05-09T02:31:19Z</time>
</trkpt><trkpt lat="23.610890454354134" lon="120.73044927156438">
    <ele>1805.2741562087253</ele>
    <time>2026-05-09T02:31:25Z</time>
</trkpt><trkpt lat="23.610906062706082" lon="120.7304692354822">
    <ele>1805.7489527703556</ele>
    <time>2026-05-09T02:31:31Z</time>
</trkpt><trkpt lat="23.61091038557151" lon="120.73047478486701">
    <ele>1806.8511705201008</ele>
    <time>2026-05-09T02:31:37Z</time>
</trkpt><trkpt lat="23.610910753326344" lon="120.73047527388562">
    <ele>1807.771791710622</ele>
    <time>2026-05-09T02:31:43Z</time>
</trkpt><trkpt lat="23.610913483016084" lon="120.73047880598875">
    <ele>1807.4839089714776</ele>
    <time>2026-05-09T02:31:49Z</time>
</trkpt><trkpt lat="23.610913938752795" lon="120.73047939688966">
    <ele>1806.1662622395932</ele>
    <time>2026-05-09T02:31:55Z</time>
</trkpt><trkpt lat="23.610914428462053" lon="120.7304800280888">
    <ele>1805.5260646097615</ele>
    <time>2026-05-09T02:32:01Z</time>
</trkpt><trkpt lat="23.610914363697866" lon="120.73047994384164">
    <ele>1805.7705754100355</ele>
    <time>2026-05-09T02:32:07Z</time>
</trkpt><trkpt lat="23.610911452577692" lon="120.73048057998903">
    <ele>1806.1396352989516</ele>
    <time>2026-05-09T02:32:12Z</time>
</trkpt><trkpt lat="23.61091588015356" lon="120.73048339668601">
    <ele>1805.9353892908075</ele>
    <time>2026-05-09T02:32:18Z</time>
</trkpt><trkpt lat="23.610917510378233" lon="120.730484011839">
    <ele>1806.256422319476</ele>
    <time>2026-05-09T02:32:24Z</time>
</trkpt><trkpt lat="23.610916400976524" lon="120.73048232571418">
    <ele>1806.127219778371</ele>
    <time>2026-05-09T02:32:30Z</time>
</trkpt><trkpt lat="23.610917518974578" lon="120.7304838927414">
    <ele>1806.1130312205617</ele>
    <time>2026-05-09T02:32:36Z</time>
</trkpt><trkpt lat="23.610917632264936" lon="120.7304841369545">
    <ele>1806.8482994215708</ele>
    <time>2026-05-09T02:32:42Z</time>
</trkpt><trkpt lat="23.610915770508132" lon="120.73048574397082">
    <ele>1807.3300271725336</ele>
    <time>2026-05-09T02:32:48Z</time>
</trkpt><trkpt lat="23.610916244987237" lon="120.73048374709099">
    <ele>1807.383824860924</ele>
    <time>2026-05-09T02:32:54Z</time>
</trkpt><trkpt lat="23.61091702311662" lon="120.73048338938062">
    <ele>1806.6177120423529</ele>
    <time>2026-05-09T02:33:00Z</time>
</trkpt><trkpt lat="23.610897550566563" lon="120.73050299130759">
    <ele>1806.4044497115162</ele>
    <time>2026-05-09T02:33:06Z</time>
</trkpt><trkpt lat="23.610893128983886" lon="120.73051107829747">
    <ele>1806.5813605110698</ele>
    <time>2026-05-09T02:33:12Z</time>
</trkpt><trkpt lat="23.610892497978735" lon="120.7305111798985">
    <ele>1806.875736731788</ele>
    <time>2026-05-09T02:33:18Z</time>
</trkpt><trkpt lat="23.61089313171875" lon="120.73050994479848">
    <ele>1806.9612737233413</ele>
    <time>2026-05-09T02:33:24Z</time>
</trkpt><trkpt lat="23.610888717494568" lon="120.73050457669831">
    <ele>1806.8961090740677</ele>
    <time>2026-05-09T02:33:30Z</time>
</trkpt><trkpt lat="23.61088752699892" lon="120.73050476976798">
    <ele>1806.9713751328356</ele>
    <time>2026-05-09T02:33:36Z</time>
</trkpt><trkpt lat="23.61088931412668" lon="120.73050530057942">
    <ele>1807.0030114168896</ele>
    <time>2026-05-09T02:33:42Z</time>
</trkpt><trkpt lat="23.610911083298358" lon="120.73051433735267">
    <ele>1808.1434869943164</ele>
    <time>2026-05-09T02:33:48Z</time>
</trkpt><trkpt lat="23.6109306717593" lon="120.7305334521311">
    <ele>1808.0716738974552</ele>
    <time>2026-05-09T02:33:54Z</time>
</trkpt><trkpt lat="23.610941046426266" lon="120.73054791187035">
    <ele>1808.9536851446048</ele>
    <time>2026-05-09T02:34:00Z</time>
</trkpt><trkpt lat="23.61095255160362" lon="120.73055770583996">
    <ele>1809.7710506693156</ele>
    <time>2026-05-09T02:34:06Z</time>
</trkpt><trkpt lat="23.610958515641002" lon="120.73056841503575">
    <ele>1811.192939178485</ele>
    <time>2026-05-09T02:34:12Z</time>
</trkpt><trkpt lat="23.610964395899845" lon="120.7305742213025">
    <ele>1811.9711694314271</ele>
    <time>2026-05-09T02:34:18Z</time>
</trkpt><trkpt lat="23.61096625141783" lon="120.7305778974778">
    <ele>1812.4210445504104</ele>
    <time>2026-05-09T02:34:24Z</time>
</trkpt><trkpt lat="23.61096957907889" lon="120.7305786409643">
    <ele>1813.184105421472</ele>
    <time>2026-05-09T02:34:29Z</time>
</trkpt><trkpt lat="23.610974418230445" lon="120.73057631695535">
    <ele>1814.1267038516955</ele>
    <time>2026-05-09T02:34:35Z</time>
</trkpt><trkpt lat="23.610975988464016" lon="120.73057333551577">
    <ele>1813.9627749839672</ele>
    <time>2026-05-09T02:34:41Z</time>
</trkpt><trkpt lat="23.610975300623906" lon="120.73057250958162">
    <ele>1813.2275245232709</ele>
    <time>2026-05-09T02:34:47Z</time>
</trkpt><trkpt lat="23.610974456221594" lon="120.73057266986484">
    <ele>1812.689379428725</ele>
    <time>2026-05-09T02:34:53Z</time>
</trkpt><trkpt lat="23.61097666636619" lon="120.73057403002207">
    <ele>1812.8047249708243</ele>
    <time>2026-05-09T02:34:59Z</time>
</trkpt><trkpt lat="23.610977566986698" lon="120.7305744187303">
    <ele>1813.1319414612144</ele>
    <time>2026-05-09T02:35:05Z</time>
</trkpt><trkpt lat="23.610975151606564" lon="120.73057099154823">
    <ele>1812.2404449722903</ele>
    <time>2026-05-09T02:35:11Z</time>
</trkpt><trkpt lat="23.610974982566" lon="120.73056823301356">
    <ele>1811.2129626185192</ele>
    <time>2026-05-09T02:35:17Z</time>
</trkpt><trkpt lat="23.610978487604722" lon="120.73056933578906">
    <ele>1810.7807464628556</ele>
    <time>2026-05-09T02:35:23Z</time>
</trkpt><trkpt lat="23.610980034106394" lon="120.73057152285955">
    <ele>1811.0843691190862</ele>
    <time>2026-05-09T02:35:29Z</time>
</trkpt><trkpt lat="23.610974314647905" lon="120.73057404141149">
    <ele>1810.9356057504324</ele>
    <time>2026-05-09T02:35:35Z</time>
</trkpt><trkpt lat="23.610974650959044" lon="120.73057494566103">
    <ele>1811.1593183241441</ele>
    <time>2026-05-09T02:35:41Z</time>
</trkpt><trkpt lat="23.610977434264168" lon="120.730573059098">
    <ele>1811.7383019178928</ele>
    <time>2026-05-09T02:35:47Z</time>
</trkpt><trkpt lat="23.61097518732425" lon="120.7305708008904">
    <ele>1810.1591262949557</ele>
    <time>2026-05-09T02:35:53Z</time>
</trkpt><trkpt lat="23.61097468288957" lon="120.73056975596283">
    <ele>1809.1884041604887</ele>
    <time>2026-05-09T02:35:58Z</time>
</trkpt><trkpt lat="23.61097276853297" lon="120.73056761034178">
    <ele>1808.3631547000468</ele>
    <time>2026-05-09T02:36:04Z</time>
</trkpt><trkpt lat="23.610974114155322" lon="120.73056865188585">
    <ele>1807.7675319817763</ele>
    <time>2026-05-09T02:36:10Z</time>
</trkpt><trkpt lat="23.610974804282232" lon="120.7305692753125">
    <ele>1807.6789180127284</ele>
    <time>2026-05-09T02:36:16Z</time>
</trkpt><trkpt lat="23.61097456094196" lon="120.73056793082546">
    <ele>1807.1256141689905</ele>
    <time>2026-05-09T02:36:22Z</time>
</trkpt><trkpt lat="23.610978089822506" lon="120.73056525032185">
    <ele>1808.3514140779157</ele>
    <time>2026-05-09T02:36:28Z</time>
</trkpt><trkpt lat="23.61098179883933" lon="120.73056589393488">
    <ele>1809.905545038615</ele>
    <time>2026-05-09T02:36:34Z</time>
</trkpt><trkpt lat="23.610984119444733" lon="120.73056583582542">
    <ele>1810.7649622152464</ele>
    <time>2026-05-09T02:36:40Z</time>
</trkpt><trkpt lat="23.610990513035095" lon="120.73056428305298">
    <ele>1811.016796967376</ele>
    <time>2026-05-09T02:36:46Z</time>
</trkpt><trkpt lat="23.610989647059103" lon="120.73056033905299">
    <ele>1811.236736891374</ele>
    <time>2026-05-09T02:36:52Z</time>
</trkpt><trkpt lat="23.61098909244839" lon="120.73055912518006">
    <ele>1811.2686104204413</ele>
    <time>2026-05-09T02:36:58Z</time>
</trkpt><trkpt lat="23.610981549864825" lon="120.73056152949941">
    <ele>1810.6917027890638</ele>
    <time>2026-05-09T02:37:04Z</time>
</trkpt><trkpt lat="23.61096753194328" lon="120.7305606600563">
    <ele>1810.6995102356047</ele>
    <time>2026-05-09T02:37:10Z</time>
</trkpt><trkpt lat="23.6109620733464" lon="120.73055825538636">
    <ele>1810.6920707594654</ele>
    <time>2026-05-09T02:37:15Z</time>
</trkpt><trkpt lat="23.610961123790425" lon="120.73056032444991">
    <ele>1810.4950072551037</ele>
    <time>2026-05-09T02:37:21Z</time>
</trkpt><trkpt lat="23.61095320169153" lon="120.7305579115857">
    <ele>1809.941782878957</ele>
    <time>2026-05-09T02:37:27Z</time>
</trkpt><trkpt lat="23.6109480139273" lon="120.73056012673624">
    <ele>1809.3204209362052</ele>
    <time>2026-05-09T02:37:33Z</time>
</trkpt><trkpt lat="23.6109438020228" lon="120.73056462420874">
    <ele>1809.280219175419</ele>
    <time>2026-05-09T02:37:39Z</time>
</trkpt><trkpt lat="23.610940806061116" lon="120.73056239890245">
    <ele>1809.3954211890107</ele>
    <time>2026-05-09T02:37:45Z</time>
</trkpt><trkpt lat="23.610941716720145" lon="120.73055779880629">
    <ele>1807.9399316922093</ele>
    <time>2026-05-09T02:37:51Z</time>
</trkpt><trkpt lat="23.61094596333281" lon="120.73055466521389">
    <ele>1807.3219499850302</ele>
    <time>2026-05-09T02:37:57Z</time>
</trkpt><trkpt lat="23.610950789061206" lon="120.73056003448636">
    <ele>1807.644621941943</ele>
    <time>2026-05-09T02:38:03Z</time>
</trkpt><trkpt lat="23.610951541164578" lon="120.73056140219799">
    <ele>1807.6388673579722</ele>
    <time>2026-05-09T02:38:09Z</time>
</trkpt><trkpt lat="23.610948171394543" lon="120.7305642070046">
    <ele>1807.5646554148434</ele>
    <time>2026-05-09T02:38:15Z</time>
</trkpt><trkpt lat="23.6109370820839" lon="120.7305661354733">
    <ele>1807.8687771307898</ele>
    <time>2026-05-09T02:38:21Z</time>
</trkpt><trkpt lat="23.610940387026883" lon="120.73056802532567">
    <ele>1809.2832003892559</ele>
    <time>2026-05-09T02:38:27Z</time>
</trkpt><trkpt lat="23.61094699553341" lon="120.73057129624996">
    <ele>1810.6235757879906</ele>
    <time>2026-05-09T02:38:33Z</time>
</trkpt><trkpt lat="23.61094034203351" lon="120.73057654080256">
    <ele>1810.2410214541128</ele>
    <time>2026-05-09T02:38:39Z</time>
</trkpt><trkpt lat="23.61094010661875" lon="120.73057844464799">
    <ele>1809.4612584772788</ele>
    <time>2026-05-09T02:38:45Z</time>
</trkpt><trkpt lat="23.610941024597498" lon="120.73057903453726">
    <ele>1808.52605270272</ele>
    <time>2026-05-09T02:38:51Z</time>
</trkpt><trkpt lat="23.610943370755404" lon="120.73057877165756">
    <ele>1807.729189386171</ele>
    <time>2026-05-09T02:38:56Z</time>
</trkpt><trkpt lat="23.610948189259076" lon="120.73057912169789">
    <ele>1807.7424417603038</ele>
    <time>2026-05-09T02:39:01Z</time>
</trkpt><trkpt lat="23.61095834759062" lon="120.73057694518135">
    <ele>1807.9370245340124</ele>
    <time>2026-05-09T02:39:06Z</time>
</trkpt><trkpt lat="23.610947901762707" lon="120.73057652901008">
    <ele>1807.9779051589526</ele>
    <time>2026-05-09T02:39:12Z</time>
</trkpt><trkpt lat="23.610932512142472" lon="120.73057231210541">
    <ele>1807.5024403743544</ele>
    <time>2026-05-09T02:39:18Z</time>
</trkpt><trkpt lat="23.610914204528488" lon="120.73055202938886">
    <ele>1806.8311985387568</ele>
    <time>2026-05-09T02:39:24Z</time>
</trkpt><trkpt lat="23.61091506637272" lon="120.7305225552944">
    <ele>1804.806151212596</ele>
    <time>2026-05-09T02:39:30Z</time>
</trkpt><trkpt lat="23.61092612907573" lon="120.73049974910269">
    <ele>1804.1887811933466</ele>
    <time>2026-05-09T02:39:36Z</time>
</trkpt><trkpt lat="23.61093008552184" lon="120.73049560475377">
    <ele>1804.788852802532</ele>
    <time>2026-05-09T02:39:42Z</time>
</trkpt><trkpt lat="23.61093059914174" lon="120.7304978756901">
    <ele>1805.3001076967282</ele>
    <time>2026-05-09T02:39:48Z</time>
</trkpt><trkpt lat="23.61093215944778" lon="120.73050221195595">
    <ele>1806.4967843399172</ele>
    <time>2026-05-09T02:39:54Z</time>
</trkpt><trkpt lat="23.61093333850571" lon="120.73050458837432">
    <ele>1806.6225815719756</ele>
    <time>2026-05-09T02:40:00Z</time>
</trkpt><trkpt lat="23.61093394798342" lon="120.73050540013774">
    <ele>1806.2369575624555</ele>
    <time>2026-05-09T02:40:06Z</time>
</trkpt><trkpt lat="23.610935486462175" lon="120.73050725384951">
    <ele>1806.7993005410483</ele>
    <time>2026-05-09T02:40:12Z</time>
</trkpt><trkpt lat="23.610937709716595" lon="120.73051005385813">
    <ele>1807.0093619970316</ele>
    <time>2026-05-09T02:40:18Z</time>
</trkpt><trkpt lat="23.61094173661982" lon="120.73051523678119">
    <ele>1807.9413177106123</ele>
    <time>2026-05-09T02:40:24Z</time>
</trkpt><trkpt lat="23.61094273253728" lon="120.73051977652754">
    <ele>1809.5691814045815</ele>
    <time>2026-05-09T02:40:30Z</time>
</trkpt><trkpt lat="23.610933720061286" lon="120.73052876071196">
    <ele>1810.013157609091</ele>
    <time>2026-05-09T02:40:36Z</time>
</trkpt><trkpt lat="23.610926031933797" lon="120.73053524863705">
    <ele>1809.9617836101093</ele>
    <time>2026-05-09T02:40:42Z</time>
</trkpt><trkpt lat="23.61092840044807" lon="120.73052545515937">
    <ele>1809.6459555185206</ele>
    <time>2026-05-09T02:40:48Z</time>
</trkpt><trkpt lat="23.61093472504513" lon="120.730517112227">
    <ele>1809.5326920873724</ele>
    <time>2026-05-09T02:40:54Z</time>
</trkpt><trkpt lat="23.610932283168218" lon="120.73051934322345">
    <ele>1809.5297261627118</ele>
    <time>2026-05-09T02:41:01Z</time>
</trkpt><trkpt lat="23.610930775803222" lon="120.7305211191893">
    <ele>1809.545938926605</ele>
    <time>2026-05-09T02:41:06Z</time>
</trkpt><trkpt lat="23.610930320046872" lon="120.7305217455568">
    <ele>1809.5549069931433</ele>
    <time>2026-05-09T02:41:11Z</time>
</trkpt><trkpt lat="23.610930690450786" lon="120.73053614690349">
    <ele>1802.3434408935302</ele>
    <time>2026-05-09T02:41:17Z</time>
</trkpt><trkpt lat="23.610942207532503" lon="120.7305567397541">
    <ele>1803.054360869292</ele>
    <time>2026-05-09T02:41:23Z</time>
</trkpt><trkpt lat="23.61094981427183" lon="120.73056749502159">
    <ele>1805.361973374708</ele>
    <time>2026-05-09T02:41:28Z</time>
</trkpt><trkpt lat="23.610950209165512" lon="120.73056470606437">
    <ele>1806.5524103240841</ele>
    <time>2026-05-09T02:41:34Z</time>
</trkpt><trkpt lat="23.61094225422385" lon="120.7305618596415">
    <ele>1806.5404451198706</ele>
    <time>2026-05-09T02:41:40Z</time>
</trkpt><trkpt lat="23.610947397158785" lon="120.73056939426463">
    <ele>1807.6917157556568</ele>
    <time>2026-05-09T02:41:46Z</time>
</trkpt><trkpt lat="23.61095244614883" lon="120.73057196342666">
    <ele>1808.7304851202205</ele>
    <time>2026-05-09T02:41:52Z</time>
</trkpt><trkpt lat="23.610958616093434" lon="120.73057513355106">
    <ele>1809.6006406658973</ele>
    <time>2026-05-09T02:41:58Z</time>
</trkpt><trkpt lat="23.610961698535476" lon="120.73057572384354">
    <ele>1810.331058708034</ele>
    <time>2026-05-09T02:42:04Z</time>
</trkpt><trkpt lat="23.61096284343727" lon="120.73057629774087">
    <ele>1810.4835144742144</ele>
    <time>2026-05-09T02:42:10Z</time>
</trkpt><trkpt lat="23.610941194010497" lon="120.73055522479586">
    <ele>1811.0284757660736</ele>
    <time>2026-05-09T02:42:16Z</time>
</trkpt><trkpt lat="23.61088672458659" lon="120.73052482925662">
    <ele>1807.4699149307808</ele>
    <time>2026-05-09T02:42:22Z</time>
</trkpt><trkpt lat="23.610851263660585" lon="120.73047136692765">
    <ele>1804.8000423044323</ele>
    <time>2026-05-09T02:42:28Z</time>
</trkpt><trkpt lat="23.610855115330736" lon="120.73042257530442">
    <ele>1801.916461509527</ele>
    <time>2026-05-09T02:42:34Z</time>
</trkpt><trkpt lat="23.61084348346534" lon="120.73038624373802">
    <ele>1801.2985266559485</ele>
    <time>2026-05-09T02:42:40Z</time>
</trkpt><trkpt lat="23.610832489705633" lon="120.73037114814501">
    <ele>1801.6268922474733</ele>
    <time>2026-05-09T02:42:46Z</time>
</trkpt><trkpt lat="23.610828346260607" lon="120.73036892782092">
    <ele>1800.6669019418605</ele>
    <time>2026-05-09T02:42:52Z</time>
</trkpt><trkpt lat="23.610824336003382" lon="120.73036551003631">
    <ele>1799.322528277257</ele>
    <time>2026-05-09T02:42:58Z</time>
</trkpt><trkpt lat="23.61082272767545" lon="120.73036765350163">
    <ele>1798.2035271233367</ele>
    <time>2026-05-09T02:43:04Z</time>
</trkpt><trkpt lat="23.610813505330658" lon="120.73033792041353">
    <ele>1796.9678939402393</ele>
    <time>2026-05-09T02:43:10Z</time>
</trkpt><trkpt lat="23.610801662125358" lon="120.7302953715381">
    <ele>1797.6166571008646</ele>
    <time>2026-05-09T02:43:16Z</time>
</trkpt><trkpt lat="23.610784333591734" lon="120.73022721541747">
    <ele>1797.5283489594983</ele>
    <time>2026-05-09T02:43:22Z</time>
</trkpt><trkpt lat="23.61077233873511" lon="120.73018894555942">
    <ele>1795.555169249806</ele>
    <time>2026-05-09T02:43:28Z</time>
</trkpt><trkpt lat="23.61072481907352" lon="120.73019182107042">
    <ele>1794.9330419872133</ele>
    <time>2026-05-09T02:43:33Z</time>
</trkpt><trkpt lat="23.61071554105099" lon="120.73020319668842">
    <ele>1794.243872048553</ele>
    <time>2026-05-09T02:43:39Z</time>
</trkpt><trkpt lat="23.610717716418307" lon="120.73019951947303">
    <ele>1793.3496261555351</ele>
    <time>2026-05-09T02:43:45Z</time>
</trkpt><trkpt lat="23.610718554925043" lon="120.73017125897547">
    <ele>1794.0368671603183</ele>
    <time>2026-05-09T02:43:51Z</time>
</trkpt><trkpt lat="23.610703271768163" lon="120.73013201947641">
    <ele>1796.5424439710291</ele>
    <time>2026-05-09T02:43:57Z</time>
</trkpt><trkpt lat="23.61068418515235" lon="120.73008468295914">
    <ele>1798.2847326814097</ele>
    <time>2026-05-09T02:44:03Z</time>
</trkpt><trkpt lat="23.6106616680594" lon="120.73002808135806">
    <ele>1798.2451900101858</ele>
    <time>2026-05-09T02:44:09Z</time>
</trkpt><trkpt lat="23.610652615392464" lon="120.72998620502078">
    <ele>1797.02337874524</ele>
    <time>2026-05-09T02:44:15Z</time>
</trkpt><trkpt lat="23.610644037805297" lon="120.72996805326522">
    <ele>1797.5360120811288</ele>
    <time>2026-05-09T02:44:21Z</time>
</trkpt><trkpt lat="23.610633539898945" lon="120.72996636504435">
    <ele>1798.8167682036528</ele>
    <time>2026-05-09T02:44:27Z</time>
</trkpt><trkpt lat="23.61060737766238" lon="120.72997670793669">
    <ele>1800.1642364629079</ele>
    <time>2026-05-09T02:44:33Z</time>
</trkpt><trkpt lat="23.6105847137271" lon="120.72996290733501">
    <ele>1799.9777469229198</ele>
    <time>2026-05-09T02:44:39Z</time>
</trkpt><trkpt lat="23.610567792338195" lon="120.72993316767123">
    <ele>1799.4475754312768</ele>
    <time>2026-05-09T02:44:45Z</time>
</trkpt><trkpt lat="23.61055144622962" lon="120.72989204093325">
    <ele>1798.6079980440986</ele>
    <time>2026-05-09T02:44:51Z</time>
</trkpt><trkpt lat="23.610527216041543" lon="120.72984594541198">
    <ele>1798.3642371507656</ele>
    <time>2026-05-09T02:44:57Z</time>
</trkpt><trkpt lat="23.610492256115908" lon="120.7298104087659">
    <ele>1798.00815525675</ele>
    <time>2026-05-09T02:45:03Z</time>
</trkpt><trkpt lat="23.610467732042505" lon="120.72978797859763">
    <ele>1798.5436675909443</ele>
    <time>2026-05-09T02:45:09Z</time>
</trkpt><trkpt lat="23.61044779358779" lon="120.72977894129262">
    <ele>1799.3029307919915</ele>
    <time>2026-05-09T02:45:14Z</time>
</trkpt><trkpt lat="23.61043822244683" lon="120.72977996689627">
    <ele>1799.9445295576852</ele>
    <time>2026-05-09T02:45:19Z</time>
</trkpt><trkpt lat="23.610426059430647" lon="120.72977641409791">
    <ele>1799.4931559056038</ele>
    <time>2026-05-09T02:45:24Z</time>
</trkpt><trkpt lat="23.610430161273808" lon="120.729774735939">
    <ele>1796.7722620290713</ele>
    <time>2026-05-09T02:45:29Z</time>
</trkpt><trkpt lat="23.610425007245215" lon="120.72975874195096">
    <ele>1795.6688805978308</ele>
    <time>2026-05-09T02:45:34Z</time>
</trkpt><trkpt lat="23.610411920696208" lon="120.72972770042634">
    <ele>1793.466110891884</ele>
    <time>2026-05-09T02:45:40Z</time>
</trkpt><trkpt lat="23.610408865984983" lon="120.72969083918737">
    <ele>1792.3427611829793</ele>
    <time>2026-05-09T02:45:46Z</time>
</trkpt><trkpt lat="23.610412429944056" lon="120.72964884503426">
    <ele>1790.4111762290338</ele>
    <time>2026-05-09T02:45:52Z</time>
</trkpt><trkpt lat="23.61040949681935" lon="120.72963035451899">
    <ele>1789.6909256990925</ele>
    <time>2026-05-09T02:45:58Z</time>
</trkpt><trkpt lat="23.610405762996937" lon="120.7296228009268">
    <ele>1790.6766337970905</ele>
    <time>2026-05-09T02:46:04Z</time>
</trkpt><trkpt lat="23.610399130137772" lon="120.72961661297606">
    <ele>1791.2805990031288</ele>
    <time>2026-05-09T02:46:10Z</time>
</trkpt><trkpt lat="23.6104042077465" lon="120.7296133051136">
    <ele>1789.816229857387</ele>
    <time>2026-05-09T02:46:16Z</time>
</trkpt><trkpt lat="23.61040931592027" lon="120.72961571857475">
    <ele>1788.6737416863555</ele>
    <time>2026-05-09T02:46:22Z</time>
</trkpt><trkpt lat="23.610410173954186" lon="120.72961357425743">
    <ele>1788.248136466223</ele>
    <time>2026-05-09T02:46:28Z</time>
</trkpt><trkpt lat="23.610417255468413" lon="120.72960139557212">
    <ele>1788.9384339279147</ele>
    <time>2026-05-09T02:46:34Z</time>
</trkpt><trkpt lat="23.61040789144381" lon="120.7295892388519">
    <ele>1789.041375101273</ele>
    <time>2026-05-09T02:46:40Z</time>
</trkpt><trkpt lat="23.6103775088406" lon="120.72957142674636">
    <ele>1789.3325619739244</ele>
    <time>2026-05-09T02:46:46Z</time>
</trkpt><trkpt lat="23.610359638951696" lon="120.72955641014912">
    <ele>1789.655947669153</ele>
    <time>2026-05-09T02:46:52Z</time>
</trkpt><trkpt lat="23.610346088977717" lon="120.72956065755773">
    <ele>1789.199623123852</ele>
    <time>2026-05-09T02:46:58Z</time>
</trkpt><trkpt lat="23.610332515215084" lon="120.7295572844594">
    <ele>1790.1307060278737</ele>
    <time>2026-05-09T02:47:04Z</time>
</trkpt><trkpt lat="23.61031954317796" lon="120.72955772094916">
    <ele>1790.6098374845305</ele>
    <time>2026-05-09T02:47:10Z</time>
</trkpt><trkpt lat="23.61031843646986" lon="120.72955826786882">
    <ele>1790.8536976247897</ele>
    <time>2026-05-09T02:47:16Z</time>
</trkpt><trkpt lat="23.6103178031373" lon="120.72955777760734">
    <ele>1791.0312145203166</ele>
    <time>2026-05-09T02:47:21Z</time>
</trkpt><trkpt lat="23.610307843660355" lon="120.72955954651837">
    <ele>1789.9876747125884</ele>
    <time>2026-05-09T02:47:26Z</time>
</trkpt><trkpt lat="23.610298535168074" lon="120.7295585864285">
    <ele>1788.520777670531</ele>
    <time>2026-05-09T02:47:32Z</time>
</trkpt><trkpt lat="23.610301945203698" lon="120.72956366891275">
    <ele>1787.034246430975</ele>
    <time>2026-05-09T02:47:37Z</time>
</trkpt><trkpt lat="23.61029332607903" lon="120.72956880738501">
    <ele>1786.6343287313198</ele>
    <time>2026-05-09T02:47:43Z</time>
</trkpt><trkpt lat="23.610280951303157" lon="120.72955767084295">
    <ele>1786.1405191534402</ele>
    <time>2026-05-09T02:47:49Z</time>
</trkpt><trkpt lat="23.61028627986053" lon="120.7295596658383">
    <ele>1785.4016523633525</ele>
    <time>2026-05-09T02:47:54Z</time>
</trkpt><trkpt lat="23.61029060305052" lon="120.72956799394632">
    <ele>1784.9599658782283</ele>
    <time>2026-05-09T02:48:00Z</time>
</trkpt><trkpt lat="23.610300090509295" lon="120.72958128572476">
    <ele>1783.1498138018678</ele>
    <time>2026-05-09T02:48:06Z</time>
</trkpt><trkpt lat="23.61029917581284" lon="120.72958737098253">
    <ele>1782.5392525029702</ele>
    <time>2026-05-09T02:48:12Z</time>
</trkpt><trkpt lat="23.61028729381376" lon="120.72960173471279">
    <ele>1781.1310093332884</ele>
    <time>2026-05-09T02:48:18Z</time>
</trkpt><trkpt lat="23.610270582131847" lon="120.72960621643331">
    <ele>1779.8603055338433</ele>
    <time>2026-05-09T02:48:24Z</time>
</trkpt><trkpt lat="23.61024295255605" lon="120.72959926882254">
    <ele>1779.6793072087348</ele>
    <time>2026-05-09T02:48:30Z</time>
</trkpt><trkpt lat="23.61023263282852" lon="120.72960116584792">
    <ele>1778.757549074669</ele>
    <time>2026-05-09T02:48:36Z</time>
</trkpt><trkpt lat="23.610226041438" lon="120.72960598884191">
    <ele>1779.7250939612472</ele>
    <time>2026-05-09T02:48:42Z</time>
</trkpt><trkpt lat="23.61022602166438" lon="120.72961143668242">
    <ele>1780.7578448316804</ele>
    <time>2026-05-09T02:48:48Z</time>
</trkpt><trkpt lat="23.61022528470752" lon="120.72962224436586">
    <ele>1782.0287845020264</ele>
    <time>2026-05-09T02:48:54Z</time>
</trkpt><trkpt lat="23.61023684907968" lon="120.72963448812338">
    <ele>1781.5720141651716</ele>
    <time>2026-05-09T02:49:00Z</time>
</trkpt><trkpt lat="23.610234764103442" lon="120.72964975694556">
    <ele>1780.2437405829612</ele>
    <time>2026-05-09T02:49:06Z</time>
</trkpt><trkpt lat="23.61024342047048" lon="120.7296673260942">
    <ele>1778.448524735272</ele>
    <time>2026-05-09T02:49:12Z</time>
</trkpt><trkpt lat="23.610243884813062" lon="120.72966576208361">
    <ele>1777.020423404991</ele>
    <time>2026-05-09T02:49:18Z</time>
</trkpt><trkpt lat="23.610244659318713" lon="120.72966589697994">
    <ele>1776.4529888421528</ele>
    <time>2026-05-09T02:49:25Z</time>
</trkpt><trkpt lat="23.610240496044135" lon="120.72965898926208">
    <ele>1776.253146233104</ele>
    <time>2026-05-09T02:49:31Z</time>
</trkpt><trkpt lat="23.61022972013738" lon="120.72965717058013">
    <ele>1775.2922676442388</ele>
    <time>2026-05-09T02:49:37Z</time>
</trkpt><trkpt lat="23.610229654633173" lon="120.72964576518994">
    <ele>1774.394139931242</ele>
    <time>2026-05-09T02:49:43Z</time>
</trkpt><trkpt lat="23.610222159726288" lon="120.72963633438684">
    <ele>1774.2292157867146</ele>
    <time>2026-05-09T02:49:49Z</time>
</trkpt><trkpt lat="23.61021007764999" lon="120.72962549561967">
    <ele>1773.4844418005655</ele>
    <time>2026-05-09T02:49:55Z</time>
</trkpt><trkpt lat="23.61019779287808" lon="120.72961124839827">
    <ele>1771.447128042844</ele>
    <time>2026-05-09T02:50:01Z</time>
</trkpt><trkpt lat="23.61019174040986" lon="120.72959451732994">
    <ele>1770.9775196511457</ele>
    <time>2026-05-09T02:50:07Z</time>
</trkpt><trkpt lat="23.6101754931339" lon="120.72957383626002">
    <ele>1771.608951618386</ele>
    <time>2026-05-09T02:50:13Z</time>
</trkpt><trkpt lat="23.610151123911947" lon="120.72955960221728">
    <ele>1771.1369958426374</ele>
    <time>2026-05-09T02:50:19Z</time>
</trkpt><trkpt lat="23.610133020947522" lon="120.72955152260923">
    <ele>1770.4607978273432</ele>
    <time>2026-05-09T02:50:25Z</time>
</trkpt><trkpt lat="23.61012905454301" lon="120.72953743592153">
    <ele>1770.1360843262921</ele>
    <time>2026-05-09T02:50:31Z</time>
</trkpt><trkpt lat="23.610140310084002" lon="120.7295338777914">
    <ele>1769.1227098924235</ele>
    <time>2026-05-09T02:50:36Z</time>
</trkpt><trkpt lat="23.61013873262029" lon="120.72953018737994">
    <ele>1768.5122450968963</ele>
    <time>2026-05-09T02:50:42Z</time>
</trkpt><trkpt lat="23.610124125908335" lon="120.72952299496438">
    <ele>1768.4534617219886</ele>
    <time>2026-05-09T02:50:48Z</time>
</trkpt><trkpt lat="23.610113231868425" lon="120.7295226040387">
    <ele>1769.1392788450185</ele>
    <time>2026-05-09T02:50:54Z</time>
</trkpt><trkpt lat="23.61011260491457" lon="120.72952999728206">
    <ele>1768.6446582067376</ele>
    <time>2026-05-09T02:51:00Z</time>
</trkpt><trkpt lat="23.610105145361825" lon="120.72952809170546">
    <ele>1767.543755653264</ele>
    <time>2026-05-09T02:51:06Z</time>
</trkpt><trkpt lat="23.610101509014566" lon="120.72952722654206">
    <ele>1766.975976875715</ele>
    <time>2026-05-09T02:51:12Z</time>
</trkpt><trkpt lat="23.61009500902564" lon="120.72952325831714">
    <ele>1767.3834107722482</ele>
    <time>2026-05-09T02:51:18Z</time>
</trkpt><trkpt lat="23.61009322009479" lon="120.7295261878726">
    <ele>1767.204109590137</ele>
    <time>2026-05-09T02:51:24Z</time>
</trkpt><trkpt lat="23.610090731186787" lon="120.72952433916359">
    <ele>1766.5010889213577</ele>
    <time>2026-05-09T02:51:31Z</time>
</trkpt><trkpt lat="23.610086505986153" lon="120.72951426405952">
    <ele>1767.0804712367117</ele>
    <time>2026-05-09T02:51:37Z</time>
</trkpt><trkpt lat="23.610083541530024" lon="120.72950923520969">
    <ele>1767.355418793389</ele>
    <time>2026-05-09T02:51:43Z</time>
</trkpt><trkpt lat="23.610080862821533" lon="120.7295080109776">
    <ele>1767.6965534622586</ele>
    <time>2026-05-09T02:51:49Z</time>
</trkpt><trkpt lat="23.610082580788706" lon="120.72951089050886">
    <ele>1767.2692044147268</ele>
    <time>2026-05-09T02:51:55Z</time>
</trkpt><trkpt lat="23.610089296973722" lon="120.72951004267694">
    <ele>1766.749023567725</ele>
    <time>2026-05-09T02:52:01Z</time>
</trkpt><trkpt lat="23.610089541828444" lon="120.72951173758547">
    <ele>1766.0817277068018</ele>
    <time>2026-05-09T02:52:07Z</time>
</trkpt><trkpt lat="23.610085365145313" lon="120.72951283894754">
    <ele>1765.8448551671247</ele>
    <time>2026-05-09T02:52:13Z</time>
</trkpt><trkpt lat="23.61008253685122" lon="120.72950864666552">
    <ele>1765.6840545248672</ele>
    <time>2026-05-09T02:52:19Z</time>
</trkpt><trkpt lat="23.61008017151295" lon="120.7295076103511">
    <ele>1765.9987792728423</ele>
    <time>2026-05-09T02:52:25Z</time>
</trkpt><trkpt lat="23.610080688460673" lon="120.72950805676541">
    <ele>1765.8572978794455</ele>
    <time>2026-05-09T02:52:31Z</time>
</trkpt><trkpt lat="23.610076987553075" lon="120.72950900644919">
    <ele>1765.5343518880925</ele>
    <time>2026-05-09T02:52:37Z</time>
</trkpt><trkpt lat="23.610078952314325" lon="120.72951781389256">
    <ele>1765.875212739748</ele>
    <time>2026-05-09T02:52:43Z</time>
</trkpt><trkpt lat="23.61008863565488" lon="120.72952798560516">
    <ele>1765.2775027043306</ele>
    <time>2026-05-09T02:52:49Z</time>
</trkpt><trkpt lat="23.610074375598465" lon="120.72952934923947">
    <ele>1765.5526990019052</ele>
    <time>2026-05-09T02:52:54Z</time>
</trkpt><trkpt lat="23.610066339211407" lon="120.7295265935975">
    <ele>1764.650852267555</ele>
    <time>2026-05-09T02:53:00Z</time>
</trkpt><trkpt lat="23.610048902311974" lon="120.72952748742368">
    <ele>1765.2232733655444</ele>
    <time>2026-05-09T02:53:06Z</time>
</trkpt><trkpt lat="23.61003979320333" lon="120.72952541561335">
    <ele>1764.00954527145</ele>
    <time>2026-05-09T02:53:12Z</time>
</trkpt><trkpt lat="23.610029441337556" lon="120.7295108281313">
    <ele>1765.0373706904786</ele>
    <time>2026-05-09T02:53:18Z</time>
</trkpt><trkpt lat="23.610019132053154" lon="120.72949555705426">
    <ele>1766.141474489049</ele>
    <time>2026-05-09T02:53:24Z</time>
</trkpt><trkpt lat="23.61001353876294" lon="120.72949038719668">
    <ele>1766.9104685891818</ele>
    <time>2026-05-09T02:53:30Z</time>
</trkpt><trkpt lat="23.61000906373561" lon="120.72949037219979">
    <ele>1767.356905220042</ele>
    <time>2026-05-09T02:53:36Z</time>
</trkpt><trkpt lat="23.61000688181637" lon="120.72948987066698">
    <ele>1768.1894808176366</ele>
    <time>2026-05-09T02:53:42Z</time>
</trkpt><trkpt lat="23.61000505291091" lon="120.72948980603248">
    <ele>1767.8547346436326</ele>
    <time>2026-05-09T02:53:48Z</time>
</trkpt><trkpt lat="23.610008029493034" lon="120.72948835761143">
    <ele>1767.2052819425264</ele>
    <time>2026-05-09T02:53:54Z</time>
</trkpt><trkpt lat="23.61001410762224" lon="120.72948488708376">
    <ele>1765.6198811575366</ele>
    <time>2026-05-09T02:54:00Z</time>
</trkpt><trkpt lat="23.61001147512105" lon="120.72948790243309">
    <ele>1765.0963954099457</ele>
    <time>2026-05-09T02:54:06Z</time>
</trkpt><trkpt lat="23.61000630243935" lon="120.72949375418627">
    <ele>1764.424082037172</ele>
    <time>2026-05-09T02:54:12Z</time>
</trkpt><trkpt lat="23.61000235134081" lon="120.72949608647482">
    <ele>1764.7609460257665</ele>
    <time>2026-05-09T02:54:18Z</time>
</trkpt><trkpt lat="23.609998940326886" lon="120.72949699968976">
    <ele>1764.7815020916053</ele>
    <time>2026-05-09T02:54:24Z</time>
</trkpt><trkpt lat="23.60999726693275" lon="120.72949302403076">
    <ele>1764.2833732358595</ele>
    <time>2026-05-09T02:54:30Z</time>
</trkpt><trkpt lat="23.609995332920516" lon="120.72948968694776">
    <ele>1764.1856907604783</ele>
    <time>2026-05-09T02:54:36Z</time>
</trkpt><trkpt lat="23.609995720662006" lon="120.72948654258998">
    <ele>1763.9685806838902</ele>
    <time>2026-05-09T02:54:42Z</time>
</trkpt><trkpt lat="23.61000460320663" lon="120.72948974200985">
    <ele>1763.3374157455232</ele>
    <time>2026-05-09T02:54:48Z</time>
</trkpt><trkpt lat="23.61000937729515" lon="120.72949299672295">
    <ele>1763.3899256795125</ele>
    <time>2026-05-09T02:54:53Z</time>
</trkpt><trkpt lat="23.610008925104417" lon="120.72949093981205">
    <ele>1762.8061535954776</ele>
    <time>2026-05-09T02:54:59Z</time>
</trkpt><trkpt lat="23.610009333102273" lon="120.72948881218554">
    <ele>1762.049182068143</ele>
    <time>2026-05-09T02:55:05Z</time>
</trkpt><trkpt lat="23.61000108651208" lon="120.72948038774547">
    <ele>1761.0945956787439</ele>
    <time>2026-05-09T02:55:11Z</time>
</trkpt><trkpt lat="23.609995488583827" lon="120.72947683296051">
    <ele>1759.1046247935956</ele>
    <time>2026-05-09T02:55:17Z</time>
</trkpt><trkpt lat="23.609996591642073" lon="120.72948739471165">
    <ele>1757.7380323470761</ele>
    <time>2026-05-09T02:55:23Z</time>
</trkpt><trkpt lat="23.609999972597905" lon="120.72950060509802">
    <ele>1756.5725587763802</ele>
    <time>2026-05-09T02:55:29Z</time>
</trkpt><trkpt lat="23.610000605726935" lon="120.72950534817562">
    <ele>1756.2977803773538</ele>
    <time>2026-05-09T02:55:35Z</time>
</trkpt><trkpt lat="23.61000264112132" lon="120.72949639971503">
    <ele>1755.9292623737388</ele>
    <time>2026-05-09T02:55:42Z</time>
</trkpt><trkpt lat="23.610003030930503" lon="120.72948990843967">
    <ele>1755.975494115473</ele>
    <time>2026-05-09T02:55:47Z</time>
</trkpt><trkpt lat="23.610006234468678" lon="120.72948227071817">
    <ele>1756.4902866659195</ele>
    <time>2026-05-09T02:55:52Z</time>
</trkpt><trkpt lat="23.610007412413577" lon="120.7294735171313">
    <ele>1757.9041464237218</ele>
    <time>2026-05-09T02:55:58Z</time>
</trkpt><trkpt lat="23.610007649499945" lon="120.7294705376424">
    <ele>1758.5128638249719</ele>
    <time>2026-05-09T02:56:04Z</time>
</trkpt><trkpt lat="23.609993228267705" lon="120.72946506605233">
    <ele>1760.1244228644462</ele>
    <time>2026-05-09T02:56:10Z</time>
</trkpt><trkpt lat="23.609980800533265" lon="120.72945635688387">
    <ele>1759.3941102962688</ele>
    <time>2026-05-09T02:56:16Z</time>
</trkpt><trkpt lat="23.609978611320766" lon="120.72945880914395">
    <ele>1757.6773561201665</ele>
    <time>2026-05-09T02:56:22Z</time>
</trkpt><trkpt lat="23.609967171434572" lon="120.72945734218645">
    <ele>1757.3207029074026</ele>
    <time>2026-05-09T02:56:28Z</time>
</trkpt><trkpt lat="23.60994781000679" lon="120.72944494054232">
    <ele>1757.8877971753955</ele>
    <time>2026-05-09T02:56:34Z</time>
</trkpt><trkpt lat="23.609921283902313" lon="120.72944661568471">
    <ele>1756.8993827464894</ele>
    <time>2026-05-09T02:56:40Z</time>
</trkpt><trkpt lat="23.60988790229452" lon="120.72945688681094">
    <ele>1755.2021525188454</ele>
    <time>2026-05-09T02:56:46Z</time>
</trkpt><trkpt lat="23.609862888221716" lon="120.72946044703767">
    <ele>1753.2842784671482</ele>
    <time>2026-05-09T02:56:52Z</time>
</trkpt><trkpt lat="23.609847205504625" lon="120.72946029827263">
    <ele>1750.602323600633</ele>
    <time>2026-05-09T02:56:58Z</time>
</trkpt><trkpt lat="23.609836723466188" lon="120.72946210430862">
    <ele>1749.4547296139829</ele>
    <time>2026-05-09T02:57:04Z</time>
</trkpt><trkpt lat="23.60982049791181" lon="120.72946688810555">
    <ele>1748.992498572905</ele>
    <time>2026-05-09T02:57:10Z</time>
</trkpt><trkpt lat="23.609809781310442" lon="120.72947020836438">
    <ele>1748.0979845655613</ele>
    <time>2026-05-09T02:57:16Z</time>
</trkpt><trkpt lat="23.609806325830487" lon="120.72947184059863">
    <ele>1746.3307030035207</ele>
    <time>2026-05-09T02:57:21Z</time>
</trkpt><trkpt lat="23.60980054203511" lon="120.72947515578002">
    <ele>1744.3184809310908</ele>
    <time>2026-05-09T02:57:27Z</time>
</trkpt><trkpt lat="23.60978497418639" lon="120.72948349830504">
    <ele>1742.0944694525635</ele>
    <time>2026-05-09T02:57:33Z</time>
</trkpt><trkpt lat="23.60976274732026" lon="120.72949495896796">
    <ele>1741.6015441304767</ele>
    <time>2026-05-09T02:57:39Z</time>
</trkpt><trkpt lat="23.609744838604392" lon="120.72950401212137">
    <ele>1739.8196981125504</ele>
    <time>2026-05-09T02:57:45Z</time>
</trkpt><trkpt lat="23.609733154740923" lon="120.7295098749708">
    <ele>1739.760032324889</ele>
    <time>2026-05-09T02:57:51Z</time>
</trkpt><trkpt lat="23.60972764277404" lon="120.72951263479446">
    <ele>1740.1299950767957</ele>
    <time>2026-05-09T02:57:57Z</time>
</trkpt><trkpt lat="23.60971661621118" lon="120.72951667366897">
    <ele>1739.408350087803</ele>
    <time>2026-05-09T02:58:03Z</time>
</trkpt><trkpt lat="23.60971432735759" lon="120.72951739967696">
    <ele>1737.6676911381326</ele>
    <time>2026-05-09T02:58:09Z</time>
</trkpt><trkpt lat="23.6097050033964" lon="120.72952051628722">
    <ele>1737.633141582549</ele>
    <time>2026-05-09T02:58:15Z</time>
</trkpt><trkpt lat="23.609701980653742" lon="120.72952152476907">
    <ele>1735.661603591636</ele>
    <time>2026-05-09T02:58:21Z</time>
</trkpt><trkpt lat="23.609707382390443" lon="120.72951967796169">
    <ele>1732.3828874056362</ele>
    <time>2026-05-09T02:58:27Z</time>
</trkpt><trkpt lat="23.60969083167267" lon="120.72953280789172">
    <ele>1730.2211329872337</ele>
    <time>2026-05-09T02:58:33Z</time>
</trkpt><trkpt lat="23.609670692227706" lon="120.72954049407787">
    <ele>1730.849923191673</ele>
    <time>2026-05-09T02:58:39Z</time>
</trkpt><trkpt lat="23.609662008527955" lon="120.72954228397208">
    <ele>1730.4156640088088</ele>
    <time>2026-05-09T02:58:45Z</time>
</trkpt><trkpt lat="23.609659772697317" lon="120.729541880866">
    <ele>1729.6641356647176</ele>
    <time>2026-05-09T02:58:51Z</time>
</trkpt><trkpt lat="23.609655599923585" lon="120.72954105514411">
    <ele>1728.6330577296003</ele>
    <time>2026-05-09T02:58:57Z</time>
</trkpt><trkpt lat="23.60964176754" lon="120.72953977571332">
    <ele>1728.9417672143309</ele>
    <time>2026-05-09T02:59:03Z</time>
</trkpt><trkpt lat="23.60963636539852" lon="120.7295392454801">
    <ele>1727.236501406295</ele>
    <time>2026-05-09T02:59:09Z</time>
</trkpt><trkpt lat="23.609627585491012" lon="120.7295378927315">
    <ele>1725.2784491068876</ele>
    <time>2026-05-09T02:59:15Z</time>
</trkpt><trkpt lat="23.609610670619542" lon="120.72953446789334">
    <ele>1723.556413132871</ele>
    <time>2026-05-09T02:59:21Z</time>
</trkpt><trkpt lat="23.609582143208733" lon="120.729526347739">
    <ele>1722.6637760069402</ele>
    <time>2026-05-09T02:59:26Z</time>
</trkpt><trkpt lat="23.60957090398421" lon="120.72951603832853">
    <ele>1721.6563187310337</ele>
    <time>2026-05-09T02:59:32Z</time>
</trkpt><trkpt lat="23.60956706347996" lon="120.72951031239613">
    <ele>1721.2049152176178</ele>
    <time>2026-05-09T02:59:38Z</time>
</trkpt><trkpt lat="23.60955860577947" lon="120.72950517190802">
    <ele>1721.395955781423</ele>
    <time>2026-05-09T02:59:44Z</time>
</trkpt><trkpt lat="23.609544377026932" lon="120.72949423097543">
    <ele>1721.7004264902043</ele>
    <time>2026-05-09T02:59:50Z</time>
</trkpt><trkpt lat="23.609536988616306" lon="120.72948729981177">
    <ele>1722.0805767804138</ele>
    <time>2026-05-09T02:59:56Z</time>
</trkpt><trkpt lat="23.609527756858206" lon="120.72948291462293">
    <ele>1722.9624564249568</ele>
    <time>2026-05-09T03:00:01Z</time>
</trkpt><trkpt lat="23.609513206894235" lon="120.72947263257903">
    <ele>1723.7382437535532</ele>
    <time>2026-05-09T03:00:07Z</time>
</trkpt><trkpt lat="23.609509047194162" lon="120.72946330479257">
    <ele>1724.5481152544423</ele>
    <time>2026-05-09T03:00:13Z</time>
</trkpt><trkpt lat="23.609505073937875" lon="120.72945400016506">
    <ele>1724.705146584565</ele>
    <time>2026-05-09T03:00:19Z</time>
</trkpt><trkpt lat="23.609501370294" lon="120.7294469097542">
    <ele>1726.1462030403773</ele>
    <time>2026-05-09T03:00:25Z</time>
</trkpt><trkpt lat="23.60949615619313" lon="120.72943822409052">
    <ele>1725.4945433492142</ele>
    <time>2026-05-09T03:00:31Z</time>
</trkpt><trkpt lat="23.609490176873344" lon="120.72942841410249">
    <ele>1724.359245480515</ele>
    <time>2026-05-09T03:00:37Z</time>
</trkpt><trkpt lat="23.609487857882236" lon="120.72942462362573">
    <ele>1722.6262958439588</ele>
    <time>2026-05-09T03:00:43Z</time>
</trkpt><trkpt lat="23.6094803974615" lon="120.72941194655316">
    <ele>1722.0863000961751</ele>
    <time>2026-05-09T03:00:49Z</time>
</trkpt><trkpt lat="23.60946796296226" lon="120.7293896308558">
    <ele>1720.9603982477497</ele>
    <time>2026-05-09T03:00:55Z</time>
</trkpt><trkpt lat="23.609435944711613" lon="120.72932723975987">
    <ele>1719.3455091979495</ele>
    <time>2026-05-09T03:01:01Z</time>
</trkpt><trkpt lat="23.609418508482456" lon="120.72929079321872">
    <ele>1717.5173798301114</ele>
    <time>2026-05-09T03:01:07Z</time>
</trkpt><trkpt lat="23.6094053784695" lon="120.72926121081863">
    <ele>1715.6859643991088</ele>
    <time>2026-05-09T03:01:13Z</time>
</trkpt><trkpt lat="23.609389379161694" lon="120.72922497794323">
    <ele>1714.1570243679605</ele>
    <time>2026-05-09T03:01:19Z</time>
</trkpt><trkpt lat="23.609374998504894" lon="120.72919269057086">
    <ele>1715.9674804798615</ele>
    <time>2026-05-09T03:01:25Z</time>
</trkpt><trkpt lat="23.609361734464954" lon="120.72916412186935">
    <ele>1716.441471621686</ele>
    <time>2026-05-09T03:01:31Z</time>
</trkpt><trkpt lat="23.609328063635502" lon="120.72911336496054">
    <ele>1719.3023889278622</ele>
    <time>2026-05-09T03:01:37Z</time>
</trkpt><trkpt lat="23.609307446526778" lon="120.72908039146681">
    <ele>1719.465736928161</ele>
    <time>2026-05-09T03:01:43Z</time>
</trkpt><trkpt lat="23.609290346961505" lon="120.72905339650121">
    <ele>1718.5155491189055</ele>
    <time>2026-05-09T03:01:48Z</time>
</trkpt><trkpt lat="23.6092651567582" lon="120.72901289811053">
    <ele>1717.6090850649148</ele>
    <time>2026-05-09T03:01:54Z</time>
</trkpt><trkpt lat="23.60923784107785" lon="120.72898930787355">
    <ele>1717.3036854335337</ele>
    <time>2026-05-09T03:02:00Z</time>
</trkpt><trkpt lat="23.609211533798792" lon="120.72897457438283">
    <ele>1716.629537232284</ele>
    <time>2026-05-09T03:02:06Z</time>
</trkpt><trkpt lat="23.609182023597363" lon="120.72895854360819">
    <ele>1715.143715932808</ele>
    <time>2026-05-09T03:02:12Z</time>
</trkpt><trkpt lat="23.60914774888281" lon="120.72894077840577">
    <ele>1714.574603999701</ele>
    <time>2026-05-09T03:02:18Z</time>
</trkpt><trkpt lat="23.609103279761236" lon="120.72892096383767">
    <ele>1713.6643929171714</ele>
    <time>2026-05-09T03:02:24Z</time>
</trkpt><trkpt lat="23.609063677177843" lon="120.72890513697823">
    <ele>1714.159449982034</ele>
    <time>2026-05-09T03:02:30Z</time>
</trkpt><trkpt lat="23.609031923219813" lon="120.72889223198752">
    <ele>1713.6678043769741</ele>
    <time>2026-05-09T03:02:36Z</time>
</trkpt><trkpt lat="23.60900790191674" lon="120.72888185050995">
    <ele>1713.2488745597104</ele>
    <time>2026-05-09T03:02:42Z</time>
</trkpt><trkpt lat="23.608984305349786" lon="120.72887137869022">
    <ele>1713.0389255161174</ele>
    <time>2026-05-09T03:02:48Z</time>
</trkpt><trkpt lat="23.608946900102897" lon="120.72885483893832">
    <ele>1711.8292223136903</ele>
    <time>2026-05-09T03:02:54Z</time>
</trkpt><trkpt lat="23.608933919092074" lon="120.7288491030963">
    <ele>1709.9098753929486</ele>
    <time>2026-05-09T03:03:00Z</time>
</trkpt><trkpt lat="23.608930158214825" lon="120.72883647068751">
    <ele>1708.9843163290227</ele>
    <time>2026-05-09T03:03:06Z</time>
</trkpt><trkpt lat="23.608908126076514" lon="120.72881154997627">
    <ele>1708.4613509172323</ele>
    <time>2026-05-09T03:03:12Z</time>
</trkpt><trkpt lat="23.608913888679872" lon="120.72874497276045">
    <ele>1708.7279422287104</ele>
    <time>2026-05-09T03:03:18Z</time>
</trkpt><trkpt lat="23.60891688431974" lon="120.72868845280067">
    <ele>1708.7358372563135</ele>
    <time>2026-05-09T03:03:24Z</time>
</trkpt><trkpt lat="23.608920626688448" lon="120.72865362665382">
    <ele>1706.9131725737382</ele>
    <time>2026-05-09T03:03:30Z</time>
</trkpt><trkpt lat="23.608926370136768" lon="120.7286225782662">
    <ele>1702.583582518382</ele>
    <time>2026-05-09T03:03:36Z</time>
</trkpt><trkpt lat="23.608934042177957" lon="120.72858747270948">
    <ele>1700.328121641867</ele>
    <time>2026-05-09T03:03:42Z</time>
</trkpt><trkpt lat="23.608938533456335" lon="120.72853607275256">
    <ele>1700.6601494315723</ele>
    <time>2026-05-09T03:03:48Z</time>
</trkpt><trkpt lat="23.608952353101575" lon="120.72848023610925">
    <ele>1701.355983405729</ele>
    <time>2026-05-09T03:03:53Z</time>
</trkpt><trkpt lat="23.60896107303169" lon="120.72842214102052">
    <ele>1699.5543118544701</ele>
    <time>2026-05-09T03:03:59Z</time>
</trkpt><trkpt lat="23.608966191396856" lon="120.7283580924916">
    <ele>1701.6145722474268</ele>
    <time>2026-05-09T03:04:06Z</time>
</trkpt><trkpt lat="23.608959869604192" lon="120.72830906727427">
    <ele>1702.098328877633</ele>
    <time>2026-05-09T03:04:11Z</time>
</trkpt><trkpt lat="23.60893663238665" lon="120.72826974320016">
    <ele>1701.5729324136123</ele>
    <time>2026-05-09T03:04:16Z</time>
</trkpt><trkpt lat="23.6089015693916" lon="120.72824580147928">
    <ele>1700.9270863103486</ele>
    <time>2026-05-09T03:04:22Z</time>
</trkpt><trkpt lat="23.60885423509217" lon="120.72823872660325">
    <ele>1700.5058329576848</ele>
    <time>2026-05-09T03:04:28Z</time>
</trkpt><trkpt lat="23.608799393350626" lon="120.72823802707393">
    <ele>1701.0275498858164</ele>
    <time>2026-05-09T03:04:34Z</time>
</trkpt><trkpt lat="23.608743822700866" lon="120.72823913191682">
    <ele>1704.3961744515277</ele>
    <time>2026-05-09T03:04:40Z</time>
</trkpt><trkpt lat="23.60867398951748" lon="120.72823727969374">
    <ele>1708.3230340515101</ele>
    <time>2026-05-09T03:04:46Z</time>
</trkpt><trkpt lat="23.608611803292693" lon="120.72822852749981">
    <ele>1709.2055411282856</ele>
    <time>2026-05-09T03:04:52Z</time>
</trkpt><trkpt lat="23.60856478974819" lon="120.72820829347603">
    <ele>1708.3429570459766</ele>
    <time>2026-05-09T03:04:58Z</time>
</trkpt><trkpt lat="23.608533204719137" lon="120.72819049261646">
    <ele>1707.2801477530702</ele>
    <time>2026-05-09T03:05:04Z</time>
</trkpt><trkpt lat="23.60852010016562" lon="120.72817251708379">
    <ele>1707.0343146163796</ele>
    <time>2026-05-09T03:05:10Z</time>
</trkpt><trkpt lat="23.60850418762978" lon="120.72811975815478">
    <ele>1707.1425603570876</ele>
    <time>2026-05-09T03:05:16Z</time>
</trkpt><trkpt lat="23.608489780583348" lon="120.72806874643868">
    <ele>1706.0350394464235</ele>
    <time>2026-05-09T03:05:22Z</time>
</trkpt><trkpt lat="23.608476889535183" lon="120.72801668331705">
    <ele>1705.4349881701332</ele>
    <time>2026-05-09T03:05:28Z</time>
</trkpt><trkpt lat="23.608467288508383" lon="120.72797218812565">
    <ele>1706.1937384282517</ele>
    <time>2026-05-09T03:05:34Z</time>
</trkpt><trkpt lat="23.608458884124182" lon="120.727931711276">
    <ele>1707.1215124475953</ele>
    <time>2026-05-09T03:05:40Z</time>
</trkpt><trkpt lat="23.608448277068312" lon="120.72788593438362">
    <ele>1707.4891298006748</ele>
    <time>2026-05-09T03:05:46Z</time>
</trkpt><trkpt lat="23.608433857937673" lon="120.72783572511635">
    <ele>1707.789286585623</ele>
    <time>2026-05-09T03:05:52Z</time>
</trkpt><trkpt lat="23.608415731682538" lon="120.72778703160189">
    <ele>1708.778004853822</ele>
    <time>2026-05-09T03:05:58Z</time>
</trkpt><trkpt lat="23.6083894238814" lon="120.72774289390102">
    <ele>1708.065727048421</ele>
    <time>2026-05-09T03:06:03Z</time>
</trkpt><trkpt lat="23.60835620004471" lon="120.72771248448464">
    <ele>1707.6185593221164</ele>
    <time>2026-05-09T03:06:09Z</time>
</trkpt><trkpt lat="23.608334291291268" lon="120.72770149290731">
    <ele>1708.6122906503101</ele>
    <time>2026-05-09T03:06:15Z</time>
</trkpt><trkpt lat="23.608293937365982" lon="120.72769112540587">
    <ele>1709.1788704966086</ele>
    <time>2026-05-09T03:06:21Z</time>
</trkpt><trkpt lat="23.608253297726467" lon="120.7276883626595">
    <ele>1708.2445161604253</ele>
    <time>2026-05-09T03:06:27Z</time>
</trkpt><trkpt lat="23.608186852404955" lon="120.72769294266786">
    <ele>1706.9610599387715</ele>
    <time>2026-05-09T03:06:33Z</time>
</trkpt><trkpt lat="23.60811431434882" lon="120.72769933840945">
    <ele>1706.458446952828</ele>
    <time>2026-05-09T03:06:39Z</time>
</trkpt><trkpt lat="23.608048909241692" lon="120.72768466008063">
    <ele>1706.7322266370074</ele>
    <time>2026-05-09T03:06:45Z</time>
</trkpt><trkpt lat="23.608005313605624" lon="120.72766595830996">
    <ele>1706.5138113693065</ele>
    <time>2026-05-09T03:06:51Z</time>
</trkpt><trkpt lat="23.607961751090254" lon="120.72763945079382">
    <ele>1708.2759333226027</ele>
    <time>2026-05-09T03:06:57Z</time>
</trkpt><trkpt lat="23.60791885096275" lon="120.72760848413479">
    <ele>1708.9932513920082</ele>
    <time>2026-05-09T03:07:03Z</time>
</trkpt><trkpt lat="23.607876169482882" lon="120.72757496686712">
    <ele>1710.8992530109495</ele>
    <time>2026-05-09T03:07:09Z</time>
</trkpt><trkpt lat="23.60782337307989" lon="120.72753149190493">
    <ele>1711.4462199282837</ele>
    <time>2026-05-09T03:07:15Z</time>
</trkpt><trkpt lat="23.60776392237752" lon="120.7274795578206">
    <ele>1712.7812711235972</ele>
    <time>2026-05-09T03:07:21Z</time>
</trkpt><trkpt lat="23.607718331983197" lon="120.72743619553324">
    <ele>1714.3630677742667</ele>
    <time>2026-05-09T03:07:27Z</time>
</trkpt><trkpt lat="23.60767278317834" lon="120.72739047500365">
    <ele>1715.8392603788036</ele>
    <time>2026-05-09T03:07:33Z</time>
</trkpt><trkpt lat="23.60765944851357" lon="120.72737662340096">
    <ele>1714.0075719389163</ele>
    <time>2026-05-09T03:07:39Z</time>
</trkpt><trkpt lat="23.607675835684656" lon="120.72739286993666">
    <ele>1712.7104379383113</ele>
    <time>2026-05-09T03:07:45Z</time>
</trkpt><trkpt lat="23.60767519648159" lon="120.72739221877794">
    <ele>1711.809865212018</ele>
    <time>2026-05-09T03:07:51Z</time>
</trkpt><trkpt lat="23.60766620534669" lon="120.72738311284172">
    <ele>1711.6793986179675</ele>
    <time>2026-05-09T03:07:57Z</time>
</trkpt><trkpt lat="23.60766794535746" lon="120.7273849491365">
    <ele>1711.5047488040739</ele>
    <time>2026-05-09T03:08:03Z</time>
</trkpt><trkpt lat="23.607670631687476" lon="120.7273876844482">
    <ele>1711.9601600446056</ele>
    <time>2026-05-09T03:08:09Z</time>
</trkpt><trkpt lat="23.60766803157428" lon="120.72738147925511">
    <ele>1712.3751515589854</ele>
    <time>2026-05-09T03:08:14Z</time>
</trkpt><trkpt lat="23.607657554050295" lon="120.72737051868893">
    <ele>1711.381054289709</ele>
    <time>2026-05-09T03:08:20Z</time>
</trkpt><trkpt lat="23.607646730948513" lon="120.72736154317901">
    <ele>1710.4161229805823</ele>
    <time>2026-05-09T03:08:26Z</time>
</trkpt><trkpt lat="23.607642712810634" lon="120.7273582400823">
    <ele>1709.5177016544123</ele>
    <time>2026-05-09T03:08:32Z</time>
</trkpt><trkpt lat="23.607649113402655" lon="120.7273651580866">
    <ele>1709.985816509961</ele>
    <time>2026-05-09T03:08:38Z</time>
</trkpt><trkpt lat="23.60766757626971" lon="120.7273509636695">
    <ele>1710.2674110090961</ele>
    <time>2026-05-09T03:08:44Z</time>
</trkpt><trkpt lat="23.607673238500183" lon="120.72734541336142">
    <ele>1710.3282041112536</ele>
    <time>2026-05-09T03:08:50Z</time>
</trkpt><trkpt lat="23.60767296048106" lon="120.72734502557554">
    <ele>1710.3105575246761</ele>
    <time>2026-05-09T03:08:56Z</time>
</trkpt><trkpt lat="23.60767187962491" lon="120.72734576554143">
    <ele>1710.2918580142164</ele>
    <time>2026-05-09T03:09:02Z</time>
</trkpt><trkpt lat="23.607671403053175" lon="120.72734618842851">
    <ele>1710.2857583990558</ele>
    <time>2026-05-09T03:09:08Z</time>
</trkpt><trkpt lat="23.607671353077816" lon="120.727346269398">
    <ele>1710.2859319657032</ele>
    <time>2026-05-09T03:09:14Z</time>
</trkpt><trkpt lat="23.60767140854318" lon="120.72734623790326">
    <ele>1710.2870353786413</ele>
    <time>2026-05-09T03:09:20Z</time>
</trkpt><trkpt lat="23.60767144373575" lon="120.72734620913029">
    <ele>1710.2875403230914</ele>
    <time>2026-05-09T03:09:26Z</time>
</trkpt><trkpt lat="23.607668546128238" lon="120.72733952756255">
    <ele>1711.8168353423348</ele>
    <time>2026-05-09T03:09:32Z</time>
</trkpt><trkpt lat="23.607666668178886" lon="120.72733145797446">
    <ele>1710.1633073682135</ele>
    <time>2026-05-09T03:09:38Z</time>
</trkpt><trkpt lat="23.607654496403136" lon="120.72731915875899">
    <ele>1708.8602334132256</ele>
    <time>2026-05-09T03:09:43Z</time>
</trkpt><trkpt lat="23.60765390855763" lon="120.72731973577173">
    <ele>1710.0306898737285</ele>
    <time>2026-05-09T03:09:49Z</time>
</trkpt><trkpt lat="23.60765913183806" lon="120.7273246016459">
    <ele>1710.4685193367382</ele>
    <time>2026-05-09T03:09:55Z</time>
</trkpt><trkpt lat="23.60766414887824" lon="120.7273256152436">
    <ele>1710.8603826803417</ele>
    <time>2026-05-09T03:10:01Z</time>
</trkpt><trkpt lat="23.607667156187315" lon="120.72732311864041">
    <ele>1710.774304426906</ele>
    <time>2026-05-09T03:10:07Z</time>
</trkpt><trkpt lat="23.607670333497158" lon="120.72732000580037">
    <ele>1710.370537465241</ele>
    <time>2026-05-09T03:10:13Z</time>
</trkpt><trkpt lat="23.607669479254408" lon="120.72731755150797">
    <ele>1709.5217130725362</ele>
    <time>2026-05-09T03:10:19Z</time>
</trkpt><trkpt lat="23.60766879950738" lon="120.72731900789753">
    <ele>1709.2478696778846</ele>
    <time>2026-05-09T03:10:24Z</time>
</trkpt><trkpt lat="23.607669927947136" lon="120.72732221621203">
    <ele>1709.4512188203898</ele>
    <time>2026-05-09T03:10:30Z</time>
</trkpt><trkpt lat="23.607666031767742" lon="120.72732056462436">
    <ele>1709.4908315774114</ele>
    <time>2026-05-09T03:10:36Z</time>
</trkpt><trkpt lat="23.60765660888016" lon="120.72732608961346">
    <ele>1710.9830625699426</ele>
    <time>2026-05-09T03:10:42Z</time>
</trkpt><trkpt lat="23.60765374154899" lon="120.72733295167926">
    <ele>1712.13202471644</ele>
    <time>2026-05-09T03:10:48Z</time>
</trkpt><trkpt lat="23.607653193203117" lon="120.72732977133107">
    <ele>1712.7434481517837</ele>
    <time>2026-05-09T03:10:54Z</time>
</trkpt><trkpt lat="23.60765553642425" lon="120.72732612831263">
    <ele>1712.8703306716543</ele>
    <time>2026-05-09T03:11:00Z</time>
</trkpt><trkpt lat="23.607660543445064" lon="120.72732685790398">
    <ele>1712.5979110805254</ele>
    <time>2026-05-09T03:11:06Z</time>
</trkpt><trkpt lat="23.607655555460838" lon="120.72731904757703">
    <ele>1711.4973877697705</ele>
    <time>2026-05-09T03:11:12Z</time>
</trkpt><trkpt lat="23.607648948470615" lon="120.72730834097922">
    <ele>1709.8645635986675</ele>
    <time>2026-05-09T03:11:18Z</time>
</trkpt><trkpt lat="23.607646381616167" lon="120.72730812557226">
    <ele>1710.4726883293954</ele>
    <time>2026-05-09T03:11:24Z</time>
</trkpt><trkpt lat="23.607643372703766" lon="120.72731310647353">
    <ele>1710.8506632968672</ele>
    <time>2026-05-09T03:11:30Z</time>
</trkpt><trkpt lat="23.607648079853476" lon="120.7273194675404">
    <ele>1710.3630263875943</ele>
    <time>2026-05-09T03:11:36Z</time>
</trkpt><trkpt lat="23.607650088156365" lon="120.72732735283441">
    <ele>1710.7180867575037</ele>
    <time>2026-05-09T03:11:42Z</time>
</trkpt><trkpt lat="23.607656076242723" lon="120.72734038035776">
    <ele>1711.9790438460095</ele>
    <time>2026-05-09T03:11:48Z</time>
</trkpt><trkpt lat="23.60765887902556" lon="120.72734688485873">
    <ele>1713.0790241078334</ele>
    <time>2026-05-09T03:11:54Z</time>
</trkpt><trkpt lat="23.60765778114966" lon="120.72735380146945">
    <ele>1713.3156605471518</ele>
    <time>2026-05-09T03:12:00Z</time>
</trkpt><trkpt lat="23.607656761741616" lon="120.72735782184094">
    <ele>1713.4364621609154</ele>
    <time>2026-05-09T03:12:06Z</time>
</trkpt><trkpt lat="23.607653425333538" lon="120.72735535462597">
    <ele>1713.3497383858735</ele>
    <time>2026-05-09T03:12:12Z</time>
</trkpt><trkpt lat="23.607651616897503" lon="120.72735241510365">
    <ele>1713.1056498266141</ele>
    <time>2026-05-09T03:12:18Z</time>
</trkpt><trkpt lat="23.607649507208293" lon="120.72734884851293">
    <ele>1713.3218556288691</ele>
    <time>2026-05-09T03:12:24Z</time>
</trkpt><trkpt lat="23.607657079908403" lon="120.7273507102848">
    <ele>1713.4679871108922</ele>
    <time>2026-05-09T03:12:30Z</time>
</trkpt><trkpt lat="23.607679293221295" lon="120.72734324596681">
    <ele>1711.9346311890351</ele>
    <time>2026-05-09T03:12:35Z</time>
</trkpt><trkpt lat="23.607687386957036" lon="120.72734138172706">
    <ele>1710.0346831593245</ele>
    <time>2026-05-09T03:12:40Z</time>
</trkpt><trkpt lat="23.60768809879427" lon="120.72734138959191">
    <ele>1709.412098424899</ele>
    <time>2026-05-09T03:12:45Z</time>
</trkpt><trkpt lat="23.60769170322553" lon="120.72735293166134">
    <ele>1708.9364954686503</ele>
    <time>2026-05-09T03:12:50Z</time>
</trkpt><trkpt lat="23.60769192239667" lon="120.72735412212599">
    <ele>1708.3499182190544</ele>
    <time>2026-05-09T03:12:55Z</time>
</trkpt><trkpt lat="23.60769148212128" lon="120.72735334748593">
    <ele>1708.1941006049058</ele>
    <time>2026-05-09T03:13:00Z</time>
</trkpt><trkpt lat="23.607678726449166" lon="120.72734165488552">
    <ele>1712.1579468580078</ele>
    <time>2026-05-09T03:13:06Z</time>
</trkpt><trkpt lat="23.60766957870148" lon="120.72733968140737">
    <ele>1714.2055857571959</ele>
    <time>2026-05-09T03:13:12Z</time>
</trkpt><trkpt lat="23.607660615951907" lon="120.7273366937249">
    <ele>1715.377085213541</ele>
    <time>2026-05-09T03:13:18Z</time>
</trkpt><trkpt lat="23.607648641650485" lon="120.72732574570527">
    <ele>1716.1703178184391</ele>
    <time>2026-05-09T03:13:24Z</time>
</trkpt><trkpt lat="23.607645529641072" lon="120.72732141676285">
    <ele>1716.2682802522252</ele>
    <time>2026-05-09T03:13:30Z</time>
</trkpt><trkpt lat="23.6076419859481" lon="120.72731529284532">
    <ele>1715.8309782453262</ele>
    <time>2026-05-09T03:13:36Z</time>
</trkpt><trkpt lat="23.607642859134074" lon="120.72731566060496">
    <ele>1713.6522075852847</ele>
    <time>2026-05-09T03:13:42Z</time>
</trkpt><trkpt lat="23.607648973307086" lon="120.72731843871739">
    <ele>1713.119362802727</ele>
    <time>2026-05-09T03:13:48Z</time>
</trkpt><trkpt lat="23.607651030700016" lon="120.72731946423617">
    <ele>1713.1935199706777</ele>
    <time>2026-05-09T03:13:54Z</time>
</trkpt><trkpt lat="23.607651027628265" lon="120.72731950425872">
    <ele>1713.319171335791</ele>
    <time>2026-05-09T03:14:00Z</time>
</trkpt><trkpt lat="23.607650682293777" lon="120.72731935223295">
    <ele>1713.3675811291255</ele>
    <time>2026-05-09T03:14:06Z</time>
</trkpt><trkpt lat="23.607650515697422" lon="120.72731927197775">
    <ele>1713.370007082911</ele>
    <time>2026-05-09T03:14:12Z</time>
</trkpt><trkpt lat="23.607650492795415" lon="120.72731925854949">
    <ele>1713.3630903809594</ele>
    <time>2026-05-09T03:14:18Z</time>
</trkpt><trkpt lat="23.607650509555906" lon="120.72731926546436">
    <ele>1713.3593378969704</ele>
    <time>2026-05-09T03:14:24Z</time>
</trkpt><trkpt lat="23.607650521493994" lon="120.72731927105475">
    <ele>1713.3586780193561</ele>
    <time>2026-05-09T03:14:30Z</time>
</trkpt><trkpt lat="23.607650524466777" lon="120.72731927259194">
    <ele>1713.3589527864963</ele>
    <time>2026-05-09T03:14:35Z</time>
</trkpt><trkpt lat="23.60765052429636" lon="120.72731927258855">
    <ele>1713.3591934693814</ele>
    <time>2026-05-09T03:14:40Z</time>
</trkpt><trkpt lat="23.607650523514565" lon="120.72731927224312">
    <ele>1713.3592992802796</ele>
    <time>2026-05-09T03:14:45Z</time>
</trkpt><trkpt lat="23.60765052302146" lon="120.72731927200928">
    <ele>1713.3593176773393</ele>
    <time>2026-05-09T03:14:50Z</time>
</trkpt><trkpt lat="23.60765052286161" lon="120.72731927192787">
    <ele>1713.3593066242172</ele>
    <time>2026-05-09T03:14:55Z</time>
</trkpt><trkpt lat="23.607650522863104" lon="120.72731927192477">
    <ele>1713.3592950755653</ele>
    <time>2026-05-09T03:15:00Z</time>
</trkpt><trkpt lat="23.60765052289959" lon="120.72731927194076">
    <ele>1713.3592897310552</ele>
    <time>2026-05-09T03:15:05Z</time>
</trkpt><trkpt lat="23.607650522925194" lon="120.7273192719529">
    <ele>1713.3592887360876</ele>
    <time>2026-05-09T03:15:11Z</time>
</trkpt><trkpt lat="23.607650522932307" lon="120.72731927195659">
    <ele>1713.3592894389376</ele>
    <time>2026-05-09T03:15:17Z</time>
</trkpt><trkpt lat="23.60765052293139" lon="120.7273192719563">
    <ele>1713.3592899330852</ele>
    <time>2026-05-09T03:15:23Z</time>
</trkpt><trkpt lat="23.60765052292976" lon="120.72731927195555">
    <ele>1713.3592900538204</ele>
    <time>2026-05-09T03:15:29Z</time>
</trkpt><trkpt lat="23.607650522929127" lon="120.72731927195522">
    <ele>1713.359290029624</ele>
    <time>2026-05-09T03:15:35Z</time>
</trkpt><trkpt lat="23.60765052292909" lon="120.7273192719552">
    <ele>1713.3592899977393</ele>
    <time>2026-05-09T03:15:41Z</time>
</trkpt><trkpt lat="23.60765052292918" lon="120.72731927195524">
    <ele>1713.3592899863545</ele>
    <time>2026-05-09T03:15:47Z</time>
</trkpt><trkpt lat="23.60765052292923" lon="120.72731927195527">
    <ele>1713.3592899861742</ele>
    <time>2026-05-09T03:15:53Z</time>
</trkpt><trkpt lat="23.607650522929237" lon="120.72731927195527">
    <ele>1713.3592899879895</ele>
    <time>2026-05-09T03:15:59Z</time>
</trkpt><trkpt lat="23.607650522929234" lon="120.72731927195527">
    <ele>1713.3592899888981</ele>
    <time>2026-05-09T03:16:05Z</time>
</trkpt><trkpt lat="23.60765052292923" lon="120.72731927195527">
    <ele>1713.3592899890343</ele>
    <time>2026-05-09T03:16:11Z</time>
</trkpt><trkpt lat="23.607670004402898" lon="120.72733075146911">
    <ele>1710.4071152680071</ele>
    <time>2026-05-09T03:16:17Z</time>
</trkpt><trkpt lat="23.60767171036902" lon="120.72733115231212">
    <ele>1710.341797330734</ele>
    <time>2026-05-09T03:16:23Z</time>
</trkpt><trkpt lat="23.607657553451528" lon="120.72731217103924">
    <ele>1712.6109614373854</ele>
    <time>2026-05-09T03:16:29Z</time>
</trkpt><trkpt lat="23.607651858722278" lon="120.72730602411626">
    <ele>1713.4816439963774</ele>
    <time>2026-05-09T03:16:35Z</time>
</trkpt><trkpt lat="23.60765139093786" lon="120.72730595305173">
    <ele>1713.5387902043951</ele>
    <time>2026-05-09T03:16:40Z</time>
</trkpt><trkpt lat="23.607651971546105" lon="120.72730681177661">
    <ele>1713.4423999020603</ele>
    <time>2026-05-09T03:16:45Z</time>
</trkpt><trkpt lat="23.607652479060317" lon="120.72730742387338">
    <ele>1713.3627216944308</ele>
    <time>2026-05-09T03:16:50Z</time>
</trkpt><trkpt lat="23.60765269477053" lon="120.72730764883181">
    <ele>1713.3300190829636</ele>
    <time>2026-05-09T03:16:55Z</time>
</trkpt><trkpt lat="23.607652727948803" lon="120.72730766504328">
    <ele>1713.3255967675957</ele>
    <time>2026-05-09T03:17:00Z</time>
</trkpt><trkpt lat="23.60765270247613" lon="120.72730762605846">
    <ele>1713.3298689453693</ele>
    <time>2026-05-09T03:17:05Z</time>
</trkpt><trkpt lat="23.60765267627996" lon="120.72730759437209">
    <ele>1713.3339847053983</ele>
    <time>2026-05-09T03:17:11Z</time>
</trkpt><trkpt lat="23.607652666043425" lon="120.72730758402868">
    <ele>1713.3355256385507</ele>
    <time>2026-05-09T03:17:17Z</time>
</trkpt><trkpt lat="23.607652665595552" lon="120.72730758444148">
    <ele>1713.3355644638502</ele>
    <time>2026-05-09T03:17:23Z</time>
</trkpt><trkpt lat="23.60765266708982" lon="120.72730758636838">
    <ele>1713.3353257467431</ele>
    <time>2026-05-09T03:17:29Z</time>
</trkpt><trkpt lat="23.607652667887404" lon="120.72730758723138">
    <ele>1713.3352037981774</ele>
    <time>2026-05-09T03:17:35Z</time>
</trkpt><trkpt lat="23.607652668023576" lon="120.72730758732689">
    <ele>1713.3351846905907</ele>
    <time>2026-05-09T03:17:41Z</time>
</trkpt><trkpt lat="23.60765266795617" lon="120.72730758722888">
    <ele>1713.3351958254052</ele>
    <time>2026-05-09T03:17:47Z</time>
</trkpt><trkpt lat="23.607652667900794" lon="120.72730758716548">
    <ele>1713.3352044069743</ele>
    <time>2026-05-09T03:17:53Z</time>
</trkpt><trkpt lat="23.60765266788526" lon="120.72730758715119">
    <ele>1713.3352066986965</ele>
    <time>2026-05-09T03:17:59Z</time>
</trkpt><trkpt lat="23.607652667887002" lon="120.72730758715487">
    <ele>1713.3352063734553</ele>
    <time>2026-05-09T03:18:05Z</time>
</trkpt><trkpt lat="23.607652667890438" lon="120.72730758715903">
    <ele>1713.3352058330597</ele>
    <time>2026-05-09T03:18:11Z</time>
</trkpt><trkpt lat="23.60765266789181" lon="120.72730758716044">
    <ele>1713.3352056259168</ele>
    <time>2026-05-09T03:18:17Z</time>
</trkpt><trkpt lat="23.6076526678919" lon="120.72730758716042">
    <ele>1713.3352056159943</ele>
    <time>2026-05-09T03:18:23Z</time>
</trkpt><trkpt lat="23.607652667891717" lon="120.72730758716018">
    <ele>1713.335205645812</ele>
    <time>2026-05-09T03:18:29Z</time>
</trkpt><trkpt lat="23.60765266789161" lon="120.72730758716007">
    <ele>1713.3352056618994</ele>
    <time>2026-05-09T03:18:35Z</time>
</trkpt><trkpt lat="23.60765266789159" lon="120.72730758716004">
    <ele>1713.3352056647007</ele>
    <time>2026-05-09T03:18:41Z</time>
</trkpt><trkpt lat="23.607652667891596" lon="120.72730758716006">
    <ele>1713.3352056635097</ele>
    <time>2026-05-09T03:18:47Z</time>
</trkpt><trkpt lat="23.607652667891603" lon="120.72730758716007">
    <ele>1713.3352056624076</ele>
    <time>2026-05-09T03:18:53Z</time>
</trkpt><trkpt lat="23.607652667891607" lon="120.72730758716007">
    <ele>1713.3352056619847</ele>
    <time>2026-05-09T03:18:59Z</time>
</trkpt><trkpt lat="23.607652667891607" lon="120.72730758716007">
    <ele>1713.3352056619683</ele>
    <time>2026-05-09T03:19:05Z</time>
</trkpt><trkpt lat="23.607652667891607" lon="120.72730758716007">
    <ele>1713.335205662031</ele>
    <time>2026-05-09T03:19:11Z</time>
</trkpt><trkpt lat="23.607652667891607" lon="120.72730758716007">
    <ele>1713.3352056620643</ele>
    <time>2026-05-09T03:19:17Z</time>
</trkpt><trkpt lat="23.607652667891607" lon="120.72730758716007">
    <ele>1713.3352056620697</ele>
    <time>2026-05-09T03:19:23Z</time>
</trkpt><trkpt lat="23.607652667891607" lon="120.72730758716007">
    <ele>1713.335205662067</ele>
    <time>2026-05-09T03:19:29Z</time>
</trkpt><trkpt lat="23.607652667891607" lon="120.72730758716007">
    <ele>1713.3352056620647</ele>
    <time>2026-05-09T03:19:35Z</time>
</trkpt><trkpt lat="23.607652667891607" lon="120.72730758716007">
    <ele>1713.335205662064</ele>
    <time>2026-05-09T03:19:41Z</time>
</trkpt><trkpt lat="23.607652667891607" lon="120.72730758716007">
    <ele>1713.335205662064</ele>
    <time>2026-05-09T03:19:47Z</time>
</trkpt><trkpt lat="23.607652667891607" lon="120.72730758716007">
    <ele>1713.3352056620643</ele>
    <time>2026-05-09T03:19:53Z</time>
</trkpt><trkpt lat="23.607652667891607" lon="120.72730758716007">
    <ele>1713.3352056620643</ele>
    <time>2026-05-09T03:19:59Z</time>
</trkpt><trkpt lat="23.607695942042856" lon="120.7273273513673">
    <ele>1715.9474198267926</ele>
    <time>2026-05-09T03:20:05Z</time>
</trkpt><trkpt lat="23.607710880857272" lon="120.72733769700763">
    <ele>1716.796517796607</ele>
    <time>2026-05-09T03:20:10Z</time>
</trkpt><trkpt lat="23.607711039597632" lon="120.72733897069125">
    <ele>1716.7881397047404</ele>
    <time>2026-05-09T03:20:16Z</time>
</trkpt><trkpt lat="23.607708620522732" lon="120.72733787368298">
    <ele>1716.6419967934808</ele>
    <time>2026-05-09T03:20:22Z</time>
</trkpt><trkpt lat="23.607707423390245" lon="120.72733712996735">
    <ele>1716.5726777102866</ele>
    <time>2026-05-09T03:20:28Z</time>
</trkpt><trkpt lat="23.60770724838616" lon="120.72733695342008">
    <ele>1716.563558380822</ele>
    <time>2026-05-09T03:20:34Z</time>
</trkpt><trkpt lat="23.6076961447274" lon="120.72732653663095">
    <ele>1715.2506453125936</ele>
    <time>2026-05-09T03:20:40Z</time>
</trkpt><trkpt lat="23.60769087367472" lon="120.72732617528933">
    <ele>1714.7575129343418</ele>
    <time>2026-05-09T03:20:46Z</time>
</trkpt><trkpt lat="23.607676615452334" lon="120.72731845687646">
    <ele>1714.553084426174</ele>
    <time>2026-05-09T03:20:52Z</time>
</trkpt><trkpt lat="23.607670556359032" lon="120.72731517489314">
    <ele>1713.7829466404899</ele>
    <time>2026-05-09T03:20:58Z</time>
</trkpt><trkpt lat="23.60767084548868" lon="120.72731481365912">
    <ele>1713.1849389681333</ele>
    <time>2026-05-09T03:21:04Z</time>
</trkpt><trkpt lat="23.60766937392857" lon="120.72731949141613">
    <ele>1713.214183981486</ele>
    <time>2026-05-09T03:21:10Z</time>
</trkpt><trkpt lat="23.607669596477564" lon="120.72732218536188">
    <ele>1712.5834822104932</ele>
    <time>2026-05-09T03:21:16Z</time>
</trkpt><trkpt lat="23.607669850767895" lon="120.72732258522421">
    <ele>1712.3773569023472</ele>
    <time>2026-05-09T03:21:22Z</time>
</trkpt><trkpt lat="23.607669939302895" lon="120.72732233274347">
    <ele>1712.3798799920562</ele>
    <time>2026-05-09T03:21:28Z</time>
</trkpt><trkpt lat="23.6076699396459" lon="120.7273221437398">
    <ele>1712.415550259933</ele>
    <time>2026-05-09T03:21:34Z</time>
</trkpt><trkpt lat="23.607669925015156" lon="120.72732209447636">
    <ele>1712.4323896662293</ele>
    <time>2026-05-09T03:21:40Z</time>
</trkpt><trkpt lat="23.607669917877914" lon="120.72732210222532">
    <ele>1712.4345768576425</ele>
    <time>2026-05-09T03:21:46Z</time>
</trkpt><trkpt lat="23.60766370710991" lon="120.72733312057522">
    <ele>1712.6800487090782</ele>
    <time>2026-05-09T03:21:52Z</time>
</trkpt><trkpt lat="23.607661789147084" lon="120.7273369436041">
    <ele>1712.7669533665962</ele>
    <time>2026-05-09T03:21:58Z</time>
</trkpt><trkpt lat="23.60766184360487" lon="120.72733699062856">
    <ele>1712.7685114256924</ele>
    <time>2026-05-09T03:22:04Z</time>
</trkpt><trkpt lat="23.607662191367094" lon="120.72733637473455">
    <ele>1712.7547578094157</ele>
    <time>2026-05-09T03:22:10Z</time>
</trkpt><trkpt lat="23.6076714840505" lon="120.72733639509644">
    <ele>1711.9271064688714</ele>
    <time>2026-05-09T03:22:16Z</time>
</trkpt><trkpt lat="23.607674617275105" lon="120.72733646125141">
    <ele>1711.6462063347255</ele>
    <time>2026-05-09T03:22:22Z</time>
</trkpt><trkpt lat="23.607674620133807" lon="120.72733649128068">
    <ele>1711.6450297460567</ele>
    <time>2026-05-09T03:22:28Z</time>
</trkpt><trkpt lat="23.607674097868166" lon="120.72733649475568">
    <ele>1711.6914066139286</ele>
    <time>2026-05-09T03:22:34Z</time>
</trkpt><trkpt lat="23.607673844662887" lon="120.72733649141853">
    <ele>1711.7140453023314</ele>
    <time>2026-05-09T03:22:39Z</time>
</trkpt><trkpt lat="23.6076738094205" lon="120.72733648922289">
    <ele>1711.7172494300214</ele>
    <time>2026-05-09T03:22:45Z</time>
</trkpt><trkpt lat="23.607695044780513" lon="120.72734256128336">
    <ele>1709.7660737292713</ele>
    <time>2026-05-09T03:22:51Z</time>
</trkpt><trkpt lat="23.607702060649448" lon="120.72734227224119">
    <ele>1709.1818789933798</ele>
    <time>2026-05-09T03:22:57Z</time>
</trkpt><trkpt lat="23.607692781415665" lon="120.72734546628911">
    <ele>1710.615110474098</ele>
    <time>2026-05-09T03:23:03Z</time>
</trkpt><trkpt lat="23.607689018554602" lon="120.72734315904948">
    <ele>1711.1941834351237</ele>
    <time>2026-05-09T03:23:09Z</time>
</trkpt><trkpt lat="23.607685139331828" lon="120.727340426305">
    <ele>1710.6910139339072</ele>
    <time>2026-05-09T03:23:15Z</time>
</trkpt><trkpt lat="23.607685448311692" lon="120.72733065010019">
    <ele>1711.4767116412722</ele>
    <time>2026-05-09T03:23:21Z</time>
</trkpt><trkpt lat="23.60768902055165" lon="120.72732549103283">
    <ele>1710.6157502924652</ele>
    <time>2026-05-09T03:23:27Z</time>
</trkpt><trkpt lat="23.607701148562242" lon="120.72732566955219">
    <ele>1710.5173277087383</ele>
    <time>2026-05-09T03:23:33Z</time>
</trkpt><trkpt lat="23.607698855135713" lon="120.72733009153484">
    <ele>1711.2545621528054</ele>
    <time>2026-05-09T03:23:39Z</time>
</trkpt><trkpt lat="23.607697051313696" lon="120.72733519150626">
    <ele>1712.8512887995548</ele>
    <time>2026-05-09T03:23:45Z</time>
</trkpt><trkpt lat="23.6076916290219" lon="120.72733746497337">
    <ele>1712.909470928416</ele>
    <time>2026-05-09T03:23:51Z</time>
</trkpt><trkpt lat="23.607682051100774" lon="120.72734266883649">
    <ele>1712.2769348338454</ele>
    <time>2026-05-09T03:23:57Z</time>
</trkpt><trkpt lat="23.607674748426437" lon="120.72734633065164">
    <ele>1712.3386172961177</ele>
    <time>2026-05-09T03:24:03Z</time>
</trkpt><trkpt lat="23.607671113273163" lon="120.72734731109743">
    <ele>1712.2980293691733</ele>
    <time>2026-05-09T03:24:09Z</time>
</trkpt><trkpt lat="23.60766759788284" lon="120.72734221526733">
    <ele>1712.037680829983</ele>
    <time>2026-05-09T03:24:15Z</time>
</trkpt><trkpt lat="23.607656299878247" lon="120.72734091079475">
    <ele>1710.24369289766</ele>
    <time>2026-05-09T03:24:21Z</time>
</trkpt><trkpt lat="23.60765167280756" lon="120.72734961967242">
    <ele>1709.6661661230214</ele>
    <time>2026-05-09T03:24:26Z</time>
</trkpt><trkpt lat="23.607649099682714" lon="120.72734732433744">
    <ele>1708.1315461409583</ele>
    <time>2026-05-09T03:24:32Z</time>
</trkpt><trkpt lat="23.607630925810344" lon="120.7273542592791">
    <ele>1709.261223740512</ele>
    <time>2026-05-09T03:24:38Z</time>
</trkpt><trkpt lat="23.60762972037633" lon="120.72736762514869">
    <ele>1710.3498420068597</ele>
    <time>2026-05-09T03:24:44Z</time>
</trkpt><trkpt lat="23.60763377675042" lon="120.72736729529686">
    <ele>1710.881884162748</ele>
    <time>2026-05-09T03:24:50Z</time>
</trkpt><trkpt lat="23.607641666319005" lon="120.72735876736472">
    <ele>1710.4730236219043</ele>
    <time>2026-05-09T03:24:56Z</time>
</trkpt><trkpt lat="23.607645883588322" lon="120.72734587209959">
    <ele>1709.2229095095722</ele>
    <time>2026-05-09T03:25:03Z</time>
</trkpt><trkpt lat="23.607653787964686" lon="120.72733438812614">
    <ele>1708.6678233259115</ele>
    <time>2026-05-09T03:25:09Z</time>
</trkpt><trkpt lat="23.607656806786434" lon="120.72733124139316">
    <ele>1709.0675373650593</ele>
    <time>2026-05-09T03:25:15Z</time>
</trkpt><trkpt lat="23.607663317145022" lon="120.72733178833299">
    <ele>1710.6427508624995</ele>
    <time>2026-05-09T03:25:21Z</time>
</trkpt><trkpt lat="23.60766364142745" lon="120.72733003250339">
    <ele>1711.0011151230347</ele>
    <time>2026-05-09T03:25:27Z</time>
</trkpt><trkpt lat="23.6076656177083" lon="120.72733041394756">
    <ele>1710.8795728501836</ele>
    <time>2026-05-09T03:25:33Z</time>
</trkpt><trkpt lat="23.607665145726425" lon="120.72733036334859">
    <ele>1710.965760322564</ele>
    <time>2026-05-09T03:25:39Z</time>
</trkpt><trkpt lat="23.60766473949345" lon="120.72733033365886">
    <ele>1710.9993427162317</ele>
    <time>2026-05-09T03:25:45Z</time>
</trkpt><trkpt lat="23.60766425839278" lon="120.72733432145266">
    <ele>1711.3718875999211</ele>
    <time>2026-05-09T03:25:51Z</time>
</trkpt><trkpt lat="23.60766401519266" lon="120.72733341719069">
    <ele>1711.3472733426952</ele>
    <time>2026-05-09T03:25:57Z</time>
</trkpt><trkpt lat="23.607666853915255" lon="120.72733512073498">
    <ele>1711.2816617915896</ele>
    <time>2026-05-09T03:26:03Z</time>
</trkpt><trkpt lat="23.607664833739488" lon="120.72733486957763">
    <ele>1711.9412160152287</ele>
    <time>2026-05-09T03:26:09Z</time>
</trkpt><trkpt lat="23.607663050944893" lon="120.72733568168125">
    <ele>1712.147564631139</ele>
    <time>2026-05-09T03:26:15Z</time>
</trkpt><trkpt lat="23.607654408557792" lon="120.72733157127989">
    <ele>1711.794736683616</ele>
    <time>2026-05-09T03:26:21Z</time>
</trkpt><trkpt lat="23.60764572606144" lon="120.72733136192018">
    <ele>1711.7952599255066</ele>
    <time>2026-05-09T03:26:27Z</time>
</trkpt><trkpt lat="23.60764310551719" lon="120.72733385781409">
    <ele>1712.4924150086952</ele>
    <time>2026-05-09T03:26:32Z</time>
</trkpt><trkpt lat="23.607642204575384" lon="120.72734015161204">
    <ele>1713.1048840063627</ele>
    <time>2026-05-09T03:26:38Z</time>
</trkpt><trkpt lat="23.607641070846967" lon="120.72734229829261">
    <ele>1712.9545308884663</ele>
    <time>2026-05-09T03:26:44Z</time>
</trkpt><trkpt lat="23.607625249144764" lon="120.72733241237782">
    <ele>1713.2837969171958</ele>
    <time>2026-05-09T03:26:50Z</time>
</trkpt><trkpt lat="23.607623080827132" lon="120.72731781998411">
    <ele>1713.9198507928816</ele>
    <time>2026-05-09T03:26:56Z</time>
</trkpt><trkpt lat="23.60761733863534" lon="120.72731100167462">
    <ele>1712.9592641687632</ele>
    <time>2026-05-09T03:27:02Z</time>
</trkpt><trkpt lat="23.60761374980159" lon="120.72729496264347">
    <ele>1712.1535067729385</ele>
    <time>2026-05-09T03:27:09Z</time>
</trkpt><trkpt lat="23.607614459659963" lon="120.72728392839399">
    <ele>1711.782225849196</ele>
    <time>2026-05-09T03:27:14Z</time>
</trkpt><trkpt lat="23.607614823299247" lon="120.72727222692936">
    <ele>1710.9474920751802</ele>
    <time>2026-05-09T03:27:19Z</time>
</trkpt><trkpt lat="23.607612118333023" lon="120.7272783528019">
    <ele>1711.815842395733</ele>
    <time>2026-05-09T03:27:25Z</time>
</trkpt><trkpt lat="23.607609632568963" lon="120.72729126048046">
    <ele>1713.7664038281534</ele>
    <time>2026-05-09T03:27:31Z</time>
</trkpt><trkpt lat="23.6076125298619" lon="120.72729624230638">
    <ele>1714.3745416707623</ele>
    <time>2026-05-09T03:27:37Z</time>
</trkpt><trkpt lat="23.60761480330772" lon="120.72729984460034">
    <ele>1714.4705013928424</ele>
    <time>2026-05-09T03:27:43Z</time>
</trkpt><trkpt lat="23.60761824103481" lon="120.72730176656776">
    <ele>1714.5467312589944</ele>
    <time>2026-05-09T03:27:49Z</time>
</trkpt><trkpt lat="23.60762266247629" lon="120.7273032968835">
    <ele>1714.4622655245266</ele>
    <time>2026-05-09T03:27:55Z</time>
</trkpt><trkpt lat="23.607628241540485" lon="120.72730344004609">
    <ele>1714.769456312138</ele>
    <time>2026-05-09T03:28:01Z</time>
</trkpt><trkpt lat="23.607627294776957" lon="120.72730072110511">
    <ele>1714.6726911017588</ele>
    <time>2026-05-09T03:28:07Z</time>
</trkpt><trkpt lat="23.607620392774955" lon="120.72729697498981">
    <ele>1715.0750331392073</ele>
    <time>2026-05-09T03:28:13Z</time>
</trkpt><trkpt lat="23.60761263174246" lon="120.72729301494357">
    <ele>1716.109194206846</ele>
    <time>2026-05-09T03:28:19Z</time>
</trkpt><trkpt lat="23.607613232740146" lon="120.72729104248576">
    <ele>1716.1157170201434</ele>
    <time>2026-05-09T03:28:25Z</time>
</trkpt><trkpt lat="23.607616450305223" lon="120.72729155439966">
    <ele>1715.4901786910546</ele>
    <time>2026-05-09T03:28:31Z</time>
</trkpt><trkpt lat="23.60761816529461" lon="120.72728339360754">
    <ele>1714.4200703496672</ele>
    <time>2026-05-09T03:28:37Z</time>
</trkpt><trkpt lat="23.607620492927712" lon="120.72727453274945">
    <ele>1713.7915248862864</ele>
    <time>2026-05-09T03:28:42Z</time>
</trkpt><trkpt lat="23.607620257345022" lon="120.72726234826337">
    <ele>1714.0424145067386</ele>
    <time>2026-05-09T03:28:48Z</time>
</trkpt><trkpt lat="23.60761131997156" lon="120.72723396020524">
    <ele>1714.2552181388885</ele>
    <time>2026-05-09T03:28:54Z</time>
</trkpt><trkpt lat="23.607601283675365" lon="120.72719862535051">
    <ele>1714.3274067676148</ele>
    <time>2026-05-09T03:29:00Z</time>
</trkpt><trkpt lat="23.607582538051453" lon="120.72715355534042">
    <ele>1714.9413932395632</ele>
    <time>2026-05-09T03:29:06Z</time>
</trkpt><trkpt lat="23.607571952116505" lon="120.72711473383062">
    <ele>1716.75645271107</ele>
    <time>2026-05-09T03:29:12Z</time>
</trkpt><trkpt lat="23.607561174714565" lon="120.72709319258493">
    <ele>1716.546351046677</ele>
    <time>2026-05-09T03:29:18Z</time>
</trkpt><trkpt lat="23.607545358175134" lon="120.72708302538575">
    <ele>1716.5784460185844</ele>
    <time>2026-05-09T03:29:24Z</time>
</trkpt><trkpt lat="23.60754571405627" lon="120.72706656083085">
    <ele>1715.974588518545</ele>
    <time>2026-05-09T03:29:30Z</time>
</trkpt><trkpt lat="23.607530982965706" lon="120.7270494976421">
    <ele>1718.4645244651983</ele>
    <time>2026-05-09T03:29:36Z</time>
</trkpt><trkpt lat="23.60751890215608" lon="120.72701937655773">
    <ele>1719.7178082096175</ele>
    <time>2026-05-09T03:29:42Z</time>
</trkpt><trkpt lat="23.607521421814834" lon="120.72698373304293">
    <ele>1722.158918247216</ele>
    <time>2026-05-09T03:29:48Z</time>
</trkpt><trkpt lat="23.607535443477722" lon="120.72695104737534">
    <ele>1724.3633240422473</ele>
    <time>2026-05-09T03:29:54Z</time>
</trkpt><trkpt lat="23.607538369569493" lon="120.72690742821271">
    <ele>1725.0898435644722</ele>
    <time>2026-05-09T03:30:00Z</time>
</trkpt><trkpt lat="23.607551500095695" lon="120.72685163105598">
    <ele>1727.125644021452</ele>
    <time>2026-05-09T03:30:06Z</time>
</trkpt><trkpt lat="23.607559550454944" lon="120.7268099559927">
    <ele>1728.3806948892495</ele>
    <time>2026-05-09T03:30:12Z</time>
</trkpt><trkpt lat="23.607582466178165" lon="120.72677933789949">
    <ele>1729.9834465463928</ele>
    <time>2026-05-09T03:30:18Z</time>
</trkpt><trkpt lat="23.60760065573682" lon="120.72673143541462">
    <ele>1730.735967877287</ele>
    <time>2026-05-09T03:30:24Z</time>
</trkpt><trkpt lat="23.607598909897757" lon="120.72668030843444">
    <ele>1731.2214099326718</ele>
    <time>2026-05-09T03:30:30Z</time>
</trkpt><trkpt lat="23.60759295803284" lon="120.72662703325328">
    <ele>1730.6597118903228</ele>
    <time>2026-05-09T03:30:36Z</time>
</trkpt><trkpt lat="23.607581347848438" lon="120.72658144479661">
    <ele>1730.9397687448136</ele>
    <time>2026-05-09T03:30:42Z</time>
</trkpt><trkpt lat="23.607552232783103" lon="120.72655972495284">
    <ele>1732.4567411210273</ele>
    <time>2026-05-09T03:30:48Z</time>
</trkpt><trkpt lat="23.60751307821244" lon="120.72654283363214">
    <ele>1733.5345239627316</ele>
    <time>2026-05-09T03:30:54Z</time>
</trkpt><trkpt lat="23.607489391461463" lon="120.72653125466952">
    <ele>1734.34015613727</ele>
    <time>2026-05-09T03:30:59Z</time>
</trkpt><trkpt lat="23.607467787337267" lon="120.72649172822433">
    <ele>1735.2860959979982</ele>
    <time>2026-05-09T03:31:05Z</time>
</trkpt><trkpt lat="23.6074457276293" lon="120.72644106991028">
    <ele>1735.2013643812631</ele>
    <time>2026-05-09T03:31:11Z</time>
</trkpt><trkpt lat="23.607428698882615" lon="120.72637782194779">
    <ele>1733.6907174695448</ele>
    <time>2026-05-09T03:31:17Z</time>
</trkpt><trkpt lat="23.60743001048115" lon="120.72633361719123">
    <ele>1732.58288647351</ele>
    <time>2026-05-09T03:31:23Z</time>
</trkpt><trkpt lat="23.6074075525857" lon="120.72628872966152">
    <ele>1729.8430539818185</ele>
    <time>2026-05-09T03:31:29Z</time>
</trkpt><trkpt lat="23.607389771741563" lon="120.7262657532267">
    <ele>1730.240505659563</ele>
    <time>2026-05-09T03:31:35Z</time>
</trkpt><trkpt lat="23.607362146771212" lon="120.72624526762881">
    <ele>1730.6296262741805</ele>
    <time>2026-05-09T03:31:41Z</time>
</trkpt><trkpt lat="23.60731910184908" lon="120.7262138832223">
    <ele>1730.4188936787323</ele>
    <time>2026-05-09T03:31:47Z</time>
</trkpt><trkpt lat="23.60728061416325" lon="120.72619542751607">
    <ele>1728.8353067175474</ele>
    <time>2026-05-09T03:31:53Z</time>
</trkpt><trkpt lat="23.607237692157383" lon="120.7261639728347">
    <ele>1728.0604579284336</ele>
    <time>2026-05-09T03:31:59Z</time>
</trkpt><trkpt lat="23.60719549260491" lon="120.72613062336424">
    <ele>1728.0849698217964</ele>
    <time>2026-05-09T03:32:05Z</time>
</trkpt><trkpt lat="23.607164018534625" lon="120.7261246438695">
    <ele>1727.5630742318983</ele>
    <time>2026-05-09T03:32:11Z</time>
</trkpt><trkpt lat="23.607136217633574" lon="120.7261327118775">
    <ele>1729.6915062424596</ele>
    <time>2026-05-09T03:32:17Z</time>
</trkpt><trkpt lat="23.60710737454044" lon="120.72614480175886">
    <ele>1730.9572250539443</ele>
    <time>2026-05-09T03:32:23Z</time>
</trkpt><trkpt lat="23.60707430645312" lon="120.7261290217502">
    <ele>1730.5267425219977</ele>
    <time>2026-05-09T03:32:29Z</time>
</trkpt><trkpt lat="23.607046063547678" lon="120.72609750433706">
    <ele>1731.1599154335759</ele>
    <time>2026-05-09T03:32:35Z</time>
</trkpt><trkpt lat="23.607023088642322" lon="120.72606750917971">
    <ele>1731.172682878407</ele>
    <time>2026-05-09T03:32:40Z</time>
</trkpt><trkpt lat="23.606989497777786" lon="120.7260292667554">
    <ele>1731.418774271539</ele>
    <time>2026-05-09T03:32:46Z</time>
</trkpt><trkpt lat="23.606960878880596" lon="120.72600658949281">
    <ele>1732.921609657784</ele>
    <time>2026-05-09T03:32:52Z</time>
</trkpt><trkpt lat="23.606946460712376" lon="120.72598528768206">
    <ele>1735.8251122423485</ele>
    <time>2026-05-09T03:32:58Z</time>
</trkpt><trkpt lat="23.606937892544572" lon="120.72598529126397">
    <ele>1739.7390322676515</ele>
    <time>2026-05-09T03:33:04Z</time>
</trkpt><trkpt lat="23.60691586580053" lon="120.72597509240043">
    <ele>1740.3632009587513</ele>
    <time>2026-05-09T03:33:10Z</time>
</trkpt><trkpt lat="23.606891828637387" lon="120.72594880668042">
    <ele>1740.5711513628867</ele>
    <time>2026-05-09T03:33:16Z</time>
</trkpt><trkpt lat="23.606880827374265" lon="120.72592217105718">
    <ele>1741.9337118448732</ele>
    <time>2026-05-09T03:33:22Z</time>
</trkpt><trkpt lat="23.606868680066246" lon="120.72588515925959">
    <ele>1742.6584351929048</ele>
    <time>2026-05-09T03:33:28Z</time>
</trkpt><trkpt lat="23.606856618213467" lon="120.72584825727559">
    <ele>1742.7130053919461</ele>
    <time>2026-05-09T03:33:33Z</time>
</trkpt><trkpt lat="23.606831150918147" lon="120.72582857621452">
    <ele>1741.6844263453079</ele>
    <time>2026-05-09T03:33:38Z</time>
</trkpt><trkpt lat="23.606796117002155" lon="120.7258116368656">
    <ele>1742.1054895778257</ele>
    <time>2026-05-09T03:33:43Z</time>
</trkpt><trkpt lat="23.606744664205426" lon="120.72579267085594">
    <ele>1742.13661155846</ele>
    <time>2026-05-09T03:33:48Z</time>
</trkpt><trkpt lat="23.606701323295592" lon="120.7257754464632">
    <ele>1741.135598997638</ele>
    <time>2026-05-09T03:33:54Z</time>
</trkpt><trkpt lat="23.60664211898626" lon="120.72578785600535">
    <ele>1741.3573070473897</ele>
    <time>2026-05-09T03:34:00Z</time>
</trkpt><trkpt lat="23.606601549101956" lon="120.72580639856089">
    <ele>1741.6169983047407</ele>
    <time>2026-05-09T03:34:06Z</time>
</trkpt><trkpt lat="23.606550781688316" lon="120.72583638779862">
    <ele>1742.0506828814923</ele>
    <time>2026-05-09T03:34:12Z</time>
</trkpt><trkpt lat="23.606506598830222" lon="120.72586456771904">
    <ele>1740.7239867464632</ele>
    <time>2026-05-09T03:34:18Z</time>
</trkpt><trkpt lat="23.606464188301107" lon="120.72589150255718">
    <ele>1738.611586986747</ele>
    <time>2026-05-09T03:34:23Z</time>
</trkpt><trkpt lat="23.606433341589934" lon="120.72591081856837">
    <ele>1737.0863694039738</ele>
    <time>2026-05-09T03:34:29Z</time>
</trkpt><trkpt lat="23.606410511132108" lon="120.7259236209723">
    <ele>1737.4047464814737</ele>
    <time>2026-05-09T03:34:35Z</time>
</trkpt><trkpt lat="23.60639015375255" lon="120.72593464921219">
    <ele>1735.2075762922218</ele>
    <time>2026-05-09T03:34:41Z</time>
</trkpt><trkpt lat="23.606372082040778" lon="120.72594452817063">
    <ele>1733.6867199953106</ele>
    <time>2026-05-09T03:34:47Z</time>
</trkpt><trkpt lat="23.606346120129697" lon="120.72595743226276">
    <ele>1733.0799874259906</ele>
    <time>2026-05-09T03:34:53Z</time>
</trkpt><trkpt lat="23.606322437430705" lon="120.72596724370432">
    <ele>1732.612267762914</ele>
    <time>2026-05-09T03:34:59Z</time>
</trkpt><trkpt lat="23.60628394501861" lon="120.7259790122449">
    <ele>1733.0366816115509</ele>
    <time>2026-05-09T03:35:05Z</time>
</trkpt><trkpt lat="23.606241566680886" lon="120.7259860428255">
    <ele>1732.5072887465772</ele>
    <time>2026-05-09T03:35:11Z</time>
</trkpt><trkpt lat="23.606215472498768" lon="120.72598714464344">
    <ele>1732.531670453536</ele>
    <time>2026-05-09T03:35:17Z</time>
</trkpt><trkpt lat="23.606194113261182" lon="120.72598407780013">
    <ele>1735.7228810575093</ele>
    <time>2026-05-09T03:35:23Z</time>
</trkpt><trkpt lat="23.6061665318622" lon="120.72597772709369">
    <ele>1735.916324273083</ele>
    <time>2026-05-09T03:35:29Z</time>
</trkpt><trkpt lat="23.6061441220116" lon="120.72597117099816">
    <ele>1737.3460622068087</ele>
    <time>2026-05-09T03:35:35Z</time>
</trkpt><trkpt lat="23.606125361846612" lon="120.7259645185857">
    <ele>1738.523586088655</ele>
    <time>2026-05-09T03:35:40Z</time>
</trkpt><trkpt lat="23.60610306859104" lon="120.7259544418593">
    <ele>1737.976497168119</ele>
    <time>2026-05-09T03:35:45Z</time>
</trkpt><trkpt lat="23.60605687267587" lon="120.72593030381161">
    <ele>1736.1934703770908</ele>
    <time>2026-05-09T03:35:51Z</time>
</trkpt><trkpt lat="23.606000864612973" lon="120.72589472992179">
    <ele>1735.8669832503658</ele>
    <time>2026-05-09T03:35:57Z</time>
</trkpt><trkpt lat="23.605965420490982" lon="120.72586996078056">
    <ele>1736.3951669152366</ele>
    <time>2026-05-09T03:36:03Z</time>
</trkpt><trkpt lat="23.60592287310028" lon="120.72583668607977">
    <ele>1736.5834267973792</ele>
    <time>2026-05-09T03:36:09Z</time>
</trkpt><trkpt lat="23.60587684618292" lon="120.72579849558001">
    <ele>1736.4047673897965</ele>
    <time>2026-05-09T03:36:15Z</time>
</trkpt><trkpt lat="23.605843134383445" lon="120.72577001114948">
    <ele>1735.8671824532994</ele>
    <time>2026-05-09T03:36:21Z</time>
</trkpt><trkpt lat="23.605812673667625" lon="120.7257423520142">
    <ele>1736.0386074477792</ele>
    <time>2026-05-09T03:36:27Z</time>
</trkpt><trkpt lat="23.605768219863883" lon="120.72570140094645">
    <ele>1736.530247554099</ele>
    <time>2026-05-09T03:36:33Z</time>
</trkpt><trkpt lat="23.605727727826654" lon="120.72566244428116">
    <ele>1736.081855136145</ele>
    <time>2026-05-09T03:36:39Z</time>
</trkpt><trkpt lat="23.60569894437004" lon="120.72562929141637">
    <ele>1735.9487900495437</ele>
    <time>2026-05-09T03:36:45Z</time>
</trkpt><trkpt lat="23.60567853247047" lon="120.72560820201093">
    <ele>1734.9846083798732</ele>
    <time>2026-05-09T03:36:51Z</time>
</trkpt><trkpt lat="23.605658113183242" lon="120.7255903695305">
    <ele>1735.8383592201408</ele>
    <time>2026-05-09T03:36:56Z</time>
</trkpt><trkpt lat="23.60563826210764" lon="120.72557353563612">
    <ele>1736.3417596477034</ele>
    <time>2026-05-09T03:37:02Z</time>
</trkpt><trkpt lat="23.605621703991268" lon="120.72555930569595">
    <ele>1736.1649242952922</ele>
    <time>2026-05-09T03:37:08Z</time>
</trkpt><trkpt lat="23.605623176199078" lon="120.72556062685948">
    <ele>1734.3539177297562</ele>
    <time>2026-05-09T03:37:14Z</time>
</trkpt><trkpt lat="23.60561704401507" lon="120.72555523789768">
    <ele>1731.1044080781687</ele>
    <time>2026-05-09T03:37:20Z</time>
</trkpt><trkpt lat="23.60558297458021" lon="120.72552838661969">
    <ele>1730.9073667853704</ele>
    <time>2026-05-09T03:37:26Z</time>
</trkpt><trkpt lat="23.605562140474245" lon="120.72551234670235">
    <ele>1733.1020373467197</ele>
    <time>2026-05-09T03:37:32Z</time>
</trkpt><trkpt lat="23.60553636853373" lon="120.72550221320802">
    <ele>1733.7083396617238</ele>
    <time>2026-05-09T03:37:38Z</time>
</trkpt><trkpt lat="23.605515006527195" lon="120.72549070378311">
    <ele>1731.6375334314032</ele>
    <time>2026-05-09T03:37:43Z</time>
</trkpt><trkpt lat="23.60550299299669" lon="120.72548295364608">
    <ele>1729.9240296975174</ele>
    <time>2026-05-09T03:37:48Z</time>
</trkpt><trkpt lat="23.605492254777136" lon="120.72547512095636">
    <ele>1727.9236101988865</ele>
    <time>2026-05-09T03:37:54Z</time>
</trkpt><trkpt lat="23.60546942913429" lon="120.72545890825774">
    <ele>1726.2153590127184</ele>
    <time>2026-05-09T03:38:00Z</time>
</trkpt><trkpt lat="23.605440377605543" lon="120.72543865254974">
    <ele>1724.3484924162308</ele>
    <time>2026-05-09T03:38:06Z</time>
</trkpt><trkpt lat="23.60540017173635" lon="120.72541079194238">
    <ele>1722.4125448151326</ele>
    <time>2026-05-09T03:38:12Z</time>
</trkpt><trkpt lat="23.605371171695317" lon="120.72539133518629">
    <ele>1721.616214951811</ele>
    <time>2026-05-09T03:38:18Z</time>
</trkpt><trkpt lat="23.605354399501802" lon="120.72538103119825">
    <ele>1720.5824447423945</ele>
    <time>2026-05-09T03:38:24Z</time>
</trkpt><trkpt lat="23.605350855155088" lon="120.72537936559532">
    <ele>1721.010756807403</ele>
    <time>2026-05-09T03:38:30Z</time>
</trkpt><trkpt lat="23.605357411767258" lon="120.72538288228692">
    <ele>1721.9291319351862</ele>
    <time>2026-05-09T03:38:36Z</time>
</trkpt><trkpt lat="23.60534961183055" lon="120.72537725173946">
    <ele>1724.0672884737296</ele>
    <time>2026-05-09T03:38:42Z</time>
</trkpt><trkpt lat="23.60533103252611" lon="120.72535843086209">
    <ele>1722.8699216881485</ele>
    <time>2026-05-09T03:38:48Z</time>
</trkpt><trkpt lat="23.605304970780114" lon="120.72534009951977">
    <ele>1723.8695730941126</ele>
    <time>2026-05-09T03:38:54Z</time>
</trkpt><trkpt lat="23.605295477679046" lon="120.72533434940362">
    <ele>1723.9185632544304</ele>
    <time>2026-05-09T03:39:00Z</time>
</trkpt><trkpt lat="23.605284774690503" lon="120.72532824784669">
    <ele>1723.9268061362973</ele>
    <time>2026-05-09T03:39:06Z</time>
</trkpt><trkpt lat="23.60527789989692" lon="120.72532425442097">
    <ele>1723.86111113324</ele>
    <time>2026-05-09T03:39:12Z</time>
</trkpt><trkpt lat="23.605252268794743" lon="120.72530864675176">
    <ele>1724.6777334466067</ele>
    <time>2026-05-09T03:39:18Z</time>
</trkpt><trkpt lat="23.60522538175507" lon="120.72529222660549">
    <ele>1724.847526637794</ele>
    <time>2026-05-09T03:39:24Z</time>
</trkpt><trkpt lat="23.605214921660224" lon="120.72528583228092">
    <ele>1723.4984330484442</ele>
    <time>2026-05-09T03:39:30Z</time>
</trkpt><trkpt lat="23.605207391341658" lon="120.7252855923773">
    <ele>1725.8187798938848</ele>
    <time>2026-05-09T03:39:35Z</time>
</trkpt><trkpt lat="23.60520307012762" lon="120.7252889988086">
    <ele>1727.9074487256398</ele>
    <time>2026-05-09T03:39:41Z</time>
</trkpt><trkpt lat="23.60519062800692" lon="120.72528296650444">
    <ele>1729.6331693715697</ele>
    <time>2026-05-09T03:39:47Z</time>
</trkpt><trkpt lat="23.6051596497316" lon="120.7252607483941">
    <ele>1730.5125979640954</ele>
    <time>2026-05-09T03:39:52Z</time>
</trkpt><trkpt lat="23.60513739626924" lon="120.72524874359966">
    <ele>1730.6419775878035</ele>
    <time>2026-05-09T03:39:58Z</time>
</trkpt><trkpt lat="23.605119976811633" lon="120.72523990016187">
    <ele>1730.1141040564464</ele>
    <time>2026-05-09T03:40:04Z</time>
</trkpt><trkpt lat="23.60510134793735" lon="120.72523128140844">
    <ele>1730.8291870766589</ele>
    <time>2026-05-09T03:40:10Z</time>
</trkpt><trkpt lat="23.605086682865295" lon="120.72522361872126">
    <ele>1731.282709283308</ele>
    <time>2026-05-09T03:40:16Z</time>
</trkpt><trkpt lat="23.605064819929026" lon="120.72521140208922">
    <ele>1731.861446385554</ele>
    <time>2026-05-09T03:40:22Z</time>
</trkpt><trkpt lat="23.605051740528367" lon="120.72520407548596">
    <ele>1734.1038571415197</ele>
    <time>2026-05-09T03:40:28Z</time>
</trkpt><trkpt lat="23.605023879804342" lon="120.7251893363981">
    <ele>1735.1246768469532</ele>
    <time>2026-05-09T03:40:34Z</time>
</trkpt><trkpt lat="23.604984891356803" lon="120.72516917081093">
    <ele>1739.8020216843884</ele>
    <time>2026-05-09T03:40:40Z</time>
</trkpt><trkpt lat="23.60494984283646" lon="120.72515199600407">
    <ele>1741.635638232543</ele>
    <time>2026-05-09T03:40:46Z</time>
</trkpt><trkpt lat="23.604899193457523" lon="120.7251281340543">
    <ele>1740.2133763556512</ele>
    <time>2026-05-09T03:40:52Z</time>
</trkpt><trkpt lat="23.60485337388984" lon="120.72510710119053">
    <ele>1736.4942834454682</ele>
    <time>2026-05-09T03:40:58Z</time>
</trkpt><trkpt lat="23.60480042399127" lon="120.7250831429304">
    <ele>1736.9499477772783</ele>
    <time>2026-05-09T03:41:04Z</time>
</trkpt><trkpt lat="23.604759290648836" lon="120.72506477972561">
    <ele>1739.4132216381345</ele>
    <time>2026-05-09T03:41:10Z</time>
</trkpt><trkpt lat="23.604723459218" lon="120.72504885001466">
    <ele>1736.5250383964162</ele>
    <time>2026-05-09T03:41:16Z</time>
</trkpt><trkpt lat="23.60469881144191" lon="120.72503788698482">
    <ele>1735.962949704157</ele>
    <time>2026-05-09T03:41:22Z</time>
</trkpt><trkpt lat="23.60466230444622" lon="120.72502161551488">
    <ele>1735.8113904887825</ele>
    <time>2026-05-09T03:41:28Z</time>
</trkpt><trkpt lat="23.604642215513767" lon="120.7250126570146">
    <ele>1734.8112203369499</ele>
    <time>2026-05-09T03:41:34Z</time>
</trkpt><trkpt lat="23.60461777917717" lon="120.72500246902722">
    <ele>1732.69097862151</ele>
    <time>2026-05-09T03:41:40Z</time>
</trkpt><trkpt lat="23.604587377972287" lon="120.72498999690428">
    <ele>1735.8098210815128</ele>
    <time>2026-05-09T03:41:46Z</time>
</trkpt><trkpt lat="23.604560698582542" lon="120.72497904352808">
    <ele>1737.4870698022528</ele>
    <time>2026-05-09T03:41:51Z</time>
</trkpt><trkpt lat="23.604525323384166" lon="120.72496460214309">
    <ele>1739.4928763782627</ele>
    <time>2026-05-09T03:41:57Z</time>
</trkpt><trkpt lat="23.604491607795968" lon="120.72495117549018">
    <ele>1740.5400582239618</ele>
    <time>2026-05-09T03:42:03Z</time>
</trkpt><trkpt lat="23.60446374625936" lon="120.72493987173998">
    <ele>1740.8448952216418</ele>
    <time>2026-05-09T03:42:09Z</time>
</trkpt><trkpt lat="23.604435039035334" lon="120.72492785593249">
    <ele>1741.421538914274</ele>
    <time>2026-05-09T03:42:15Z</time>
</trkpt><trkpt lat="23.604406950635042" lon="120.72491620971543">
    <ele>1742.6260645976454</ele>
    <time>2026-05-09T03:42:21Z</time>
</trkpt><trkpt lat="23.60437903329468" lon="120.72490471904308">
    <ele>1744.6577179568603</ele>
    <time>2026-05-09T03:42:27Z</time>
</trkpt><trkpt lat="23.604363013580905" lon="120.72489814289084">
    <ele>1745.0616177748552</ele>
    <time>2026-05-09T03:42:33Z</time>
</trkpt><trkpt lat="23.604342890127658" lon="120.72488671313661">
    <ele>1745.4690009804679</ele>
    <time>2026-05-09T03:42:39Z</time>
</trkpt><trkpt lat="23.60432178496508" lon="120.72488012224666">
    <ele>1746.4370312994358</ele>
    <time>2026-05-09T03:42:45Z</time>
</trkpt><trkpt lat="23.60429715564263" lon="120.72487106729103">
    <ele>1746.9089191162363</ele>
    <time>2026-05-09T03:42:51Z</time>
</trkpt><trkpt lat="23.604276274546944" lon="120.72486266563386">
    <ele>1746.8217522055704</ele>
    <time>2026-05-09T03:42:57Z</time>
</trkpt><trkpt lat="23.60424842663677" lon="120.72484495115495">
    <ele>1746.628653094244</ele>
    <time>2026-05-09T03:43:03Z</time>
</trkpt><trkpt lat="23.604213829041814" lon="120.72483417826629">
    <ele>1747.4297224962636</ele>
    <time>2026-05-09T03:43:09Z</time>
</trkpt><trkpt lat="23.60419654700586" lon="120.72482883411328">
    <ele>1749.9703242131202</ele>
    <time>2026-05-09T03:43:15Z</time>
</trkpt><trkpt lat="23.604174554517684" lon="120.72481949800375">
    <ele>1751.4083803758429</ele>
    <time>2026-05-09T03:43:20Z</time>
</trkpt><trkpt lat="23.6041509684528" lon="120.72481011605578">
    <ele>1752.5029334306457</ele>
    <time>2026-05-09T03:43:26Z</time>
</trkpt><trkpt lat="23.60412138074268" lon="120.72479819286089">
    <ele>1752.5005224304184</ele>
    <time>2026-05-09T03:43:32Z</time>
</trkpt><trkpt lat="23.60408354421564" lon="120.724784321049">
    <ele>1754.4637390514486</ele>
    <time>2026-05-09T03:43:38Z</time>
</trkpt><trkpt lat="23.604046871281792" lon="120.72477200552827">
    <ele>1754.4188940263564</ele>
    <time>2026-05-09T03:43:44Z</time>
</trkpt><trkpt lat="23.604013686450408" lon="120.72476234676023">
    <ele>1757.729743817057</ele>
    <time>2026-05-09T03:43:50Z</time>
</trkpt><trkpt lat="23.60398065040043" lon="120.72475370335577">
    <ele>1758.0630445388254</ele>
    <time>2026-05-09T03:43:56Z</time>
</trkpt><trkpt lat="23.603950260486943" lon="120.72474699073054">
    <ele>1759.054171424911</ele>
    <time>2026-05-09T03:44:02Z</time>
</trkpt><trkpt lat="23.603920681829486" lon="120.72473541672728">
    <ele>1759.601573545184</ele>
    <time>2026-05-09T03:44:08Z</time>
</trkpt><trkpt lat="23.60388913880244" lon="120.72473038514434">
    <ele>1760.7806102715958</ele>
    <time>2026-05-09T03:44:14Z</time>
</trkpt><trkpt lat="23.603869380571126" lon="120.72473047750564">
    <ele>1760.2779323870225</ele>
    <time>2026-05-09T03:44:20Z</time>
</trkpt><trkpt lat="23.60385405462869" lon="120.72473164301407">
    <ele>1760.06881649142</ele>
    <time>2026-05-09T03:44:26Z</time>
</trkpt><trkpt lat="23.603840154886615" lon="120.72473245009749">
    <ele>1759.4572185855923</ele>
    <time>2026-05-09T03:44:31Z</time>
</trkpt><trkpt lat="23.603827768490856" lon="120.72468378829265">
    <ele>1760.0787361892137</ele>
    <time>2026-05-09T03:44:37Z</time>
</trkpt><trkpt lat="23.603831967841188" lon="120.72462733599777">
    <ele>1761.293246209646</ele>
    <time>2026-05-09T03:44:43Z</time>
</trkpt><trkpt lat="23.60381873673025" lon="120.72459416742235">
    <ele>1760.7981604812746</ele>
    <time>2026-05-09T03:44:49Z</time>
</trkpt><trkpt lat="23.603802078460916" lon="120.7245730103627">
    <ele>1760.2075377999363</ele>
    <time>2026-05-09T03:44:55Z</time>
</trkpt><trkpt lat="23.603789305352862" lon="120.7245649371183">
    <ele>1761.4788552620482</ele>
    <time>2026-05-09T03:45:01Z</time>
</trkpt><trkpt lat="23.603788459620986" lon="120.72455490021828">
    <ele>1763.2481594974518</ele>
    <time>2026-05-09T03:45:07Z</time>
</trkpt><trkpt lat="23.60378818073677" lon="120.7245487246463">
    <ele>1764.5834592615454</ele>
    <time>2026-05-09T03:45:13Z</time>
</trkpt><trkpt lat="23.603787201987796" lon="120.72454620934676">
    <ele>1764.9984189986062</ele>
    <time>2026-05-09T03:45:19Z</time>
</trkpt><trkpt lat="23.603787633277904" lon="120.72454366587698">
    <ele>1765.4050781694932</ele>
    <time>2026-05-09T03:45:25Z</time>
</trkpt><trkpt lat="23.603788112249426" lon="120.72454562789382">
    <ele>1765.1118514679622</ele>
    <time>2026-05-09T03:45:31Z</time>
</trkpt><trkpt lat="23.603783061797497" lon="120.72454402783232">
    <ele>1764.646536639861</ele>
    <time>2026-05-09T03:45:37Z</time>
</trkpt><trkpt lat="23.603779859387135" lon="120.72454220483479">
    <ele>1765.3498329709423</ele>
    <time>2026-05-09T03:45:43Z</time>
</trkpt><trkpt lat="23.603778065196128" lon="120.72454322296714">
    <ele>1765.3822384491148</ele>
    <time>2026-05-09T03:45:49Z</time>
</trkpt><trkpt lat="23.603778490636653" lon="120.72453937734691">
    <ele>1765.2113419358943</ele>
    <time>2026-05-09T03:45:55Z</time>
</trkpt><trkpt lat="23.603778339800435" lon="120.72453977846904">
    <ele>1765.54910494984</ele>
    <time>2026-05-09T03:46:02Z</time>
</trkpt><trkpt lat="23.60378103691874" lon="120.72453505262826">
    <ele>1765.0664178365516</ele>
    <time>2026-05-09T03:46:07Z</time>
</trkpt><trkpt lat="23.603781259155546" lon="120.72452304940353">
    <ele>1764.0137573143397</ele>
    <time>2026-05-09T03:46:12Z</time>
</trkpt><trkpt lat="23.60379001588843" lon="120.72453223557356">
    <ele>1765.4706023226006</ele>
    <time>2026-05-09T03:46:18Z</time>
</trkpt><trkpt lat="23.603788570366596" lon="120.72454743288705">
    <ele>1765.9561869684119</ele>
    <time>2026-05-09T03:46:24Z</time>
</trkpt><trkpt lat="23.603786524624862" lon="120.72456560319992">
    <ele>1766.069431894648</ele>
    <time>2026-05-09T03:46:30Z</time>
</trkpt><trkpt lat="23.603779853587486" lon="120.72457315844137">
    <ele>1767.4590323192126</ele>
    <time>2026-05-09T03:46:36Z</time>
</trkpt><trkpt lat="23.603780614666483" lon="120.72457005939653">
    <ele>1768.2632199768773</ele>
    <time>2026-05-09T03:46:41Z</time>
</trkpt><trkpt lat="23.603782749649007" lon="120.72455918630092">
    <ele>1768.063747315354</ele>
    <time>2026-05-09T03:46:47Z</time>
</trkpt><trkpt lat="23.60378270938684" lon="120.72455343549754">
    <ele>1767.3015325295698</ele>
    <time>2026-05-09T03:46:53Z</time>
</trkpt><trkpt lat="23.603784317334988" lon="120.72455223451215">
    <ele>1766.750068420025</ele>
    <time>2026-05-09T03:46:59Z</time>
</trkpt><trkpt lat="23.603780787068988" lon="120.72455339145714">
    <ele>1767.980360570849</ele>
    <time>2026-05-09T03:47:05Z</time>
</trkpt><trkpt lat="23.603776876711283" lon="120.72455616122514">
    <ele>1769.0603293556971</ele>
    <time>2026-05-09T03:47:11Z</time>
</trkpt><trkpt lat="23.603782645106275" lon="120.72455407719485">
    <ele>1769.0382768265692</ele>
    <time>2026-05-09T03:47:17Z</time>
</trkpt><trkpt lat="23.603781199524487" lon="120.72456199105407">
    <ele>1768.4386690064819</ele>
    <time>2026-05-09T03:47:23Z</time>
</trkpt><trkpt lat="23.603775824003772" lon="120.72455553610043">
    <ele>1767.298581891306</ele>
    <time>2026-05-09T03:47:29Z</time>
</trkpt><trkpt lat="23.60376747064286" lon="120.72454615506749">
    <ele>1765.7904343222078</ele>
    <time>2026-05-09T03:47:35Z</time>
</trkpt><trkpt lat="23.60376587065328" lon="120.72454331946246">
    <ele>1766.1848706192268</ele>
    <time>2026-05-09T03:47:41Z</time>
</trkpt><trkpt lat="23.603775028009686" lon="120.72455175629132">
    <ele>1766.0609319144987</ele>
    <time>2026-05-09T03:47:47Z</time>
</trkpt><trkpt lat="23.603778647934753" lon="120.72455714522204">
    <ele>1764.8693838941983</ele>
    <time>2026-05-09T03:47:53Z</time>
</trkpt><trkpt lat="23.603773577226484" lon="120.72454950471327">
    <ele>1764.2430510773554</ele>
    <time>2026-05-09T03:47:59Z</time>
</trkpt><trkpt lat="23.603771603498515" lon="120.7245448560954">
    <ele>1764.8999414698528</ele>
    <time>2026-05-09T03:48:05Z</time>
</trkpt><trkpt lat="23.603772509066125" lon="120.724541708139">
    <ele>1764.839931914337</ele>
    <time>2026-05-09T03:48:11Z</time>
</trkpt><trkpt lat="23.60377411405836" lon="120.72453603463465">
    <ele>1764.392896374569</ele>
    <time>2026-05-09T03:48:17Z</time>
</trkpt><trkpt lat="23.603777011556634" lon="120.72454357241547">
    <ele>1764.1015015384633</ele>
    <time>2026-05-09T03:48:23Z</time>
</trkpt><trkpt lat="23.603777142589554" lon="120.72454100067303">
    <ele>1764.2660300484165</ele>
    <time>2026-05-09T03:48:29Z</time>
</trkpt><trkpt lat="23.603772539229062" lon="120.72453327384108">
    <ele>1765.2035995223546</ele>
    <time>2026-05-09T03:48:35Z</time>
</trkpt><trkpt lat="23.603774531789405" lon="120.72450508214621">
    <ele>1763.6369552256847</ele>
    <time>2026-05-09T03:48:41Z</time>
</trkpt><trkpt lat="23.60377147052282" lon="120.72450125504014">
    <ele>1763.6000739639603</ele>
    <time>2026-05-09T03:48:47Z</time>
</trkpt><trkpt lat="23.60377028039405" lon="120.72450330633146">
    <ele>1763.7492250773364</ele>
    <time>2026-05-09T03:48:52Z</time>
</trkpt><trkpt lat="23.603768457159827" lon="120.72450979240355">
    <ele>1764.9959657921065</ele>
    <time>2026-05-09T03:48:58Z</time>
</trkpt><trkpt lat="23.60376968583762" lon="120.72451204649994">
    <ele>1765.9288709264672</ele>
    <time>2026-05-09T03:49:04Z</time>
</trkpt><trkpt lat="23.60377067990629" lon="120.7245202796621">
    <ele>1767.288976527623</ele>
    <time>2026-05-09T03:49:10Z</time>
</trkpt><trkpt lat="23.603763191585763" lon="120.72454007793235">
    <ele>1766.279849484344</ele>
    <time>2026-05-09T03:49:16Z</time>
</trkpt><trkpt lat="23.603760081527565" lon="120.72453689516728">
    <ele>1765.8926521006254</ele>
    <time>2026-05-09T03:49:22Z</time>
</trkpt><trkpt lat="23.6037598500509" lon="120.72452998991626">
    <ele>1765.840271543104</ele>
    <time>2026-05-09T03:49:28Z</time>
</trkpt><trkpt lat="23.60375642342927" lon="120.72452339840882">
    <ele>1767.2380653995435</ele>
    <time>2026-05-09T03:49:34Z</time>
</trkpt><trkpt lat="23.603751031277213" lon="120.72453000278287">
    <ele>1767.807567980148</ele>
    <time>2026-05-09T03:49:40Z</time>
</trkpt><trkpt lat="23.603749108709493" lon="120.72453410997511">
    <ele>1767.0929922143016</ele>
    <time>2026-05-09T03:49:46Z</time>
</trkpt><trkpt lat="23.603748335813602" lon="120.72452760551762">
    <ele>1767.3021240960263</ele>
    <time>2026-05-09T03:49:52Z</time>
</trkpt><trkpt lat="23.603749227094664" lon="120.72452207609602">
    <ele>1767.042845316441</ele>
    <time>2026-05-09T03:49:58Z</time>
</trkpt><trkpt lat="23.603750917133432" lon="120.724521275977">
    <ele>1766.958797816936</ele>
    <time>2026-05-09T03:50:04Z</time>
</trkpt><trkpt lat="23.603750161884264" lon="120.72451538584039">
    <ele>1767.520592499047</ele>
    <time>2026-05-09T03:50:10Z</time>
</trkpt><trkpt lat="23.603751003215287" lon="120.72451379207266">
    <ele>1767.3740412389095</ele>
    <time>2026-05-09T03:50:16Z</time>
</trkpt><trkpt lat="23.603747873141433" lon="120.72451084383445">
    <ele>1768.1678619562645</ele>
    <time>2026-05-09T03:50:21Z</time>
</trkpt><trkpt lat="23.603744958149765" lon="120.72450833317487">
    <ele>1768.853321600094</ele>
    <time>2026-05-09T03:50:27Z</time>
</trkpt><trkpt lat="23.603743945302526" lon="120.72450345637978">
    <ele>1769.843679067717</ele>
    <time>2026-05-09T03:50:33Z</time>
</trkpt><trkpt lat="23.603745431476046" lon="120.72450156132412">
    <ele>1770.0298789090698</ele>
    <time>2026-05-09T03:50:39Z</time>
</trkpt><trkpt lat="23.603743784273824" lon="120.72450254583237">
    <ele>1769.685382646602</ele>
    <time>2026-05-09T03:50:45Z</time>
</trkpt><trkpt lat="23.603742253796057" lon="120.72450631191455">
    <ele>1769.3066301103865</ele>
    <time>2026-05-09T03:50:51Z</time>
</trkpt><trkpt lat="23.60375220408196" lon="120.72451761994627">
    <ele>1768.0680706899973</ele>
    <time>2026-05-09T03:50:56Z</time>
</trkpt><trkpt lat="23.60374737000202" lon="120.72451302290727">
    <ele>1768.704312316693</ele>
    <time>2026-05-09T03:51:02Z</time>
</trkpt><trkpt lat="23.603742050767572" lon="120.72450490061465">
    <ele>1769.955117855944</ele>
    <time>2026-05-09T03:51:08Z</time>
</trkpt><trkpt lat="23.60373974879861" lon="120.72450064099047">
    <ele>1769.835218031951</ele>
    <time>2026-05-09T03:51:14Z</time>
</trkpt><trkpt lat="23.603739975819952" lon="120.724500503232">
    <ele>1769.646874410143</ele>
    <time>2026-05-09T03:51:20Z</time>
</trkpt><trkpt lat="23.603743419063942" lon="120.72450219100926">
    <ele>1769.8505010728072</ele>
    <time>2026-05-09T03:51:26Z</time>
</trkpt><trkpt lat="23.60374328753906" lon="120.72450392534623">
    <ele>1769.6576528617798</ele>
    <time>2026-05-09T03:51:32Z</time>
</trkpt><trkpt lat="23.603743543836963" lon="120.7245069922612">
    <ele>1768.9728608094601</ele>
    <time>2026-05-09T03:51:38Z</time>
</trkpt><trkpt lat="23.603743009001402" lon="120.72451133604838">
    <ele>1768.1124931726079</ele>
    <time>2026-05-09T03:51:44Z</time>
</trkpt><trkpt lat="23.603742074354443" lon="120.72451511365175">
    <ele>1768.1258698400497</ele>
    <time>2026-05-09T03:51:50Z</time>
</trkpt><trkpt lat="23.603743545680576" lon="120.72451531878532">
    <ele>1768.2125537371269</ele>
    <time>2026-05-09T03:51:56Z</time>
</trkpt><trkpt lat="23.603739319578366" lon="120.72450128535138">
    <ele>1768.0649192750434</ele>
    <time>2026-05-09T03:52:02Z</time>
</trkpt><trkpt lat="23.60374339916631" lon="120.72451312051294">
    <ele>1767.582983415529</ele>
    <time>2026-05-09T03:52:08Z</time>
</trkpt><trkpt lat="23.60375329212453" lon="120.72453558657249">
    <ele>1766.9202770265927</ele>
    <time>2026-05-09T03:52:14Z</time>
</trkpt><trkpt lat="23.603761316246015" lon="120.72455657777434">
    <ele>1766.6996417629625</ele>
    <time>2026-05-09T03:52:20Z</time>
</trkpt><trkpt lat="23.6037550948471" lon="120.72455733689208">
    <ele>1766.2978672679144</ele>
    <time>2026-05-09T03:52:25Z</time>
</trkpt><trkpt lat="23.603747910219457" lon="120.72454652262753">
    <ele>1766.8125123239226</ele>
    <time>2026-05-09T03:52:30Z</time>
</trkpt><trkpt lat="23.603749792309575" lon="120.72454381471971">
    <ele>1767.3443763670757</ele>
    <time>2026-05-09T03:52:36Z</time>
</trkpt><trkpt lat="23.60374973046142" lon="120.72453867085636">
    <ele>1767.5366720548288</ele>
    <time>2026-05-09T03:52:42Z</time>
</trkpt><trkpt lat="23.603749273568248" lon="120.72453659922105">
    <ele>1767.806694573052</ele>
    <time>2026-05-09T03:52:48Z</time>
</trkpt><trkpt lat="23.603748995560263" lon="120.72453555712184">
    <ele>1767.9769388053462</ele>
    <time>2026-05-09T03:52:54Z</time>
</trkpt><trkpt lat="23.603748414946967" lon="120.72453159100192">
    <ele>1768.5500925946678</ele>
    <time>2026-05-09T03:53:00Z</time>
</trkpt><trkpt lat="23.60374808969858" lon="120.72453812190923">
    <ele>1768.4059319624243</ele>
    <time>2026-05-09T03:53:05Z</time>
</trkpt><trkpt lat="23.6037466099207" lon="120.72452985881759">
    <ele>1768.124655443685</ele>
    <time>2026-05-09T03:53:11Z</time>
</trkpt><trkpt lat="23.603751016641347" lon="120.72452152919021">
    <ele>1767.5133085227442</ele>
    <time>2026-05-09T03:53:17Z</time>
</trkpt><trkpt lat="23.60375431242359" lon="120.7245301198025">
    <ele>1767.011259352527</ele>
    <time>2026-05-09T03:53:23Z</time>
</trkpt><trkpt lat="23.603756708442884" lon="120.72453405693066">
    <ele>1766.4401042998143</ele>
    <time>2026-05-09T03:53:29Z</time>
</trkpt><trkpt lat="23.603760137399934" lon="120.72454180662037">
    <ele>1764.3678167861895</ele>
    <time>2026-05-09T03:53:35Z</time>
</trkpt><trkpt lat="23.603761302075355" lon="120.72454199091999">
    <ele>1763.7452362176393</ele>
    <time>2026-05-09T03:53:41Z</time>
</trkpt><trkpt lat="23.603757138001864" lon="120.7245398597201">
    <ele>1764.113397249285</ele>
    <time>2026-05-09T03:53:47Z</time>
</trkpt><trkpt lat="23.60375559029814" lon="120.72452878382245">
    <ele>1763.9345370602564</ele>
    <time>2026-05-09T03:53:53Z</time>
</trkpt><trkpt lat="23.60374494563913" lon="120.72452742355377">
    <ele>1763.7977424586543</ele>
    <time>2026-05-09T03:53:59Z</time>
</trkpt><trkpt lat="23.603729428292585" lon="120.72453368437614">
    <ele>1765.3188918317387</ele>
    <time>2026-05-09T03:54:05Z</time>
</trkpt><trkpt lat="23.60373653014576" lon="120.72454415614737">
    <ele>1765.768922672435</ele>
    <time>2026-05-09T03:54:11Z</time>
</trkpt><trkpt lat="23.60374134360281" lon="120.7245446521476">
    <ele>1765.1698256382022</ele>
    <time>2026-05-09T03:54:17Z</time>
</trkpt><trkpt lat="23.603744824074518" lon="120.72453906394658">
    <ele>1764.384119985468</ele>
    <time>2026-05-09T03:54:23Z</time>
</trkpt><trkpt lat="23.6037520472404" lon="120.72455014122629">
    <ele>1763.8851502873906</ele>
    <time>2026-05-09T03:54:28Z</time>
</trkpt><trkpt lat="23.60375765485674" lon="120.72455791234198">
    <ele>1763.4460241524757</ele>
    <time>2026-05-09T03:54:34Z</time>
</trkpt><trkpt lat="23.60376586360619" lon="120.72456320047786">
    <ele>1762.8328512201642</ele>
    <time>2026-05-09T03:54:39Z</time>
</trkpt><trkpt lat="23.60377022815454" lon="120.7245586724626">
    <ele>1762.3047866128816</ele>
    <time>2026-05-09T03:54:44Z</time>
</trkpt><trkpt lat="23.60377249194177" lon="120.72455151403327">
    <ele>1761.982413702784</ele>
    <time>2026-05-09T03:54:49Z</time>
</trkpt><trkpt lat="23.60377381140492" lon="120.7245474056789">
    <ele>1761.4250226528543</ele>
    <time>2026-05-09T03:54:55Z</time>
</trkpt><trkpt lat="23.60376802365251" lon="120.72454230003127">
    <ele>1762.1310663918807</ele>
    <time>2026-05-09T03:55:01Z</time>
</trkpt><trkpt lat="23.603766656472384" lon="120.72454122611069">
    <ele>1762.4452301380697</ele>
    <time>2026-05-09T03:55:07Z</time>
</trkpt><trkpt lat="23.603770669058612" lon="120.72454017282995">
    <ele>1761.9615538386379</ele>
    <time>2026-05-09T03:55:13Z</time>
</trkpt><trkpt lat="23.6037730112761" lon="120.72453817241336">
    <ele>1761.5363787383656</ele>
    <time>2026-05-09T03:55:19Z</time>
</trkpt><trkpt lat="23.6037714967038" lon="120.72453635072624">
    <ele>1761.4192022019377</ele>
    <time>2026-05-09T03:55:25Z</time>
</trkpt><trkpt lat="23.603765321610684" lon="120.72453786791111">
    <ele>1761.987363387799</ele>
    <time>2026-05-09T03:55:31Z</time>
</trkpt><trkpt lat="23.6037619034435" lon="120.72454278953279">
    <ele>1761.9444102579696</ele>
    <time>2026-05-09T03:55:37Z</time>
</trkpt><trkpt lat="23.60376494780449" lon="120.7245638960002">
    <ele>1762.2652294845946</ele>
    <time>2026-05-09T03:55:43Z</time>
</trkpt><trkpt lat="23.60375845375121" lon="120.72459009965522">
    <ele>1762.1181719720928</ele>
    <time>2026-05-09T03:55:49Z</time>
</trkpt><trkpt lat="23.60374297186591" lon="120.72463247740562">
    <ele>1762.2640749942407</ele>
    <time>2026-05-09T03:55:55Z</time>
</trkpt><trkpt lat="23.603748898243012" lon="120.72466880183936">
    <ele>1761.1582942533105</ele>
    <time>2026-05-09T03:56:01Z</time>
</trkpt><trkpt lat="23.603750990243473" lon="120.72471997150576">
    <ele>1760.1322675503789</ele>
    <time>2026-05-09T03:56:07Z</time>
</trkpt><trkpt lat="23.60376166332249" lon="120.724780613077">
    <ele>1761.2559610948854</ele>
    <time>2026-05-09T03:56:13Z</time>
</trkpt><trkpt lat="23.60376759372188" lon="120.72481567796284">
    <ele>1759.0848478807802</ele>
    <time>2026-05-09T03:56:19Z</time>
</trkpt><trkpt lat="23.60371215947904" lon="120.7248322539447">
    <ele>1761.531409586389</ele>
    <time>2026-05-09T03:56:25Z</time>
</trkpt><trkpt lat="23.60365457143818" lon="120.72485412000984">
    <ele>1761.7558075039651</ele>
    <time>2026-05-09T03:56:31Z</time>
</trkpt><trkpt lat="23.603627877781374" lon="120.72488375461023">
    <ele>1760.6528556143032</ele>
    <time>2026-05-09T03:56:36Z</time>
</trkpt><trkpt lat="23.603639015606127" lon="120.72494559773287">
    <ele>1760.250093639832</ele>
    <time>2026-05-09T03:56:41Z</time>
</trkpt><trkpt lat="23.60365073043401" lon="120.72500685630845">
    <ele>1761.065793326325</ele>
    <time>2026-05-09T03:56:46Z</time>
</trkpt><trkpt lat="23.603631808508396" lon="120.72502866885931">
    <ele>1760.3326376134607</ele>
    <time>2026-05-09T03:56:51Z</time>
</trkpt><trkpt lat="23.603584303398584" lon="120.72502569604592">
    <ele>1759.999365965163</ele>
    <time>2026-05-09T03:56:57Z</time>
</trkpt><trkpt lat="23.603529264318354" lon="120.72500605017802">
    <ele>1758.5777218547473</ele>
    <time>2026-05-09T03:57:03Z</time>
</trkpt><trkpt lat="23.603491353679814" lon="120.72501024137026">
    <ele>1757.6203517943695</ele>
    <time>2026-05-09T03:57:09Z</time>
</trkpt><trkpt lat="23.603458965123394" lon="120.72502946110049">
    <ele>1752.4224200589772</ele>
    <time>2026-05-09T03:57:15Z</time>
</trkpt><trkpt lat="23.603436387690877" lon="120.72504874785585">
    <ele>1748.015029145404</ele>
    <time>2026-05-09T03:57:21Z</time>
</trkpt><trkpt lat="23.603444404631066" lon="120.72504319793688">
    <ele>1742.2435568260416</ele>
    <time>2026-05-09T03:57:27Z</time>
</trkpt><trkpt lat="23.603461564720963" lon="120.72502889419852">
    <ele>1741.2449151897163</ele>
    <time>2026-05-09T03:57:33Z</time>
</trkpt><trkpt lat="23.60347135050025" lon="120.72502041132913">
    <ele>1743.1695609364253</ele>
    <time>2026-05-09T03:57:39Z</time>
</trkpt><trkpt lat="23.60350174552364" lon="120.72499353529109">
    <ele>1746.1813832016655</ele>
    <time>2026-05-09T03:57:45Z</time>
</trkpt><trkpt lat="23.603540285305176" lon="120.72496063913636">
    <ele>1746.4532635308256</ele>
    <time>2026-05-09T03:57:51Z</time>
</trkpt><trkpt lat="23.603572116532604" lon="120.72492396284466">
    <ele>1748.8425183405598</ele>
    <time>2026-05-09T03:57:57Z</time>
</trkpt><trkpt lat="23.603582326875483" lon="120.72491122103688">
    <ele>1748.5207890989695</ele>
    <time>2026-05-09T03:58:03Z</time>
</trkpt><trkpt lat="23.603561010887436" lon="120.72488487457542">
    <ele>1746.9826220200782</ele>
    <time>2026-05-09T03:58:09Z</time>
</trkpt><trkpt lat="23.60350433829155" lon="120.724821216749">
    <ele>1742.6827090939344</ele>
    <time>2026-05-09T03:58:15Z</time>
</trkpt><trkpt lat="23.6034966227916" lon="120.72479454560776">
    <ele>1740.9561063934532</ele>
    <time>2026-05-09T03:58:21Z</time>
</trkpt><trkpt lat="23.603481690053126" lon="120.7247687245712">
    <ele>1739.1544145559976</ele>
    <time>2026-05-09T03:58:27Z</time>
</trkpt><trkpt lat="23.60342319705944" lon="120.7247476364655">
    <ele>1739.0034615695663</ele>
    <time>2026-05-09T03:58:33Z</time>
</trkpt><trkpt lat="23.603376669049627" lon="120.72474200910682">
    <ele>1737.7906691873238</ele>
    <time>2026-05-09T03:58:39Z</time>
</trkpt><trkpt lat="23.603349191401474" lon="120.72471627448782">
    <ele>1735.7483499473426</ele>
    <time>2026-05-09T03:58:44Z</time>
</trkpt><trkpt lat="23.60332914353434" lon="120.72466284179663">
    <ele>1733.9526654239246</ele>
    <time>2026-05-09T03:58:49Z</time>
</trkpt><trkpt lat="23.603336761686055" lon="120.72460446971189">
    <ele>1733.036140139327</ele>
    <time>2026-05-09T03:58:54Z</time>
</trkpt><trkpt lat="23.60337369283941" lon="120.72454351235713">
    <ele>1732.0676408774932</ele>
    <time>2026-05-09T03:59:00Z</time>
</trkpt><trkpt lat="23.603374359300435" lon="120.72449683022995">
    <ele>1730.327522827919</ele>
    <time>2026-05-09T03:59:06Z</time>
</trkpt><trkpt lat="23.603356014682177" lon="120.72444273576541">
    <ele>1731.672083899344</ele>
    <time>2026-05-09T03:59:12Z</time>
</trkpt><trkpt lat="23.603337632474027" lon="120.724395476736">
    <ele>1731.838164473272</ele>
    <time>2026-05-09T03:59:18Z</time>
</trkpt><trkpt lat="23.603277540433798" lon="120.72438398815072">
    <ele>1732.7216010216418</ele>
    <time>2026-05-09T03:59:24Z</time>
</trkpt><trkpt lat="23.603227879773137" lon="120.72436492103573">
    <ele>1730.9312966934085</ele>
    <time>2026-05-09T03:59:30Z</time>
</trkpt><trkpt lat="23.60320190537709" lon="120.72433049356451">
    <ele>1730.7510441395682</ele>
    <time>2026-05-09T03:59:36Z</time>
</trkpt><trkpt lat="23.60317876974523" lon="120.72428587653107">
    <ele>1729.8316876413426</ele>
    <time>2026-05-09T03:59:42Z</time>
</trkpt><trkpt lat="23.603148977878757" lon="120.72423458517844">
    <ele>1728.4749013562912</ele>
    <time>2026-05-09T03:59:48Z</time>
</trkpt><trkpt lat="23.603123813396962" lon="120.72419644982985">
    <ele>1726.4713086452905</ele>
    <time>2026-05-09T03:59:53Z</time>
</trkpt><trkpt lat="23.603108951432016" lon="120.72417567233927">
    <ele>1724.5606517916322</ele>
    <time>2026-05-09T03:59:59Z</time>
</trkpt><trkpt lat="23.603077981017265" lon="120.72412301975012">
    <ele>1722.6174413550614</ele>
    <time>2026-05-09T04:00:05Z</time>
</trkpt><trkpt lat="23.60305511389152" lon="120.72407488535889">
    <ele>1720.9448961935614</ele>
    <time>2026-05-09T04:00:11Z</time>
</trkpt><trkpt lat="23.60304292753335" lon="120.72403781267165">
    <ele>1718.424309485389</ele>
    <time>2026-05-09T04:00:17Z</time>
</trkpt><trkpt lat="23.60303575067487" lon="120.72400953887787">
    <ele>1717.4574036415681</ele>
    <time>2026-05-09T04:00:23Z</time>
</trkpt><trkpt lat="23.60303631353875" lon="120.7239948248671">
    <ele>1715.8041877764686</ele>
    <time>2026-05-09T04:00:29Z</time>
</trkpt><trkpt lat="23.603041896170804" lon="120.72397347513484">
    <ele>1715.2071148283017</ele>
    <time>2026-05-09T04:00:35Z</time>
</trkpt><trkpt lat="23.60304971926357" lon="120.72395348781431">
    <ele>1712.9176456486496</ele>
    <time>2026-05-09T04:00:41Z</time>
</trkpt><trkpt lat="23.603055609413385" lon="120.72394526794905">
    <ele>1711.2803584290502</ele>
    <time>2026-05-09T04:00:47Z</time>
</trkpt><trkpt lat="23.603069342206922" lon="120.7239346195682">
    <ele>1709.6161289684114</ele>
    <time>2026-05-09T04:00:53Z</time>
</trkpt><trkpt lat="23.60308100076416" lon="120.72392129358879">
    <ele>1709.1249853040742</ele>
    <time>2026-05-09T04:00:59Z</time>
</trkpt><trkpt lat="23.603100732116193" lon="120.7238972632092">
    <ele>1711.282989318281</ele>
    <time>2026-05-09T04:01:05Z</time>
</trkpt><trkpt lat="23.60313571004591" lon="120.72388255075194">
    <ele>1711.1227642824508</ele>
    <time>2026-05-09T04:01:11Z</time>
</trkpt><trkpt lat="23.6032159925288" lon="120.72390727008326">
    <ele>1709.4795176974508</ele>
    <time>2026-05-09T04:01:17Z</time>
</trkpt><trkpt lat="23.603273922089567" lon="120.72392497053946">
    <ele>1706.4269889167097</ele>
    <time>2026-05-09T04:01:23Z</time>
</trkpt><trkpt lat="23.603293578226506" lon="120.72390443584112">
    <ele>1704.1608677374522</ele>
    <time>2026-05-09T04:01:29Z</time>
</trkpt><trkpt lat="23.603259163133032" lon="120.72388872560086">
    <ele>1705.123487041119</ele>
    <time>2026-05-09T04:01:35Z</time>
</trkpt><trkpt lat="23.60321800063248" lon="120.72385803638885">
    <ele>1707.0065214002275</ele>
    <time>2026-05-09T04:01:41Z</time>
</trkpt><trkpt lat="23.603178254716767" lon="120.72382851824116">
    <ele>1707.108689936223</ele>
    <time>2026-05-09T04:01:47Z</time>
</trkpt><trkpt lat="23.603164532584778" lon="120.72381447144755">
    <ele>1706.283068347533</ele>
    <time>2026-05-09T04:01:53Z</time>
</trkpt><trkpt lat="23.60317366074911" lon="120.72380682961612">
    <ele>1705.4563492770287</ele>
    <time>2026-05-09T04:01:59Z</time>
</trkpt><trkpt lat="23.603190807326282" lon="120.72379705520854">
    <ele>1701.836283723965</ele>
    <time>2026-05-09T04:02:05Z</time>
</trkpt><trkpt lat="23.603207465706802" lon="120.7237856719624">
    <ele>1703.019644949351</ele>
    <time>2026-05-09T04:02:11Z</time>
</trkpt><trkpt lat="23.603227644024457" lon="120.72377692834084">
    <ele>1703.1143698264798</ele>
    <time>2026-05-09T04:02:16Z</time>
</trkpt><trkpt lat="23.60325108983642" lon="120.72376433719616">
    <ele>1703.4456075235923</ele>
    <time>2026-05-09T04:02:22Z</time>
</trkpt><trkpt lat="23.603277269501564" lon="120.72374609857542">
    <ele>1702.1824991634016</ele>
    <time>2026-05-09T04:02:28Z</time>
</trkpt><trkpt lat="23.60330476519112" lon="120.72372651628417">
    <ele>1701.1729696504833</ele>
    <time>2026-05-09T04:02:34Z</time>
</trkpt><trkpt lat="23.6033249496361" lon="120.72370386985403">
    <ele>1700.1910777506632</ele>
    <time>2026-05-09T04:02:40Z</time>
</trkpt><trkpt lat="23.60335928831877" lon="120.72368636586617">
    <ele>1697.784754151756</ele>
    <time>2026-05-09T04:02:46Z</time>
</trkpt><trkpt lat="23.603376588806128" lon="120.72367361950879">
    <ele>1696.7249117971435</ele>
    <time>2026-05-09T04:02:52Z</time>
</trkpt><trkpt lat="23.60339944214283" lon="120.72365828708709">
    <ele>1696.4223917614183</ele>
    <time>2026-05-09T04:02:58Z</time>
</trkpt><trkpt lat="23.603425951079537" lon="120.72364350151027">
    <ele>1694.0789919927192</ele>
    <time>2026-05-09T04:03:04Z</time>
</trkpt><trkpt lat="23.603450029168222" lon="120.72363114892221">
    <ele>1690.859234681455</ele>
    <time>2026-05-09T04:03:10Z</time>
</trkpt><trkpt lat="23.60347562343884" lon="120.72361840755339">
    <ele>1687.0703162535274</ele>
    <time>2026-05-09T04:03:16Z</time>
</trkpt><trkpt lat="23.603491630639475" lon="120.72361044871954">
    <ele>1680.8539242311108</ele>
    <time>2026-05-09T04:03:22Z</time>
</trkpt><trkpt lat="23.60351280546236" lon="120.72359979610391">
    <ele>1676.9864284102648</ele>
    <time>2026-05-09T04:03:28Z</time>
</trkpt><trkpt lat="23.603536180826843" lon="120.72358930931993">
    <ele>1676.1613860824527</ele>
    <time>2026-05-09T04:03:34Z</time>
</trkpt><trkpt lat="23.603560807852233" lon="120.72357898931033">
    <ele>1675.3655880598012</ele>
    <time>2026-05-09T04:03:40Z</time>
</trkpt><trkpt lat="23.60358965997104" lon="120.72356720744858">
    <ele>1675.7144942063378</ele>
    <time>2026-05-09T04:03:46Z</time>
</trkpt><trkpt lat="23.603610394818123" lon="120.72355961940008">
    <ele>1676.6802553087011</ele>
    <time>2026-05-09T04:03:52Z</time>
</trkpt><trkpt lat="23.603634327879377" lon="120.72355180298538">
    <ele>1676.073403043155</ele>
    <time>2026-05-09T04:03:58Z</time>
</trkpt><trkpt lat="23.603655343461472" lon="120.72355062553771">
    <ele>1675.7233551564866</ele>
    <time>2026-05-09T04:04:04Z</time>
</trkpt><trkpt lat="23.603671184948325" lon="120.72354694508596">
    <ele>1678.5910361609826</ele>
    <time>2026-05-09T04:04:10Z</time>
</trkpt><trkpt lat="23.603695211230075" lon="120.72353943941002">
    <ele>1681.2420612316753</ele>
    <time>2026-05-09T04:04:16Z</time>
</trkpt><trkpt lat="23.603737838577022" lon="120.72352682757163">
    <ele>1685.1622518720735</ele>
    <time>2026-05-09T04:04:22Z</time>
</trkpt><trkpt lat="23.60377888900231" lon="120.72350753860844">
    <ele>1685.3611167400209</ele>
    <time>2026-05-09T04:04:27Z</time>
</trkpt><trkpt lat="23.60382216525925" lon="120.72349546473738">
    <ele>1683.244751650885</ele>
    <time>2026-05-09T04:04:33Z</time>
</trkpt><trkpt lat="23.603869487110824" lon="120.72349470310486">
    <ele>1680.3648722422029</ele>
    <time>2026-05-09T04:04:39Z</time>
</trkpt><trkpt lat="23.60391683377908" lon="120.7234913078063">
    <ele>1678.5904665456205</ele>
    <time>2026-05-09T04:04:45Z</time>
</trkpt><trkpt lat="23.603949942819746" lon="120.72348877681806">
    <ele>1678.1704709584726</ele>
    <time>2026-05-09T04:04:51Z</time>
</trkpt><trkpt lat="23.603966104169753" lon="120.72348751805092">
    <ele>1678.5668793529117</ele>
    <time>2026-05-09T04:04:57Z</time>
</trkpt><trkpt lat="23.60399071424412" lon="120.72348628325985">
    <ele>1679.1109759794062</ele>
    <time>2026-05-09T04:05:02Z</time>
</trkpt><trkpt lat="23.60403115640886" lon="120.72348533115317">
    <ele>1679.803434677622</ele>
    <time>2026-05-09T04:05:08Z</time>
</trkpt><trkpt lat="23.604058664959453" lon="120.72348415185814">
    <ele>1682.0571838739547</ele>
    <time>2026-05-09T04:05:14Z</time>
</trkpt><trkpt lat="23.604085555504057" lon="120.72347719125496">
    <ele>1681.2786997391436</ele>
    <time>2026-05-09T04:05:20Z</time>
</trkpt><trkpt lat="23.60411168432404" lon="120.72347585910508">
    <ele>1677.5690594357661</ele>
    <time>2026-05-09T04:05:26Z</time>
</trkpt><trkpt lat="23.604152674595106" lon="120.72347820336245">
    <ele>1671.8370955643452</ele>
    <time>2026-05-09T04:05:32Z</time>
</trkpt><trkpt lat="23.604191797642496" lon="120.72348879316436">
    <ele>1669.020122582866</ele>
    <time>2026-05-09T04:05:38Z</time>
</trkpt><trkpt lat="23.604214650848228" lon="120.72349329570585">
    <ele>1669.7998930689553</ele>
    <time>2026-05-09T04:05:44Z</time>
</trkpt><trkpt lat="23.604240094504124" lon="120.72349587603259">
    <ele>1669.513027198827</ele>
    <time>2026-05-09T04:05:50Z</time>
</trkpt><trkpt lat="23.604273220941412" lon="120.72349913695304">
    <ele>1667.790401000975</ele>
    <time>2026-05-09T04:05:56Z</time>
</trkpt><trkpt lat="23.60430005518775" lon="120.72350221213732">
    <ele>1667.6084902437967</ele>
    <time>2026-05-09T04:06:02Z</time>
</trkpt><trkpt lat="23.604314489797993" lon="120.7235040241016">
    <ele>1665.5596367063536</ele>
    <time>2026-05-09T04:06:08Z</time>
</trkpt><trkpt lat="23.60431124497278" lon="120.72350367105487">
    <ele>1664.1124456570817</ele>
    <time>2026-05-09T04:06:14Z</time>
</trkpt><trkpt lat="23.604334721507612" lon="120.72351383320475">
    <ele>1664.0868386907255</ele>
    <time>2026-05-09T04:06:20Z</time>
</trkpt><trkpt lat="23.604374848349153" lon="120.72351378651868">
    <ele>1663.7819712213004</ele>
    <time>2026-05-09T04:06:26Z</time>
</trkpt><trkpt lat="23.604413326566586" lon="120.72354866395088">
    <ele>1662.4332278042605</ele>
    <time>2026-05-09T04:06:32Z</time>
</trkpt><trkpt lat="23.60443988440146" lon="120.72363330425907">
    <ele>1659.9399485810036</ele>
    <time>2026-05-09T04:06:37Z</time>
</trkpt><trkpt lat="23.604467089204615" lon="120.72366229683574">
    <ele>1657.1539196081037</ele>
    <time>2026-05-09T04:06:43Z</time>
</trkpt><trkpt lat="23.6044995728888" lon="120.72367031463982">
    <ele>1656.360076920277</ele>
    <time>2026-05-09T04:06:49Z</time>
</trkpt><trkpt lat="23.60452882898604" lon="120.72366417561763">
    <ele>1658.21433133077</ele>
    <time>2026-05-09T04:06:55Z</time>
</trkpt><trkpt lat="23.60455421910318" lon="120.72364728507259">
    <ele>1659.5300036728217</ele>
    <time>2026-05-09T04:07:01Z</time>
</trkpt><trkpt lat="23.604585702356605" lon="120.72364522042575">
    <ele>1657.9824173502632</ele>
    <time>2026-05-09T04:07:06Z</time>
</trkpt><trkpt lat="23.604643368100675" lon="120.72362883286232">
    <ele>1655.2085618625788</ele>
    <time>2026-05-09T04:07:12Z</time>
</trkpt><trkpt lat="23.60469364542421" lon="120.72359654338955">
    <ele>1655.283714021433</ele>
    <time>2026-05-09T04:07:18Z</time>
</trkpt><trkpt lat="23.604724094197177" lon="120.72363314128967">
    <ele>1654.0244264674614</ele>
    <time>2026-05-09T04:07:24Z</time>
</trkpt><trkpt lat="23.604768213380183" lon="120.72364867879405">
    <ele>1652.1812024662738</ele>
    <time>2026-05-09T04:07:30Z</time>
</trkpt><trkpt lat="23.604819930312345" lon="120.72362047694752">
    <ele>1651.6463272110047</ele>
    <time>2026-05-09T04:07:36Z</time>
</trkpt><trkpt lat="23.60485786294904" lon="120.72361155117832">
    <ele>1650.2907830833767</ele>
    <time>2026-05-09T04:07:42Z</time>
</trkpt><trkpt lat="23.604874769787834" lon="120.72368455691702">
    <ele>1648.0300060403058</ele>
    <time>2026-05-09T04:07:48Z</time>
</trkpt><trkpt lat="23.60489224944025" lon="120.72374443143825">
    <ele>1644.9051136749806</ele>
    <time>2026-05-09T04:07:54Z</time>
</trkpt><trkpt lat="23.604909307813738" lon="120.7237436121196">
    <ele>1643.1553094097853</ele>
    <time>2026-05-09T04:08:00Z</time>
</trkpt><trkpt lat="23.60493532313917" lon="120.72372952773814">
    <ele>1642.9683439633877</ele>
    <time>2026-05-09T04:08:06Z</time>
</trkpt><trkpt lat="23.604981113219456" lon="120.72371612138168">
    <ele>1643.815116547648</ele>
    <time>2026-05-09T04:08:12Z</time>
</trkpt><trkpt lat="23.605016702672184" lon="120.7237173915616">
    <ele>1642.4700464689217</ele>
    <time>2026-05-09T04:08:18Z</time>
</trkpt><trkpt lat="23.605046812232583" lon="120.72371333882253">
    <ele>1640.8184896986534</ele>
    <time>2026-05-09T04:08:24Z</time>
</trkpt><trkpt lat="23.60507228071208" lon="120.72372154094329">
    <ele>1638.8916530427584</ele>
    <time>2026-05-09T04:08:30Z</time>
</trkpt><trkpt lat="23.60507894833562" lon="120.72372370994707">
    <ele>1638.3960539818636</ele>
    <time>2026-05-09T04:08:36Z</time>
</trkpt><trkpt lat="23.605087315243516" lon="120.72373084948065">
    <ele>1638.1175803410317</ele>
    <time>2026-05-09T04:08:42Z</time>
</trkpt><trkpt lat="23.605101007493367" lon="120.72374388449227">
    <ele>1636.6582241595547</ele>
    <time>2026-05-09T04:08:48Z</time>
</trkpt><trkpt lat="23.605122710163858" lon="120.72374790086526">
    <ele>1637.241846765525</ele>
    <time>2026-05-09T04:08:53Z</time>
</trkpt><trkpt lat="23.605142946521827" lon="120.72375706488229">
    <ele>1637.2004597766966</ele>
    <time>2026-05-09T04:08:59Z</time>
</trkpt><trkpt lat="23.605173912257275" lon="120.72375855002738">
    <ele>1636.6397145624067</ele>
    <time>2026-05-09T04:09:06Z</time>
</trkpt><trkpt lat="23.605183213322217" lon="120.72374823257894">
    <ele>1636.5534581169081</ele>
    <time>2026-05-09T04:09:12Z</time>
</trkpt><trkpt lat="23.6051836134216" lon="120.72373994189356">
    <ele>1636.9220299242807</ele>
    <time>2026-05-09T04:09:18Z</time>
</trkpt><trkpt lat="23.605186584058327" lon="120.72373874659223">
    <ele>1635.6706980376787</ele>
    <time>2026-05-09T04:09:24Z</time>
</trkpt><trkpt lat="23.605192550397675" lon="120.72375136248894">
    <ele>1634.595517402574</ele>
    <time>2026-05-09T04:09:30Z</time>
</trkpt><trkpt lat="23.6051985815753" lon="120.72374830843626">
    <ele>1635.3834585593972</ele>
    <time>2026-05-09T04:09:36Z</time>
</trkpt><trkpt lat="23.60521929163314" lon="120.72374759849232">
    <ele>1636.600574139857</ele>
    <time>2026-05-09T04:09:42Z</time>
</trkpt><trkpt lat="23.60524882592739" lon="120.72375901666003">
    <ele>1635.3974272042715</ele>
    <time>2026-05-09T04:09:48Z</time>
</trkpt><trkpt lat="23.605250304327022" lon="120.72376887255011">
    <ele>1632.8233035421165</ele>
    <time>2026-05-09T04:09:54Z</time>
</trkpt><trkpt lat="23.605254484594308" lon="120.72376997602686">
    <ele>1631.12180532263</ele>
    <time>2026-05-09T04:10:00Z</time>
</trkpt><trkpt lat="23.60524960482093" lon="120.72376574969738">
    <ele>1630.1518971637504</ele>
    <time>2026-05-09T04:10:06Z</time>
</trkpt><trkpt lat="23.60524908125151" lon="120.72377416012475">
    <ele>1629.2192430693208</ele>
    <time>2026-05-09T04:10:12Z</time>
</trkpt><trkpt lat="23.6052648806777" lon="120.72377722394032">
    <ele>1629.113088803833</ele>
    <time>2026-05-09T04:10:18Z</time>
</trkpt><trkpt lat="23.605270084492894" lon="120.72377344071637">
    <ele>1629.659458778416</ele>
    <time>2026-05-09T04:10:24Z</time>
</trkpt><trkpt lat="23.605276522740557" lon="120.72377253871173">
    <ele>1630.1976184243226</ele>
    <time>2026-05-09T04:10:30Z</time>
</trkpt><trkpt lat="23.605276726335745" lon="120.72377820899615">
    <ele>1629.6214796305421</ele>
    <time>2026-05-09T04:10:36Z</time>
</trkpt><trkpt lat="23.60527460506141" lon="120.72378338768048">
    <ele>1628.558681071229</ele>
    <time>2026-05-09T04:10:42Z</time>
</trkpt><trkpt lat="23.605273744620288" lon="120.72378470120928">
    <ele>1628.2478104149152</ele>
    <time>2026-05-09T04:10:48Z</time>
</trkpt><trkpt lat="23.605271601065787" lon="120.72378804095834">
    <ele>1628.2021241103084</ele>
    <time>2026-05-09T04:10:54Z</time>
</trkpt><trkpt lat="23.605274784248614" lon="120.72379102590382">
    <ele>1628.7044493857757</ele>
    <time>2026-05-09T04:10:59Z</time>
</trkpt><trkpt lat="23.60527942276778" lon="120.7237925902961">
    <ele>1629.6188242892879</ele>
    <time>2026-05-09T04:11:05Z</time>
</trkpt><trkpt lat="23.605277354058476" lon="120.72379290781454">
    <ele>1630.0447096560902</ele>
    <time>2026-05-09T04:11:12Z</time>
</trkpt><trkpt lat="23.605279084264794" lon="120.72379268576505">
    <ele>1630.3836661423923</ele>
    <time>2026-05-09T04:11:18Z</time>
</trkpt><trkpt lat="23.605286765119498" lon="120.72378362168133">
    <ele>1630.525508661631</ele>
    <time>2026-05-09T04:11:24Z</time>
</trkpt><trkpt lat="23.605286002237353" lon="120.72377877517765">
    <ele>1630.7661306724733</ele>
    <time>2026-05-09T04:11:30Z</time>
</trkpt><trkpt lat="23.605280971271622" lon="120.72377752655751">
    <ele>1630.2870794111243</ele>
    <time>2026-05-09T04:11:36Z</time>
</trkpt><trkpt lat="23.605268737687513" lon="120.72377372919685">
    <ele>1630.2081796863342</ele>
    <time>2026-05-09T04:11:42Z</time>
</trkpt><trkpt lat="23.605247607956656" lon="120.72377095577663">
    <ele>1629.4800588294743</ele>
    <time>2026-05-09T04:11:48Z</time>
</trkpt><trkpt lat="23.605229489073366" lon="120.72376847041697">
    <ele>1628.6830119624299</ele>
    <time>2026-05-09T04:11:54Z</time>
</trkpt><trkpt lat="23.60521666706255" lon="120.72376762058411">
    <ele>1628.7496505500305</ele>
    <time>2026-05-09T04:12:00Z</time>
</trkpt><trkpt lat="23.60521101908295" lon="120.7237525531639">
    <ele>1630.2392244655196</ele>
    <time>2026-05-09T04:12:06Z</time>
</trkpt><trkpt lat="23.6052069899009" lon="120.72374592290949">
    <ele>1631.1875748119112</ele>
    <time>2026-05-09T04:12:12Z</time>
</trkpt><trkpt lat="23.605201320480603" lon="120.72374851753226">
    <ele>1631.5690597909681</ele>
    <time>2026-05-09T04:12:18Z</time>
</trkpt><trkpt lat="23.605197669256366" lon="120.72374575680907">
    <ele>1631.9348989173914</ele>
    <time>2026-05-09T04:12:24Z</time>
</trkpt><trkpt lat="23.605202428684898" lon="120.72372628116538">
    <ele>1633.1964159704748</ele>
    <time>2026-05-09T04:12:30Z</time>
</trkpt><trkpt lat="23.60520180048874" lon="120.72371675259524">
    <ele>1633.676607406298</ele>
    <time>2026-05-09T04:12:36Z</time>
</trkpt><trkpt lat="23.605199566727492" lon="120.72370713516938">
    <ele>1634.1159794781013</ele>
    <time>2026-05-09T04:12:42Z</time>
</trkpt><trkpt lat="23.60519728270281" lon="120.72370162419995">
    <ele>1633.9407590239039</ele>
    <time>2026-05-09T04:12:48Z</time>
</trkpt><trkpt lat="23.605198093353387" lon="120.72370328014372">
    <ele>1633.535171760073</ele>
    <time>2026-05-09T04:12:54Z</time>
</trkpt><trkpt lat="23.60518998672462" lon="120.72370382057815">
    <ele>1632.78888393254</ele>
    <time>2026-05-09T04:12:59Z</time>
</trkpt><trkpt lat="23.60518871373403" lon="120.72369147082836">
    <ele>1632.8329041579227</ele>
    <time>2026-05-09T04:13:05Z</time>
</trkpt><trkpt lat="23.605182736741256" lon="120.7236855203495">
    <ele>1632.7390774763098</ele>
    <time>2026-05-09T04:13:11Z</time>
</trkpt><trkpt lat="23.605186622691402" lon="120.72368308518014">
    <ele>1632.4096429726605</ele>
    <time>2026-05-09T04:13:18Z</time>
</trkpt><trkpt lat="23.605192032669862" lon="120.72367826869873">
    <ele>1632.0480128507065</ele>
    <time>2026-05-09T04:13:24Z</time>
</trkpt><trkpt lat="23.6051917095895" lon="120.72366529837402">
    <ele>1630.9846490526104</ele>
    <time>2026-05-09T04:13:30Z</time>
</trkpt><trkpt lat="23.605183022264487" lon="120.72366442887802">
    <ele>1630.1072790971186</ele>
    <time>2026-05-09T04:13:36Z</time>
</trkpt><trkpt lat="23.60517314686505" lon="120.72366991194657">
    <ele>1628.5931866864942</ele>
    <time>2026-05-09T04:13:42Z</time>
</trkpt><trkpt lat="23.605176879745947" lon="120.72366591996082">
    <ele>1629.5568924862118</ele>
    <time>2026-05-09T04:13:48Z</time>
</trkpt><trkpt lat="23.60518234529628" lon="120.72365896837697">
    <ele>1630.1340471129408</ele>
    <time>2026-05-09T04:13:54Z</time>
</trkpt><trkpt lat="23.60518259992314" lon="120.72365549844966">
    <ele>1630.6090621165597</ele>
    <time>2026-05-09T04:14:00Z</time>
</trkpt><trkpt lat="23.605180423410896" lon="120.72364460285868">
    <ele>1632.2528549115943</ele>
    <time>2026-05-09T04:14:06Z</time>
</trkpt><trkpt lat="23.605180987328634" lon="120.72362789015419">
    <ele>1632.7199275195057</ele>
    <time>2026-05-09T04:14:12Z</time>
</trkpt><trkpt lat="23.605171535766093" lon="120.72362379773239">
    <ele>1628.5261198066214</ele>
    <time>2026-05-09T04:14:18Z</time>
</trkpt><trkpt lat="23.60516118248294" lon="120.7236174527829">
    <ele>1625.507047191745</ele>
    <time>2026-05-09T04:14:24Z</time>
</trkpt><trkpt lat="23.605156756248807" lon="120.72361085286404">
    <ele>1622.7610094715928</ele>
    <time>2026-05-09T04:14:30Z</time>
</trkpt><trkpt lat="23.605145366995643" lon="120.72360243614212">
    <ele>1622.0663156586038</ele>
    <time>2026-05-09T04:14:36Z</time>
</trkpt><trkpt lat="23.60514695024074" lon="120.72358394954772">
    <ele>1623.0332476765727</ele>
    <time>2026-05-09T04:14:42Z</time>
</trkpt><trkpt lat="23.6051546454679" lon="120.72357331926887">
    <ele>1624.4228210647095</ele>
    <time>2026-05-09T04:14:48Z</time>
</trkpt><trkpt lat="23.60515157544161" lon="120.72357076354547">
    <ele>1624.0057462585805</ele>
    <time>2026-05-09T04:14:54Z</time>
</trkpt><trkpt lat="23.60514167405196" lon="120.72353988285636">
    <ele>1622.0716707817667</ele>
    <time>2026-05-09T04:15:00Z</time>
</trkpt><trkpt lat="23.60513013875002" lon="120.72356853091692">
    <ele>1618.19577942805</ele>
    <time>2026-05-09T04:15:06Z</time>
</trkpt><trkpt lat="23.60513548425675" lon="120.7235775378063">
    <ele>1616.0930903355413</ele>
    <time>2026-05-09T04:15:11Z</time>
</trkpt><trkpt lat="23.605112443070738" lon="120.72360418401651">
    <ele>1612.8737756986907</ele>
    <time>2026-05-09T04:15:17Z</time>
</trkpt><trkpt lat="23.605109276439173" lon="120.7236185366449">
    <ele>1610.1745338167975</ele>
    <time>2026-05-09T04:15:24Z</time>
</trkpt><trkpt lat="23.605110931694743" lon="120.72361859555956">
    <ele>1609.6672499156516</ele>
    <time>2026-05-09T04:15:30Z</time>
</trkpt><trkpt lat="23.605134394068532" lon="120.72362099131944">
    <ele>1610.8875477056413</ele>
    <time>2026-05-09T04:15:36Z</time>
</trkpt><trkpt lat="23.60515321562323" lon="120.72362292017078">
    <ele>1607.8026951517172</ele>
    <time>2026-05-09T04:15:42Z</time>
</trkpt><trkpt lat="23.60518540420658" lon="120.72363482793311">
    <ele>1606.0962327185605</ele>
    <time>2026-05-09T04:15:48Z</time>
</trkpt><trkpt lat="23.60524080664814" lon="120.723644785844">
    <ele>1608.8774505209096</ele>
    <time>2026-05-09T04:15:54Z</time>
</trkpt><trkpt lat="23.60527781268273" lon="120.7236493371235">
    <ele>1610.7376197216656</ele>
    <time>2026-05-09T04:16:00Z</time>
</trkpt><trkpt lat="23.605266081884427" lon="120.7236397813149">
    <ele>1612.1496439402465</ele>
    <time>2026-05-09T04:16:06Z</time>
</trkpt><trkpt lat="23.605288900636165" lon="120.72364169116075">
    <ele>1611.226283423957</ele>
    <time>2026-05-09T04:16:12Z</time>
</trkpt><trkpt lat="23.605318696951848" lon="120.72365234463959">
    <ele>1609.9631189819859</ele>
    <time>2026-05-09T04:16:18Z</time>
</trkpt><trkpt lat="23.605364089717895" lon="120.7236614237425">
    <ele>1612.1943702078336</ele>
    <time>2026-05-09T04:16:24Z</time>
</trkpt><trkpt lat="23.605409242230674" lon="120.72366843393829">
    <ele>1612.9108763338784</ele>
    <time>2026-05-09T04:16:30Z</time>
</trkpt><trkpt lat="23.60549253997631" lon="120.72368118548441">
    <ele>1610.1499642393244</ele>
    <time>2026-05-09T04:16:36Z</time>
</trkpt><trkpt lat="23.605584296344365" lon="120.72369047912937">
    <ele>1606.5364135634404</ele>
    <time>2026-05-09T04:16:42Z</time>
</trkpt><trkpt lat="23.60564541070661" lon="120.72370268481988">
    <ele>1605.1228757024533</ele>
    <time>2026-05-09T04:16:48Z</time>
</trkpt><trkpt lat="23.605698626874567" lon="120.72371288246462">
    <ele>1604.5405206211283</ele>
    <time>2026-05-09T04:16:54Z</time>
</trkpt><trkpt lat="23.605742625577943" lon="120.72372021596946">
    <ele>1605.2875967917396</ele>
    <time>2026-05-09T04:16:59Z</time>
</trkpt><trkpt lat="23.60578613316481" lon="120.72372683312206">
    <ele>1607.092062385463</ele>
    <time>2026-05-09T04:17:05Z</time>
</trkpt><trkpt lat="23.605844276424737" lon="120.72373543098658">
    <ele>1605.7426830221616</ele>
    <time>2026-05-09T04:17:11Z</time>
</trkpt><trkpt lat="23.60588230248163" lon="120.72374105141999">
    <ele>1602.9487254999644</ele>
    <time>2026-05-09T04:17:17Z</time>
</trkpt><trkpt lat="23.60590006434955" lon="120.7237436911427">
    <ele>1602.8896593411193</ele>
    <time>2026-05-09T04:17:23Z</time>
</trkpt><trkpt lat="23.605915546280862" lon="120.72374600845227">
    <ele>1603.3160925119294</ele>
    <time>2026-05-09T04:17:30Z</time>
</trkpt><trkpt lat="23.60593111533915" lon="120.72374749095545">
    <ele>1605.4436498338964</ele>
    <time>2026-05-09T04:17:36Z</time>
</trkpt><trkpt lat="23.60597626357024" lon="120.72375472194132">
    <ele>1603.9506003774402</ele>
    <time>2026-05-09T04:17:42Z</time>
</trkpt><trkpt lat="23.606027715107267" lon="120.72376164145024">
    <ele>1602.786270948424</ele>
    <time>2026-05-09T04:17:48Z</time>
</trkpt><trkpt lat="23.60608860316879" lon="120.72376942409309">
    <ele>1602.443533374301</ele>
    <time>2026-05-09T04:17:53Z</time>
</trkpt><trkpt lat="23.60611289048272" lon="120.72377247299929">
    <ele>1603.922219502937</ele>
    <time>2026-05-09T04:17:59Z</time>
</trkpt><trkpt lat="23.60616324244513" lon="120.72377879106422">
    <ele>1604.7766847320602</ele>
    <time>2026-05-09T04:18:05Z</time>
</trkpt><trkpt lat="23.606198487839173" lon="120.7237826031466">
    <ele>1607.1862775528684</ele>
    <time>2026-05-09T04:18:11Z</time>
</trkpt><trkpt lat="23.606209863064553" lon="120.72378366595468">
    <ele>1608.9777176189548</ele>
    <time>2026-05-09T04:18:17Z</time>
</trkpt><trkpt lat="23.606239031195436" lon="120.7237866249181">
    <ele>1609.353342258981</ele>
    <time>2026-05-09T04:18:23Z</time>
</trkpt><trkpt lat="23.606288637013076" lon="120.72378528701805">
    <ele>1605.2124428696422</ele>
    <time>2026-05-09T04:18:29Z</time>
</trkpt><trkpt lat="23.606342338809252" lon="120.72379544284222">
    <ele>1599.8270520507158</ele>
    <time>2026-05-09T04:18:35Z</time>
</trkpt><trkpt lat="23.60640852563817" lon="120.72380482215354">
    <ele>1593.06325531429</ele>
    <time>2026-05-09T04:18:41Z</time>
</trkpt><trkpt lat="23.60646566983941" lon="120.72381136074623">
    <ele>1586.36500261051</ele>
    <time>2026-05-09T04:18:47Z</time>
</trkpt><trkpt lat="23.606517463144815" lon="120.72381571777989">
    <ele>1580.3068745529063</ele>
    <time>2026-05-09T04:18:53Z</time>
</trkpt><trkpt lat="23.606562841432197" lon="120.72381884627913">
    <ele>1574.8845116501002</ele>
    <time>2026-05-09T04:18:59Z</time>
</trkpt><trkpt lat="23.60660090438643" lon="120.72382120417738">
    <ele>1571.2294888155577</ele>
    <time>2026-05-09T04:19:05Z</time>
</trkpt><trkpt lat="23.606613488771004" lon="120.7238219370668">
    <ele>1571.8823004033866</ele>
    <time>2026-05-09T04:19:11Z</time>
</trkpt><trkpt lat="23.606638558340222" lon="120.72382348185931">
    <ele>1573.8077039831462</ele>
    <time>2026-05-09T04:19:17Z</time>
</trkpt><trkpt lat="23.606683691209476" lon="120.72382590050651">
    <ele>1573.7512938822442</ele>
    <time>2026-05-09T04:19:23Z</time>
</trkpt><trkpt lat="23.606733815377343" lon="120.72382737679722">
    <ele>1575.2593168009948</ele>
    <time>2026-05-09T04:19:29Z</time>
</trkpt><trkpt lat="23.60678355523426" lon="120.7238282809766">
    <ele>1575.4023532343774</ele>
    <time>2026-05-09T04:19:36Z</time>
</trkpt><trkpt lat="23.60684128781006" lon="120.72382884778136">
    <ele>1575.0315960772589</ele>
    <time>2026-05-09T04:19:42Z</time>
</trkpt><trkpt lat="23.60688407695426" lon="120.72382058917171">
    <ele>1573.9127457983207</ele>
    <time>2026-05-09T04:19:48Z</time>
</trkpt><trkpt lat="23.60692677268936" lon="120.7238172055877">
    <ele>1573.1811019541155</ele>
    <time>2026-05-09T04:19:54Z</time>
</trkpt><trkpt lat="23.606989424351728" lon="120.7238161730358">
    <ele>1573.0284505843645</ele>
    <time>2026-05-09T04:20:00Z</time>
</trkpt><trkpt lat="23.60703887136247" lon="120.72381393102077">
    <ele>1573.654731848786</ele>
    <time>2026-05-09T04:20:05Z</time>
</trkpt><trkpt lat="23.607064153272663" lon="120.72381273915892">
    <ele>1572.757792750357</ele>
    <time>2026-05-09T04:20:11Z</time>
</trkpt><trkpt lat="23.607072714456923" lon="120.72382013249539">
    <ele>1572.264478040722</ele>
    <time>2026-05-09T04:20:17Z</time>
</trkpt><trkpt lat="23.607114496161007" lon="120.72381544584493">
    <ele>1573.3707041298758</ele>
    <time>2026-05-09T04:20:23Z</time>
</trkpt><trkpt lat="23.607161360601605" lon="120.72381648794381">
    <ele>1573.7544138133915</ele>
    <time>2026-05-09T04:20:29Z</time>
</trkpt><trkpt lat="23.607201994343537" lon="120.72381549211158">
    <ele>1574.9910979817912</ele>
    <time>2026-05-09T04:20:35Z</time>
</trkpt><trkpt lat="23.607252380539375" lon="120.72381257387207">
    <ele>1573.5193437695539</ele>
    <time>2026-05-09T04:20:41Z</time>
</trkpt><trkpt lat="23.60729669231899" lon="120.72380948447727">
    <ele>1572.8604944581455</ele>
    <time>2026-05-09T04:20:47Z</time>
</trkpt><trkpt lat="23.607349411693193" lon="120.72380557952239">
    <ele>1574.5676535734726</ele>
    <time>2026-05-09T04:20:53Z</time>
</trkpt><trkpt lat="23.60740676482372" lon="120.72380018375549">
    <ele>1576.05333278843</ele>
    <time>2026-05-09T04:20:59Z</time>
</trkpt><trkpt lat="23.607457029077825" lon="120.72379425928636">
    <ele>1577.7705536566755</ele>
    <time>2026-05-09T04:21:05Z</time>
</trkpt><trkpt lat="23.60750948148123" lon="120.7237871866392">
    <ele>1579.723563867911</ele>
    <time>2026-05-09T04:21:11Z</time>
</trkpt><trkpt lat="23.607556153695146" lon="120.72378050941596">
    <ele>1578.1867721188582</ele>
    <time>2026-05-09T04:21:17Z</time>
</trkpt><trkpt lat="23.607587060378673" lon="120.72377495067525">
    <ele>1574.6936055314418</ele>
    <time>2026-05-09T04:21:23Z</time>
</trkpt><trkpt lat="23.607610841852377" lon="120.72376987583466">
    <ele>1570.2278032526292</ele>
    <time>2026-05-09T04:21:29Z</time>
</trkpt><trkpt lat="23.607645054577873" lon="120.72376208072583">
    <ele>1565.9450661127162</ele>
    <time>2026-05-09T04:21:35Z</time>
</trkpt><trkpt lat="23.607673004210852" lon="120.72375416998761">
    <ele>1565.7469841052855</ele>
    <time>2026-05-09T04:21:41Z</time>
</trkpt><trkpt lat="23.607710485792257" lon="120.72374165938291">
    <ele>1565.6470984368918</ele>
    <time>2026-05-09T04:21:47Z</time>
</trkpt><trkpt lat="23.607734262201053" lon="120.72373200789475">
    <ele>1562.0313178680572</ele>
    <time>2026-05-09T04:21:53Z</time>
</trkpt><trkpt lat="23.607749113190724" lon="120.72372396834784">
    <ele>1560.1483726805768</ele>
    <time>2026-05-09T04:21:59Z</time>
</trkpt><trkpt lat="23.60776131541723" lon="120.72371461416536">
    <ele>1559.9968967959228</ele>
    <time>2026-05-09T04:22:05Z</time>
</trkpt><trkpt lat="23.60776658101397" lon="120.72370991078905">
    <ele>1559.5376533880328</ele>
    <time>2026-05-09T04:22:11Z</time>
</trkpt><trkpt lat="23.60777877890503" lon="120.72369505971785">
    <ele>1559.3670444552824</ele>
    <time>2026-05-09T04:22:16Z</time>
</trkpt><trkpt lat="23.607780100855294" lon="120.72369308777701">
    <ele>1556.7384495103422</ele>
    <time>2026-05-09T04:22:22Z</time>
</trkpt><trkpt lat="23.607779205505995" lon="120.72369401376845">
    <ele>1555.101102091851</ele>
    <time>2026-05-09T04:22:28Z</time>
</trkpt><trkpt lat="23.607779283831036" lon="120.7236928111773">
    <ele>1552.0791180022404</ele>
    <time>2026-05-09T04:22:34Z</time>
</trkpt><trkpt lat="23.60779357601025" lon="120.72369851278071">
    <ele>1548.4654449312288</ele>
    <time>2026-05-09T04:22:40Z</time>
</trkpt><trkpt lat="23.60785501266609" lon="120.72371575159374">
    <ele>1547.7311942397585</ele>
    <time>2026-05-09T04:22:46Z</time>
</trkpt><trkpt lat="23.607864791834302" lon="120.72372408431566">
    <ele>1549.4612070920173</ele>
    <time>2026-05-09T04:22:52Z</time>
</trkpt><trkpt lat="23.60781245051066" lon="120.72369776863395">
    <ele>1551.3020605467325</ele>
    <time>2026-05-09T04:22:58Z</time>
</trkpt><trkpt lat="23.607779352320907" lon="120.72368057971771">
    <ele>1553.0698045798108</ele>
    <time>2026-05-09T04:23:04Z</time>
</trkpt><trkpt lat="23.607772868804542" lon="120.72365679814881">
    <ele>1554.8381557122345</ele>
    <time>2026-05-09T04:23:10Z</time>
</trkpt><trkpt lat="23.607777141340247" lon="120.72363782534138">
    <ele>1553.1231242495724</ele>
    <time>2026-05-09T04:23:16Z</time>
</trkpt><trkpt lat="23.607781571529497" lon="120.72362203605357">
    <ele>1553.211597859778</ele>
    <time>2026-05-09T04:23:22Z</time>
</trkpt><trkpt lat="23.607782341249795" lon="120.72361700540957">
    <ele>1552.2487536691337</ele>
    <time>2026-05-09T04:23:28Z</time>
</trkpt><trkpt lat="23.607847323144494" lon="120.72360606928538">
    <ele>1550.5597683430228</ele>
    <time>2026-05-09T04:23:34Z</time>
</trkpt><trkpt lat="23.60792917966348" lon="120.72359868738877">
    <ele>1547.4622754627162</ele>
    <time>2026-05-09T04:23:40Z</time>
</trkpt><trkpt lat="23.607913142548362" lon="120.72358337979809">
    <ele>1545.1510569012953</ele>
    <time>2026-05-09T04:23:46Z</time>
</trkpt><trkpt lat="23.607876581791434" lon="120.72356568985015">
    <ele>1544.7307540437014</ele>
    <time>2026-05-09T04:23:53Z</time>
</trkpt><trkpt lat="23.60783115689858" lon="120.72357387922243">
    <ele>1543.1895901686985</ele>
    <time>2026-05-09T04:23:58Z</time>
</trkpt><trkpt lat="23.60777597017762" lon="120.72357800419867">
    <ele>1541.6285357133368</ele>
    <time>2026-05-09T04:24:03Z</time>
</trkpt><trkpt lat="23.607747362622344" lon="120.72355581969016">
    <ele>1543.0009152992598</ele>
    <time>2026-05-09T04:24:09Z</time>
</trkpt><trkpt lat="23.607734720095127" lon="120.72352853831737">
    <ele>1543.5871061416801</ele>
    <time>2026-05-09T04:24:15Z</time>
</trkpt><trkpt lat="23.607719015491348" lon="120.7235076636543">
    <ele>1546.090124433865</ele>
    <time>2026-05-09T04:24:21Z</time>
</trkpt><trkpt lat="23.60771579674799" lon="120.72350415720193">
    <ele>1545.7047058128699</ele>
    <time>2026-05-09T04:24:27Z</time>
</trkpt><trkpt lat="23.607709907933543" lon="120.72349160763467">
    <ele>1546.1139357059842</ele>
    <time>2026-05-09T04:24:33Z</time>
</trkpt><trkpt lat="23.607706783884158" lon="120.72348434863899">
    <ele>1545.2171902400528</ele>
    <time>2026-05-09T04:24:39Z</time>
</trkpt><trkpt lat="23.607698035567598" lon="120.72346545315895">
    <ele>1542.8801748280625</ele>
    <time>2026-05-09T04:24:45Z</time>
</trkpt><trkpt lat="23.607677752724467" lon="120.72345704298664">
    <ele>1541.2755950765418</ele>
    <time>2026-05-09T04:24:51Z</time>
</trkpt><trkpt lat="23.60760510918995" lon="120.72348253836454">
    <ele>1539.5294151279163</ele>
    <time>2026-05-09T04:24:57Z</time>
</trkpt><trkpt lat="23.607540500644433" lon="120.72351599502899">
    <ele>1539.1029998275474</ele>
    <time>2026-05-09T04:25:03Z</time>
</trkpt><trkpt lat="23.60750081288009" lon="120.72354225065853">
    <ele>1537.3634675047963</ele>
    <time>2026-05-09T04:25:09Z</time>
</trkpt><trkpt lat="23.60745798406243" lon="120.72355286930848">
    <ele>1539.0781296268644</ele>
    <time>2026-05-09T04:25:15Z</time>
</trkpt><trkpt lat="23.60741645763443" lon="120.72352914278108">
    <ele>1540.44504584891</ele>
    <time>2026-05-09T04:25:21Z</time>
</trkpt><trkpt lat="23.607401635876514" lon="120.72348768295466">
    <ele>1540.8282087309294</ele>
    <time>2026-05-09T04:25:27Z</time>
</trkpt><trkpt lat="23.60745253569496" lon="120.72346160593858">
    <ele>1537.9469550851115</ele>
    <time>2026-05-09T04:25:33Z</time>
</trkpt><trkpt lat="23.6075065398556" lon="120.72343764473761">
    <ele>1534.9757273413063</ele>
    <time>2026-05-09T04:25:39Z</time>
</trkpt><trkpt lat="23.607538887130058" lon="120.72341567907996">
    <ele>1533.30356803734</ele>
    <time>2026-05-09T04:25:45Z</time>
</trkpt><trkpt lat="23.607545813682837" lon="120.72340583849117">
    <ele>1534.650807940364</ele>
    <time>2026-05-09T04:25:51Z</time>
</trkpt><trkpt lat="23.607541460348735" lon="120.72340552514758">
    <ele>1535.764128876008</ele>
    <time>2026-05-09T04:25:57Z</time>
</trkpt><trkpt lat="23.60754063933677" lon="120.72340167625167">
    <ele>1536.18361905358</ele>
    <time>2026-05-09T04:26:02Z</time>
</trkpt><trkpt lat="23.607552262226353" lon="120.72338814589811">
    <ele>1535.3023747322286</ele>
    <time>2026-05-09T04:26:07Z</time>
</trkpt><trkpt lat="23.607563382759942" lon="120.72334788162284">
    <ele>1533.4173724670998</ele>
    <time>2026-05-09T04:26:13Z</time>
</trkpt><trkpt lat="23.607606920838222" lon="120.7233303183779">
    <ele>1531.1928772570614</ele>
    <time>2026-05-09T04:26:19Z</time>
</trkpt><trkpt lat="23.607676042813534" lon="120.72333231374076">
    <ele>1527.9288211469898</ele>
    <time>2026-05-09T04:26:25Z</time>
</trkpt><trkpt lat="23.607711632992892" lon="120.72333634473335">
    <ele>1523.4566867159444</ele>
    <time>2026-05-09T04:26:30Z</time>
</trkpt><trkpt lat="23.607757829037777" lon="120.7233169366069">
    <ele>1521.5507519195844</ele>
    <time>2026-05-09T04:26:36Z</time>
</trkpt><trkpt lat="23.607801757406666" lon="120.7232936884346">
    <ele>1522.3416697621199</ele>
    <time>2026-05-09T04:26:42Z</time>
</trkpt><trkpt lat="23.60783395552829" lon="120.72327915243609">
    <ele>1523.2457535606254</ele>
    <time>2026-05-09T04:26:48Z</time>
</trkpt><trkpt lat="23.60786877877207" lon="120.72326621253747">
    <ele>1521.3086857674464</ele>
    <time>2026-05-09T04:26:54Z</time>
</trkpt><trkpt lat="23.6078951752091" lon="120.7232578676746">
    <ele>1518.4416309697544</ele>
    <time>2026-05-09T04:27:00Z</time>
</trkpt><trkpt lat="23.607934356131008" lon="120.72324577866195">
    <ele>1518.5846768482568</ele>
    <time>2026-05-09T04:27:06Z</time>
</trkpt><trkpt lat="23.60797510251629" lon="120.72323302617599">
    <ele>1516.6270339911673</ele>
    <time>2026-05-09T04:27:12Z</time>
</trkpt><trkpt lat="23.60801813174738" lon="120.72321939219295">
    <ele>1513.9532156323803</ele>
    <time>2026-05-09T04:27:18Z</time>
</trkpt><trkpt lat="23.608073428211778" lon="120.72320132560296">
    <ele>1513.9762337210107</ele>
    <time>2026-05-09T04:27:24Z</time>
</trkpt><trkpt lat="23.60812281839149" lon="120.72318405265105">
    <ele>1512.7695534973295</ele>
    <time>2026-05-09T04:27:30Z</time>
</trkpt><trkpt lat="23.608169447181126" lon="120.72316355775779">
    <ele>1512.1751529970659</ele>
    <time>2026-05-09T04:27:36Z</time>
</trkpt><trkpt lat="23.608205326688545" lon="120.72314314353741">
    <ele>1509.9482523662032</ele>
    <time>2026-05-09T04:27:42Z</time>
</trkpt><trkpt lat="23.608215834621966" lon="120.72313610365248">
    <ele>1509.258971119721</ele>
    <time>2026-05-09T04:27:48Z</time>
</trkpt><trkpt lat="23.608230914382396" lon="120.72312672217124">
    <ele>1507.8401571262448</ele>
    <time>2026-05-09T04:27:54Z</time>
</trkpt><trkpt lat="23.608267983482754" lon="120.7231052998205">
    <ele>1508.4819158098796</ele>
    <time>2026-05-09T04:28:00Z</time>
</trkpt><trkpt lat="23.608299825742556" lon="120.72308705442876">
    <ele>1508.6845307851672</ele>
    <time>2026-05-09T04:28:05Z</time>
</trkpt><trkpt lat="23.608322312222672" lon="120.7230740904493">
    <ele>1508.2139068457725</ele>
    <time>2026-05-09T04:28:10Z</time>
</trkpt><trkpt lat="23.608350664126466" lon="120.72305575098586">
    <ele>1507.337631349451</ele>
    <time>2026-05-09T04:28:16Z</time>
</trkpt><trkpt lat="23.608370310837433" lon="120.72304203738241">
    <ele>1505.2036122735751</ele>
    <time>2026-05-09T04:28:22Z</time>
</trkpt><trkpt lat="23.60839359926867" lon="120.72302145849505">
    <ele>1499.9738722787977</ele>
    <time>2026-05-09T04:28:28Z</time>
</trkpt><trkpt lat="23.608413237982816" lon="120.72300051019386">
    <ele>1497.7356418226957</ele>
    <time>2026-05-09T04:28:34Z</time>
</trkpt><trkpt lat="23.60841725439633" lon="120.72299557273271">
    <ele>1495.8314030018807</ele>
    <time>2026-05-09T04:28:40Z</time>
</trkpt><trkpt lat="23.608424691513587" lon="120.72298617353509">
    <ele>1493.3568075153423</ele>
    <time>2026-05-09T04:28:46Z</time>
</trkpt><trkpt lat="23.60844160220799" lon="120.72296162887866">
    <ele>1491.2011859348258</ele>
    <time>2026-05-09T04:28:51Z</time>
</trkpt><trkpt lat="23.608453144913977" lon="120.7229401290771">
    <ele>1489.5303466103214</ele>
    <time>2026-05-09T04:28:57Z</time>
</trkpt><trkpt lat="23.608460428731387" lon="120.72292433041846">
    <ele>1487.6721274153845</ele>
    <time>2026-05-09T04:29:03Z</time>
</trkpt><trkpt lat="23.60846573416639" lon="120.72291193790932">
    <ele>1487.1697778845985</ele>
    <time>2026-05-09T04:29:09Z</time>
</trkpt><trkpt lat="23.608474490836937" lon="120.72288889655256">
    <ele>1486.2402901602968</ele>
    <time>2026-05-09T04:29:15Z</time>
</trkpt><trkpt lat="23.608480935697294" lon="120.72287170346775">
    <ele>1485.3555889731772</ele>
    <time>2026-05-09T04:29:21Z</time>
</trkpt><trkpt lat="23.608486022227016" lon="120.72284624511467">
    <ele>1483.704487881137</ele>
    <time>2026-05-09T04:29:27Z</time>
</trkpt><trkpt lat="23.60849568508158" lon="120.72281266034533">
    <ele>1484.4526231135362</ele>
    <time>2026-05-09T04:29:33Z</time>
</trkpt><trkpt lat="23.60850125566795" lon="120.72278881461408">
    <ele>1483.9171309377332</ele>
    <time>2026-05-09T04:29:39Z</time>
</trkpt><trkpt lat="23.60850406109988" lon="120.72277394058999">
    <ele>1482.6793672365106</ele>
    <time>2026-05-09T04:29:45Z</time>
</trkpt><trkpt lat="23.608507756585677" lon="120.72274812683422">
    <ele>1482.796559886245</ele>
    <time>2026-05-09T04:29:51Z</time>
</trkpt><trkpt lat="23.608511648369017" lon="120.72272029699279">
    <ele>1479.6181585324373</ele>
    <time>2026-05-09T04:29:57Z</time>
</trkpt><trkpt lat="23.608514933744775" lon="120.72269117654074">
    <ele>1476.390409127421</ele>
    <time>2026-05-09T04:30:03Z</time>
</trkpt><trkpt lat="23.608517837881" lon="120.72265389071896">
    <ele>1477.5815022227405</ele>
    <time>2026-05-09T04:30:09Z</time>
</trkpt><trkpt lat="23.60852092218281" lon="120.7226108364921">
    <ele>1477.6843312086776</ele>
    <time>2026-05-09T04:30:15Z</time>
</trkpt><trkpt lat="23.60852349462772" lon="120.72257464899532">
    <ele>1475.6863190771082</ele>
    <time>2026-05-09T04:30:21Z</time>
</trkpt><trkpt lat="23.608524631041615" lon="120.72254706606105">
    <ele>1473.736720993384</ele>
    <time>2026-05-09T04:30:27Z</time>
</trkpt><trkpt lat="23.608522763996937" lon="120.72249443822017">
    <ele>1473.4382723062092</ele>
    <time>2026-05-09T04:30:33Z</time>
</trkpt><trkpt lat="23.608526639212574" lon="120.72245280619039">
    <ele>1472.6965869942912</ele>
    <time>2026-05-09T04:30:39Z</time>
</trkpt><trkpt lat="23.60852896838132" lon="120.7224180260911">
    <ele>1471.0559174211746</ele>
    <time>2026-05-09T04:30:45Z</time>
</trkpt><trkpt lat="23.608529992969768" lon="120.72238323625933">
    <ele>1469.8777456874893</ele>
    <time>2026-05-09T04:30:51Z</time>
</trkpt><trkpt lat="23.60853004323837" lon="120.72234917841226">
    <ele>1467.538020133339</ele>
    <time>2026-05-09T04:30:57Z</time>
</trkpt><trkpt lat="23.60853104651957" lon="120.7223034528835">
    <ele>1468.4326701955358</ele>
    <time>2026-05-09T04:31:02Z</time>
</trkpt><trkpt lat="23.60853186976333" lon="120.72225874192831">
    <ele>1468.221564718291</ele>
    <time>2026-05-09T04:31:08Z</time>
</trkpt><trkpt lat="23.608525635982957" lon="120.7222163277764">
    <ele>1467.7513972180232</ele>
    <time>2026-05-09T04:31:14Z</time>
</trkpt><trkpt lat="23.608526128292738" lon="120.72216853746565">
    <ele>1466.0562931479478</ele>
    <time>2026-05-09T04:31:20Z</time>
</trkpt><trkpt lat="23.608531269665903" lon="120.72212543931819">
    <ele>1463.9166396567389</ele>
    <time>2026-05-09T04:31:26Z</time>
</trkpt><trkpt lat="23.6085351236022" lon="120.72208040054527">
    <ele>1461.772521296479</ele>
    <time>2026-05-09T04:31:32Z</time>
</trkpt><trkpt lat="23.60853665283937" lon="120.72203249526223">
    <ele>1460.5351610170576</ele>
    <time>2026-05-09T04:31:38Z</time>
</trkpt><trkpt lat="23.608537325859416" lon="120.72199584935157">
    <ele>1459.32131599007</ele>
    <time>2026-05-09T04:31:44Z</time>
</trkpt><trkpt lat="23.608538032930046" lon="120.72196151277515">
    <ele>1459.3772434876116</ele>
    <time>2026-05-09T04:31:50Z</time>
</trkpt><trkpt lat="23.608538276140397" lon="120.72192559629727">
    <ele>1458.4863391420108</ele>
    <time>2026-05-09T04:31:56Z</time>
</trkpt><trkpt lat="23.608538050760185" lon="120.7218955569271">
    <ele>1457.0295919782382</ele>
    <time>2026-05-09T04:32:02Z</time>
</trkpt><trkpt lat="23.608537624860766" lon="120.72185752053382">
    <ele>1457.4007302900536</ele>
    <time>2026-05-09T04:32:08Z</time>
</trkpt><trkpt lat="23.60853744475332" lon="120.72184270305966">
    <ele>1459.1786414341527</ele>
    <time>2026-05-09T04:32:14Z</time>
</trkpt><trkpt lat="23.608537227148116" lon="120.72182082067842">
    <ele>1459.3653265541682</ele>
    <time>2026-05-09T04:32:20Z</time>
</trkpt><trkpt lat="23.608536737214923" lon="120.7218042015007">
    <ele>1457.1336276243837</ele>
    <time>2026-05-09T04:32:26Z</time>
</trkpt><trkpt lat="23.608535780592852" lon="120.72178076740862">
    <ele>1454.7844167832857</ele>
    <time>2026-05-09T04:32:32Z</time>
</trkpt><trkpt lat="23.608563955536454" lon="120.72177240653772">
    <ele>1455.5959462539288</ele>
    <time>2026-05-09T04:32:38Z</time>
</trkpt><trkpt lat="23.60862614128103" lon="120.72175612194326">
    <ele>1455.232959733689</ele>
    <time>2026-05-09T04:32:44Z</time>
</trkpt><trkpt lat="23.608648032574962" lon="120.72175004867024">
    <ele>1455.521451788279</ele>
    <time>2026-05-09T04:32:50Z</time>
</trkpt><trkpt lat="23.608654248985236" lon="120.72175527472385">
    <ele>1454.5814071171094</ele>
    <time>2026-05-09T04:32:56Z</time>
</trkpt><trkpt lat="23.608659985909558" lon="120.72175006279693">
    <ele>1452.427585068661</ele>
    <time>2026-05-09T04:33:02Z</time>
</trkpt><trkpt lat="23.608658526182396" lon="120.72174846814359">
    <ele>1451.82969090464</ele>
    <time>2026-05-09T04:33:08Z</time>
</trkpt><trkpt lat="23.608658546997077" lon="120.72174263398192">
    <ele>1451.2942510689506</ele>
    <time>2026-05-09T04:33:13Z</time>
</trkpt><trkpt lat="23.608659182680743" lon="120.72172901934901">
    <ele>1450.5634186301197</ele>
    <time>2026-05-09T04:33:19Z</time>
</trkpt><trkpt lat="23.60866970973076" lon="120.72171736193441">
    <ele>1451.08519428002</ele>
    <time>2026-05-09T04:33:25Z</time>
</trkpt><trkpt lat="23.608677843084894" lon="120.72170469823737">
    <ele>1450.6375686922229</ele>
    <time>2026-05-09T04:33:31Z</time>
</trkpt><trkpt lat="23.608697873095235" lon="120.72170420450685">
    <ele>1449.343042970961</ele>
    <time>2026-05-09T04:33:37Z</time>
</trkpt><trkpt lat="23.60871402583669" lon="120.72172143570691">
    <ele>1447.369200721689</ele>
    <time>2026-05-09T04:33:43Z</time>
</trkpt><trkpt lat="23.608735125385817" lon="120.72174952784493">
    <ele>1446.3095066121166</ele>
    <time>2026-05-09T04:33:49Z</time>
</trkpt><trkpt lat="23.608747852429843" lon="120.72174909502786">
    <ele>1445.8218220838157</ele>
    <time>2026-05-09T04:33:55Z</time>
</trkpt><trkpt lat="23.608759752539925" lon="120.72175402209429">
    <ele>1445.7392531456771</ele>
    <time>2026-05-09T04:34:01Z</time>
</trkpt><trkpt lat="23.608765209698124" lon="120.72176115539204">
    <ele>1444.8326929880513</ele>
    <time>2026-05-09T04:34:07Z</time>
</trkpt><trkpt lat="23.60876206251478" lon="120.72175911373684">
    <ele>1444.2152781816176</ele>
    <time>2026-05-09T04:34:13Z</time>
</trkpt><trkpt lat="23.608753150398204" lon="120.72175410588417">
    <ele>1445.0441654221368</ele>
    <time>2026-05-09T04:34:19Z</time>
</trkpt><trkpt lat="23.608745282200854" lon="120.7217501674161">
    <ele>1445.9986796672906</ele>
    <time>2026-05-09T04:34:24Z</time>
</trkpt><trkpt lat="23.608738090364035" lon="120.72174875068602">
    <ele>1446.7948576808083</ele>
    <time>2026-05-09T04:34:29Z</time>
</trkpt><trkpt lat="23.608724414238083" lon="120.72175192387256">
    <ele>1448.225829904417</ele>
    <time>2026-05-09T04:34:35Z</time>
</trkpt><trkpt lat="23.608730439835576" lon="120.72175865353354">
    <ele>1449.6904990205169</ele>
    <time>2026-05-09T04:34:41Z</time>
</trkpt><trkpt lat="23.60874360760509" lon="120.72176188257735">
    <ele>1449.1237433528577</ele>
    <time>2026-05-09T04:34:47Z</time>
</trkpt><trkpt lat="23.608747158791296" lon="120.72175832277104">
    <ele>1449.8394056535271</ele>
    <time>2026-05-09T04:34:53Z</time>
</trkpt><trkpt lat="23.60876170819389" lon="120.72174692063666">
    <ele>1451.5949331792465</ele>
    <time>2026-05-09T04:34:59Z</time>
</trkpt><trkpt lat="23.608767614459566" lon="120.7217377515365">
    <ele>1452.3002746346917</ele>
    <time>2026-05-09T04:35:05Z</time>
</trkpt><trkpt lat="23.608759963711748" lon="120.72172735078655">
    <ele>1452.8796209873149</ele>
    <time>2026-05-09T04:35:11Z</time>
</trkpt><trkpt lat="23.608755923844544" lon="120.72172972711229">
    <ele>1452.4129819407367</ele>
    <time>2026-05-09T04:35:17Z</time>
</trkpt><trkpt lat="23.608753821086967" lon="120.72174250702639">
    <ele>1451.90214225831</ele>
    <time>2026-05-09T04:35:22Z</time>
</trkpt><trkpt lat="23.608754284873637" lon="120.72174602394861">
    <ele>1451.7188802035714</ele>
    <time>2026-05-09T04:35:28Z</time>
</trkpt><trkpt lat="23.608744665751562" lon="120.72173359727663">
    <ele>1454.6029698701489</ele>
    <time>2026-05-09T04:35:34Z</time>
</trkpt><trkpt lat="23.608746755978924" lon="120.72173272425383">
    <ele>1453.7888630156988</ele>
    <time>2026-05-09T04:35:40Z</time>
</trkpt><trkpt lat="23.60874856275421" lon="120.7217337547801">
    <ele>1453.1867538353106</ele>
    <time>2026-05-09T04:35:46Z</time>
</trkpt><trkpt lat="23.608755160354203" lon="120.72173717011142">
    <ele>1450.0480476284204</ele>
    <time>2026-05-09T04:35:52Z</time>
</trkpt><trkpt lat="23.608761763606864" lon="120.72174057952103">
    <ele>1446.373733915248</ele>
    <time>2026-05-09T04:35:58Z</time>
</trkpt><trkpt lat="23.60875369023621" lon="120.72175037163043">
    <ele>1444.0959344970954</ele>
    <time>2026-05-09T04:36:04Z</time>
</trkpt><trkpt lat="23.608747559182547" lon="120.7217534128343">
    <ele>1444.636788637117</ele>
    <time>2026-05-09T04:36:10Z</time>
</trkpt><trkpt lat="23.608745867291876" lon="120.72175023097334">
    <ele>1447.9828187156434</ele>
    <time>2026-05-09T04:36:16Z</time>
</trkpt><trkpt lat="23.608741429044176" lon="120.7217516583793">
    <ele>1448.770705145731</ele>
    <time>2026-05-09T04:36:23Z</time>
</trkpt><trkpt lat="23.608748083235334" lon="120.72175259548762">
    <ele>1448.3334697909813</ele>
    <time>2026-05-09T04:36:28Z</time>
</trkpt><trkpt lat="23.608753179682555" lon="120.72175660792948">
    <ele>1447.6533082396286</ele>
    <time>2026-05-09T04:36:33Z</time>
</trkpt><trkpt lat="23.60875599510109" lon="120.72175299967768">
    <ele>1448.6062350465563</ele>
    <time>2026-05-09T04:36:39Z</time>
</trkpt><trkpt lat="23.608763274160196" lon="120.72172372830188">
    <ele>1448.5401387305753</ele>
    <time>2026-05-09T04:36:45Z</time>
</trkpt><trkpt lat="23.608741717408446" lon="120.72168923546614">
    <ele>1447.9547612313731</ele>
    <time>2026-05-09T04:36:51Z</time>
</trkpt><trkpt lat="23.608714383851186" lon="120.72166248228622">
    <ele>1447.7274478615377</ele>
    <time>2026-05-09T04:36:57Z</time>
</trkpt><trkpt lat="23.608687379397992" lon="120.72163769338441">
    <ele>1447.3344958712837</ele>
    <time>2026-05-09T04:37:03Z</time>
</trkpt><trkpt lat="23.608659611695433" lon="120.72161893977774">
    <ele>1446.723918199276</ele>
    <time>2026-05-09T04:37:09Z</time>
</trkpt><trkpt lat="23.608623335743623" lon="120.72160403514238">
    <ele>1445.9948527154581</ele>
    <time>2026-05-09T04:37:15Z</time>
</trkpt><trkpt lat="23.6086201910802" lon="120.72158926549069">
    <ele>1445.3040843514066</ele>
    <time>2026-05-09T04:37:20Z</time>
</trkpt><trkpt lat="23.60862798883277" lon="120.7215807230405">
    <ele>1444.3844885944773</ele>
    <time>2026-05-09T04:37:26Z</time>
</trkpt><trkpt lat="23.60863558232385" lon="120.72157403456723">
    <ele>1444.361978574056</ele>
    <time>2026-05-09T04:37:32Z</time>
</trkpt><trkpt lat="23.60863740631001" lon="120.72157376627872">
    <ele>1443.8637172104147</ele>
    <time>2026-05-09T04:37:38Z</time>
</trkpt><trkpt lat="23.608636160869633" lon="120.7215739285138">
    <ele>1443.9489381820244</ele>
    <time>2026-05-09T04:37:44Z</time>
</trkpt><trkpt lat="23.608636259206612" lon="120.72157335854615">
    <ele>1444.2015286322767</ele>
    <time>2026-05-09T04:37:50Z</time>
</trkpt><trkpt lat="23.60863519612217" lon="120.7215734178573">
    <ele>1445.0559018401534</ele>
    <time>2026-05-09T04:37:56Z</time>
</trkpt><trkpt lat="23.608618219801944" lon="120.7215652834052">
    <ele>1445.0068296208315</ele>
    <time>2026-05-09T04:38:02Z</time>
</trkpt><trkpt lat="23.608593432844266" lon="120.72157686636518">
    <ele>1444.0453596126592</ele>
    <time>2026-05-09T04:38:08Z</time>
</trkpt><trkpt lat="23.608566121340207" lon="120.7215854873267">
    <ele>1442.5463752147195</ele>
    <time>2026-05-09T04:38:14Z</time>
</trkpt><trkpt lat="23.608534443027082" lon="120.72157335055105">
    <ele>1442.976906782045</ele>
    <time>2026-05-09T04:38:20Z</time>
</trkpt><trkpt lat="23.608494564524175" lon="120.72155990850155">
    <ele>1442.9698824014786</ele>
    <time>2026-05-09T04:38:26Z</time>
</trkpt><trkpt lat="23.60846162355618" lon="120.72155786945477">
    <ele>1443.2199704056393</ele>
    <time>2026-05-09T04:38:32Z</time>
</trkpt><trkpt lat="23.60842467587948" lon="120.72156170573199">
    <ele>1442.4005156272287</ele>
    <time>2026-05-09T04:38:37Z</time>
</trkpt><trkpt lat="23.608398738502746" lon="120.72156194310996">
    <ele>1442.2473556658003</ele>
    <time>2026-05-09T04:38:42Z</time>
</trkpt><trkpt lat="23.60837253701562" lon="120.72156245630113">
    <ele>1441.1462413704455</ele>
    <time>2026-05-09T04:38:48Z</time>
</trkpt><trkpt lat="23.608334339724493" lon="120.72155798205516">
    <ele>1440.6726217214004</ele>
    <time>2026-05-09T04:38:54Z</time>
</trkpt><trkpt lat="23.608293600291" lon="120.72155913888822">
    <ele>1440.3459378567168</ele>
    <time>2026-05-09T04:39:00Z</time>
</trkpt><trkpt lat="23.608250138131684" lon="120.72156793496778">
    <ele>1438.7964403148662</ele>
    <time>2026-05-09T04:39:06Z</time>
</trkpt><trkpt lat="23.608213352967756" lon="120.72157899157678">
    <ele>1436.0435774016628</ele>
    <time>2026-05-09T04:39:12Z</time>
</trkpt><trkpt lat="23.608169723882835" lon="120.7215973643379">
    <ele>1434.0962558155402</ele>
    <time>2026-05-09T04:39:18Z</time>
</trkpt><trkpt lat="23.60812419829087" lon="120.72162146730693">
    <ele>1433.2206848385927</ele>
    <time>2026-05-09T04:39:24Z</time>
</trkpt><trkpt lat="23.60809075792912" lon="120.72164215047619">
    <ele>1432.2502777623877</ele>
    <time>2026-05-09T04:39:30Z</time>
</trkpt><trkpt lat="23.60804231755284" lon="120.72168494985962">
    <ele>1432.3364543923624</ele>
    <time>2026-05-09T04:39:35Z</time>
</trkpt><trkpt lat="23.608010905110817" lon="120.72171745903863">
    <ele>1431.5668255377932</ele>
    <time>2026-05-09T04:39:41Z</time>
</trkpt><trkpt lat="23.608013897892313" lon="120.72180629042495">
    <ele>1427.8893006005478</ele>
    <time>2026-05-09T04:39:47Z</time>
</trkpt><trkpt lat="23.608018362265437" lon="120.72181191468127">
    <ele>1426.8672129559511</ele>
    <time>2026-05-09T04:39:53Z</time>
</trkpt><trkpt lat="23.60807427362117" lon="120.72174172754174">
    <ele>1429.588405467041</ele>
    <time>2026-05-09T04:39:59Z</time>
</trkpt><trkpt lat="23.608125739648713" lon="120.72165976353388">
    <ele>1435.1397607794695</ele>
    <time>2026-05-09T04:40:05Z</time>
</trkpt><trkpt lat="23.608154346766195" lon="120.72163138623681">
    <ele>1436.3605060097218</ele>
    <time>2026-05-09T04:40:11Z</time>
</trkpt><trkpt lat="23.60815711381669" lon="120.72165242957888">
    <ele>1435.6006452174104</ele>
    <time>2026-05-09T04:40:17Z</time>
</trkpt><trkpt lat="23.608082488623868" lon="120.72170274549474">
    <ele>1431.8808705116744</ele>
    <time>2026-05-09T04:40:23Z</time>
</trkpt><trkpt lat="23.607976991317095" lon="120.72176812160619">
    <ele>1429.0283199430635</ele>
    <time>2026-05-09T04:40:29Z</time>
</trkpt><trkpt lat="23.607932380258426" lon="120.72180125554821">
    <ele>1426.3789280908024</ele>
    <time>2026-05-09T04:40:35Z</time>
</trkpt><trkpt lat="23.60792419531389" lon="120.7218093082635">
    <ele>1425.8656238524893</ele>
    <time>2026-05-09T04:40:40Z</time>
</trkpt><trkpt lat="23.607927119467863" lon="120.72180885606618">
    <ele>1426.675234439924</ele>
    <time>2026-05-09T04:40:45Z</time>
</trkpt><trkpt lat="23.607933206570838" lon="120.72180442049913">
    <ele>1428.4684819627641</ele>
    <time>2026-05-09T04:40:50Z</time>
</trkpt><trkpt lat="23.607939027042804" lon="120.72180207479255">
    <ele>1429.5334469707605</ele>
    <time>2026-05-09T04:40:55Z</time>
</trkpt><trkpt lat="23.607936909948066" lon="120.72180238365436">
    <ele>1429.6585173560013</ele>
    <time>2026-05-09T04:41:01Z</time>
</trkpt><trkpt lat="23.607937358482168" lon="120.72180072635686">
    <ele>1430.1531586301953</ele>
    <time>2026-05-09T04:41:07Z</time>
</trkpt><trkpt lat="23.607938495901514" lon="120.7217992803697">
    <ele>1429.490604028534</ele>
    <time>2026-05-09T04:41:13Z</time>
</trkpt><trkpt lat="23.6079391389987" lon="120.72179866055623">
    <ele>1428.4685774880372</ele>
    <time>2026-05-09T04:41:19Z</time>
</trkpt><trkpt lat="23.60794578271995" lon="120.72180934037789">
    <ele>1427.0421817404615</ele>
    <time>2026-05-09T04:41:25Z</time>
</trkpt><trkpt lat="23.607940279151663" lon="120.72180723262773">
    <ele>1425.1805062253964</ele>
    <time>2026-05-09T04:41:31Z</time>
</trkpt><trkpt lat="23.607934255192912" lon="120.72180510757444">
    <ele>1423.8830120269033</ele>
    <time>2026-05-09T04:41:37Z</time>
</trkpt><trkpt lat="23.6079263470089" lon="120.72181095564515">
    <ele>1422.805200753478</ele>
    <time>2026-05-09T04:41:43Z</time>
</trkpt><trkpt lat="23.607930323722318" lon="120.72181771951806">
    <ele>1422.6029562981391</ele>
    <time>2026-05-09T04:41:48Z</time>
</trkpt><trkpt lat="23.607918119532386" lon="120.72182378012667">
    <ele>1424.254031307172</ele>
    <time>2026-05-09T04:41:54Z</time>
</trkpt><trkpt lat="23.607912980137307" lon="120.7218256712562">
    <ele>1424.804553372365</ele>
    <time>2026-05-09T04:42:00Z</time>
</trkpt><trkpt lat="23.607920084402902" lon="120.7218341313416">
    <ele>1424.810102402725</ele>
    <time>2026-05-09T04:42:06Z</time>
</trkpt><trkpt lat="23.607923303644522" lon="120.7218366775523">
    <ele>1424.720528465033</ele>
    <time>2026-05-09T04:42:12Z</time>
</trkpt><trkpt lat="23.6079242573523" lon="120.7218342784226">
    <ele>1425.3045171244146</ele>
    <time>2026-05-09T04:42:18Z</time>
</trkpt><trkpt lat="23.607924322705625" lon="120.72183205765351">
    <ele>1425.8031708004944</ele>
    <time>2026-05-09T04:42:24Z</time>
</trkpt><trkpt lat="23.60792413171846" lon="120.72183081093573">
    <ele>1426.037008996077</ele>
    <time>2026-05-09T04:42:30Z</time>
</trkpt><trkpt lat="23.607926151645085" lon="120.72182979803495">
    <ele>1426.419254265875</ele>
    <time>2026-05-09T04:42:36Z</time>
</trkpt><trkpt lat="23.607927106413047" lon="120.72183036974377">
    <ele>1426.752165413778</ele>
    <time>2026-05-09T04:42:42Z</time>
</trkpt><trkpt lat="23.607927289972398" lon="120.72183072121138">
    <ele>1426.8428924032132</ele>
    <time>2026-05-09T04:42:47Z</time>
</trkpt><trkpt lat="23.607927204799836" lon="120.72183083881774">
    <ele>1426.8319762813885</ele>
    <time>2026-05-09T04:42:52Z</time>
</trkpt><trkpt lat="23.607927099131437" lon="120.72183083748318">
    <ele>1426.8020762811398</ele>
    <time>2026-05-09T04:42:58Z</time>
</trkpt><trkpt lat="23.607927053343875" lon="120.72183080729612">
    <ele>1426.7858309694875</ele>
    <time>2026-05-09T04:43:04Z</time>
</trkpt><trkpt lat="23.60793829455322" lon="120.72183143844563">
    <ele>1425.2215083113144</ele>
    <time>2026-05-09T04:43:10Z</time>
</trkpt><trkpt lat="23.60795544320513" lon="120.7218224150518">
    <ele>1425.5507645784253</ele>
    <time>2026-05-09T04:43:16Z</time>
</trkpt><trkpt lat="23.60796822216739" lon="120.72182203875282">
    <ele>1425.6872934498392</ele>
    <time>2026-05-09T04:43:22Z</time>
</trkpt><trkpt lat="23.607972867862802" lon="120.72182416780076">
    <ele>1425.9684114019444</ele>
    <time>2026-05-09T04:43:28Z</time>
</trkpt><trkpt lat="23.607971000061507" lon="120.72182976959505">
    <ele>1425.857215051332</ele>
    <time>2026-05-09T04:43:34Z</time>
</trkpt><trkpt lat="23.607933812702527" lon="120.7218779486297">
    <ele>1424.1129429439875</ele>
    <time>2026-05-09T04:43:40Z</time>
</trkpt><trkpt lat="23.607839038582426" lon="120.72199047996257">
    <ele>1420.237489367546</ele>
    <time>2026-05-09T04:43:46Z</time>
</trkpt><trkpt lat="23.607698234461747" lon="120.7220413987485">
    <ele>1418.0899077550098</ele>
    <time>2026-05-09T04:43:52Z</time>
</trkpt><trkpt lat="23.60761478162575" lon="120.72203654073044">
    <ele>1418.0175092552668</ele>
    <time>2026-05-09T04:43:58Z</time>
</trkpt><trkpt lat="23.60754510665142" lon="120.72202234952078">
    <ele>1416.9373687751493</ele>
    <time>2026-05-09T04:44:04Z</time>
</trkpt><trkpt lat="23.607487853222967" lon="120.72200586990748">
    <ele>1413.6976038137448</ele>
    <time>2026-05-09T04:44:10Z</time>
</trkpt><trkpt lat="23.607426287779983" lon="120.72199224572621">
    <ele>1413.0438545674576</ele>
    <time>2026-05-09T04:44:15Z</time>
</trkpt><trkpt lat="23.60734685460662" lon="120.7219727400979">
    <ele>1415.6939105549848</ele>
    <time>2026-05-09T04:44:21Z</time>
</trkpt><trkpt lat="23.607350521580955" lon="120.72187776495099">
    <ele>1416.869809905737</ele>
    <time>2026-05-09T04:44:27Z</time>
</trkpt><trkpt lat="23.60742207300115" lon="120.72185334969787">
    <ele>1418.8761314485619</ele>
    <time>2026-05-09T04:44:33Z</time>
</trkpt><trkpt lat="23.607513413309714" lon="120.72184921159075">
    <ele>1420.105298646788</ele>
    <time>2026-05-09T04:44:39Z</time>
</trkpt><trkpt lat="23.607581249499194" lon="120.72184424091111">
    <ele>1415.1393713203818</ele>
    <time>2026-05-09T04:44:45Z</time>
</trkpt><trkpt lat="23.607629518225334" lon="120.72183046786822">
    <ele>1409.173183586442</ele>
    <time>2026-05-09T04:44:51Z</time>
</trkpt><trkpt lat="23.607679602815498" lon="120.7217937895322">
    <ele>1406.4420384031496</ele>
    <time>2026-05-09T04:44:56Z</time>
</trkpt><trkpt lat="23.607718114944213" lon="120.72173836174962">
    <ele>1407.0263471944218</ele>
    <time>2026-05-09T04:45:01Z</time>
</trkpt><trkpt lat="23.60775440759543" lon="120.72165295288097">
    <ele>1411.9944269117552</ele>
    <time>2026-05-09T04:45:07Z</time>
</trkpt><trkpt lat="23.607771520383967" lon="120.72156914494688">
    <ele>1413.1311229797989</ele>
    <time>2026-05-09T04:45:13Z</time>
</trkpt><trkpt lat="23.607776399481825" lon="120.72147674066859">
    <ele>1409.422809643493</ele>
    <time>2026-05-09T04:45:19Z</time>
</trkpt><trkpt lat="23.607778603739646" lon="120.72141551559898">
    <ele>1405.8111625539016</ele>
    <time>2026-05-09T04:45:25Z</time>
</trkpt><trkpt lat="23.607794437072783" lon="120.72140284560717">
    <ele>1405.9101914147966</ele>
    <time>2026-05-09T04:45:31Z</time>
</trkpt><trkpt lat="23.607808072231926" lon="120.7213342394888">
    <ele>1404.770500424491</ele>
    <time>2026-05-09T04:45:37Z</time>
</trkpt><trkpt lat="23.607849782910954" lon="120.72126951703827">
    <ele>1400.2746987768392</ele>
    <time>2026-05-09T04:45:43Z</time>
</trkpt><trkpt lat="23.60789474402246" lon="120.72121256645113">
    <ele>1398.2782407192628</ele>
    <time>2026-05-09T04:45:49Z</time>
</trkpt><trkpt lat="23.607917537670055" lon="120.7211640536002">
    <ele>1397.694180980552</ele>
    <time>2026-05-09T04:45:55Z</time>
</trkpt><trkpt lat="23.60791857903272" lon="120.7211655757165">
    <ele>1398.8547363484613</ele>
    <time>2026-05-09T04:46:01Z</time>
</trkpt><trkpt lat="23.60791545400744" lon="120.72118040239094">
    <ele>1398.2233252550654</ele>
    <time>2026-05-09T04:46:07Z</time>
</trkpt><trkpt lat="23.607913763062193" lon="120.72118627905239">
    <ele>1397.8911393474136</ele>
    <time>2026-05-09T04:46:13Z</time>
</trkpt><trkpt lat="23.6079092792233" lon="120.72118814895525">
    <ele>1396.8839648245364</ele>
    <time>2026-05-09T04:46:19Z</time>
</trkpt><trkpt lat="23.607925308538494" lon="120.72107533158774">
    <ele>1394.6706491349596</ele>
    <time>2026-05-09T04:46:25Z</time>
</trkpt><trkpt lat="23.60797265190875" lon="120.72091842837321">
    <ele>1390.772843570499</ele>
    <time>2026-05-09T04:46:31Z</time>
</trkpt><trkpt lat="23.608080491902545" lon="120.72079674372655">
    <ele>1387.6521872791798</ele>
    <time>2026-05-09T04:46:37Z</time>
</trkpt><trkpt lat="23.60819505422389" lon="120.72073504894865">
    <ele>1385.6517088881603</ele>
    <time>2026-05-09T04:46:43Z</time>
</trkpt><trkpt lat="23.60828978842165" lon="120.72070293612143">
    <ele>1389.3800651544984</ele>
    <time>2026-05-09T04:46:49Z</time>
</trkpt><trkpt lat="23.608349545642035" lon="120.72067230298963">
    <ele>1391.7885043962308</ele>
    <time>2026-05-09T04:46:54Z</time>
</trkpt><trkpt lat="23.608391425345413" lon="120.72063140225009">
    <ele>1393.82643227888</ele>
    <time>2026-05-09T04:47:00Z</time>
</trkpt><trkpt lat="23.608403304238504" lon="120.7206012441469">
    <ele>1397.4920753727379</ele>
    <time>2026-05-09T04:47:06Z</time>
</trkpt><trkpt lat="23.60840001149658" lon="120.72055161104342">
    <ele>1399.3784321457463</ele>
    <time>2026-05-09T04:47:12Z</time>
</trkpt><trkpt lat="23.608410488339054" lon="120.72049579839401">
    <ele>1399.7221281736938</ele>
    <time>2026-05-09T04:47:18Z</time>
</trkpt><trkpt lat="23.608421161179432" lon="120.72040086134369">
    <ele>1399.236770139956</ele>
    <time>2026-05-09T04:47:24Z</time>
</trkpt><trkpt lat="23.60836314171528" lon="120.7203660537595">
    <ele>1400.0706366160064</ele>
    <time>2026-05-09T04:47:30Z</time>
</trkpt><trkpt lat="23.608261779546236" lon="120.72035623934084">
    <ele>1398.5285414217603</ele>
    <time>2026-05-09T04:47:36Z</time>
</trkpt><trkpt lat="23.608192793412567" lon="120.72032349305087">
    <ele>1396.8522768925159</ele>
    <time>2026-05-09T04:47:42Z</time>
</trkpt><trkpt lat="23.608175972059854" lon="120.72029445933819">
    <ele>1393.5192263078543</ele>
    <time>2026-05-09T04:47:48Z</time>
</trkpt><trkpt lat="23.608187654401227" lon="120.72029575400937">
    <ele>1388.2575878794987</ele>
    <time>2026-05-09T04:47:54Z</time>
</trkpt><trkpt lat="23.608185072132503" lon="120.72024655533458">
    <ele>1380.096517980692</ele>
    <time>2026-05-09T04:48:00Z</time>
</trkpt><trkpt lat="23.608173630209258" lon="120.72018465948193">
    <ele>1372.303856956139</ele>
    <time>2026-05-09T04:48:06Z</time>
</trkpt><trkpt lat="23.60815845363783" lon="120.7201065232453">
    <ele>1363.5106272067362</ele>
    <time>2026-05-09T04:48:12Z</time>
</trkpt><trkpt lat="23.60814854433799" lon="120.72003936051784">
    <ele>1359.4379974219444</ele>
    <time>2026-05-09T04:48:18Z</time>
</trkpt><trkpt lat="23.608145166782435" lon="120.72000167741658">
    <ele>1358.6910285878544</ele>
    <time>2026-05-09T04:48:24Z</time>
</trkpt><trkpt lat="23.608146403509814" lon="120.71994802203099">
    <ele>1357.9225627990797</ele>
    <time>2026-05-09T04:48:30Z</time>
</trkpt><trkpt lat="23.60816950872046" lon="120.71987163750234">
    <ele>1355.3972693789133</ele>
    <time>2026-05-09T04:48:36Z</time>
</trkpt><trkpt lat="23.60820858976697" lon="120.71981537455277">
    <ele>1353.8157391147247</ele>
    <time>2026-05-09T04:48:42Z</time>
</trkpt><trkpt lat="23.608224871446765" lon="120.71980075523491">
    <ele>1354.0577148755015</ele>
    <time>2026-05-09T04:48:48Z</time>
</trkpt><trkpt lat="23.60822382990031" lon="120.7198125576139">
    <ele>1354.1998940672534</ele>
    <time>2026-05-09T04:48:54Z</time>
</trkpt><trkpt lat="23.60822240781621" lon="120.71982173090055">
    <ele>1353.8639431534862</ele>
    <time>2026-05-09T04:48:59Z</time>
</trkpt><trkpt lat="23.60821665022371" lon="120.71981788382118">
    <ele>1352.3139844269376</ele>
    <time>2026-05-09T04:49:05Z</time>
</trkpt><trkpt lat="23.60821499560205" lon="120.71981485170892">
    <ele>1351.4467404798293</ele>
    <time>2026-05-09T04:49:11Z</time>
</trkpt><trkpt lat="23.608212178615613" lon="120.71981678455981">
    <ele>1351.1963306190657</ele>
    <time>2026-05-09T04:49:17Z</time>
</trkpt><trkpt lat="23.60821201350497" lon="120.7198173733326">
    <ele>1351.5743363198617</ele>
    <time>2026-05-09T04:49:23Z</time>
</trkpt><trkpt lat="23.608209698604156" lon="120.71981984297487">
    <ele>1350.938240246417</ele>
    <time>2026-05-09T04:49:29Z</time>
</trkpt><trkpt lat="23.60822948558769" lon="120.7198440430682">
    <ele>1351.5563929982172</ele>
    <time>2026-05-09T04:49:35Z</time>
</trkpt><trkpt lat="23.60823586085785" lon="120.71985735823604">
    <ele>1352.807275258956</ele>
    <time>2026-05-09T04:49:41Z</time>
</trkpt><trkpt lat="23.60823999510933" lon="120.7198655654554">
    <ele>1352.7117799239345</ele>
    <time>2026-05-09T04:49:47Z</time>
</trkpt><trkpt lat="23.60825620810538" lon="120.71983731065563">
    <ele>1352.645476233209</ele>
    <time>2026-05-09T04:49:53Z</time>
</trkpt><trkpt lat="23.608326776102974" lon="120.71976638430198">
    <ele>1353.225504650482</ele>
    <time>2026-05-09T04:49:59Z</time>
</trkpt><trkpt lat="23.60843727913312" lon="120.71967119390956">
    <ele>1354.8449766796375</ele>
    <time>2026-05-09T04:50:05Z</time>
</trkpt><trkpt lat="23.608534947918056" lon="120.71961414099883">
    <ele>1354.9679923493843</ele>
    <time>2026-05-09T04:50:11Z</time>
</trkpt><trkpt lat="23.608613192920753" lon="120.71957804226291">
    <ele>1350.3201602101303</ele>
    <time>2026-05-09T04:50:17Z</time>
</trkpt><trkpt lat="23.60869105760666" lon="120.71955121490844">
    <ele>1348.683412136736</ele>
    <time>2026-05-09T04:50:23Z</time>
</trkpt><trkpt lat="23.608758565054778" lon="120.71953394618811">
    <ele>1349.3773376282338</ele>
    <time>2026-05-09T04:50:29Z</time>
</trkpt><trkpt lat="23.60883764318343" lon="120.71954873195243">
    <ele>1347.7852247855844</ele>
    <time>2026-05-09T04:50:35Z</time>
</trkpt><trkpt lat="23.608914213006727" lon="120.71955018307388">
    <ele>1345.4623791040888</ele>
    <time>2026-05-09T04:50:40Z</time>
</trkpt><trkpt lat="23.60899013037311" lon="120.71953572285278">
    <ele>1344.206934888869</ele>
    <time>2026-05-09T04:50:46Z</time>
</trkpt><trkpt lat="23.6090548173666" lon="120.71951953606344">
    <ele>1342.4198536531435</ele>
    <time>2026-05-09T04:50:52Z</time>
</trkpt><trkpt lat="23.609116834088233" lon="120.7195067319357">
    <ele>1342.0167870771081</ele>
    <time>2026-05-09T04:50:58Z</time>
</trkpt><trkpt lat="23.609173136529698" lon="120.71950129968049">
    <ele>1341.053176290749</ele>
    <time>2026-05-09T04:51:04Z</time>
</trkpt><trkpt lat="23.60924787111402" lon="120.71950972331553">
    <ele>1338.3091061397854</ele>
    <time>2026-05-09T04:51:10Z</time>
</trkpt><trkpt lat="23.609304385138106" lon="120.71953551535051">
    <ele>1337.4158701759413</ele>
    <time>2026-05-09T04:51:16Z</time>
</trkpt><trkpt lat="23.609354994695995" lon="120.7195761836553">
    <ele>1332.9678086779984</ele>
    <time>2026-05-09T04:51:22Z</time>
</trkpt><trkpt lat="23.60938977572921" lon="120.71961041524627">
    <ele>1332.0654795555233</ele>
    <time>2026-05-09T04:51:28Z</time>
</trkpt><trkpt lat="23.609419606303582" lon="120.71964031342712">
    <ele>1331.6702281165162</ele>
    <time>2026-05-09T04:51:33Z</time>
</trkpt><trkpt lat="23.609457667935125" lon="120.71967094818706">
    <ele>1336.1585460499357</ele>
    <time>2026-05-09T04:51:39Z</time>
</trkpt><trkpt lat="23.609531290326533" lon="120.71969045229393">
    <ele>1339.676585314012</ele>
    <time>2026-05-09T04:51:45Z</time>
</trkpt><trkpt lat="23.609596125696907" lon="120.7196847118509">
    <ele>1337.968934523059</ele>
    <time>2026-05-09T04:51:51Z</time>
</trkpt><trkpt lat="23.609660508856138" lon="120.71967750378579">
    <ele>1336.4351314450607</ele>
    <time>2026-05-09T04:51:57Z</time>
</trkpt><trkpt lat="23.609723827639026" lon="120.71967450815104">
    <ele>1335.98910658503</ele>
    <time>2026-05-09T04:52:03Z</time>
</trkpt><trkpt lat="23.609777406093592" lon="120.71967394912822">
    <ele>1335.8067018572085</ele>
    <time>2026-05-09T04:52:09Z</time>
</trkpt><trkpt lat="23.609842636217287" lon="120.71967043067501">
    <ele>1335.8710576760648</ele>
    <time>2026-05-09T04:52:15Z</time>
</trkpt><trkpt lat="23.609904740771135" lon="120.71966168226389">
    <ele>1335.0830734547835</ele>
    <time>2026-05-09T04:52:21Z</time>
</trkpt><trkpt lat="23.609953871842137" lon="120.71964601159155">
    <ele>1332.0308594661717</ele>
    <time>2026-05-09T04:52:27Z</time>
</trkpt><trkpt lat="23.60997843665222" lon="120.71961011455764">
    <ele>1328.401467999954</ele>
    <time>2026-05-09T04:52:33Z</time>
</trkpt><trkpt lat="23.609982719000215" lon="120.71958532417587">
    <ele>1325.654245455725</ele>
    <time>2026-05-09T04:52:39Z</time>
</trkpt><trkpt lat="23.609966596883194" lon="120.71954625773878">
    <ele>1321.3205967445979</ele>
    <time>2026-05-09T04:52:45Z</time>
</trkpt><trkpt lat="23.60994588866192" lon="120.71951790653488">
    <ele>1319.6409136149014</ele>
    <time>2026-05-09T04:52:51Z</time>
</trkpt><trkpt lat="23.609916474561835" lon="120.71949755043723">
    <ele>1319.104599057133</ele>
    <time>2026-05-09T04:52:57Z</time>
</trkpt><trkpt lat="23.609865086689442" lon="120.7194879897328">
    <ele>1317.2278294552236</ele>
    <time>2026-05-09T04:53:03Z</time>
</trkpt><trkpt lat="23.60980949945124" lon="120.71948863344433">
    <ele>1315.7270481472062</ele>
    <time>2026-05-09T04:53:10Z</time>
</trkpt><trkpt lat="23.60975517478644" lon="120.71948973093265">
    <ele>1316.4750257069738</ele>
    <time>2026-05-09T04:53:15Z</time>
</trkpt><trkpt lat="23.609699888196538" lon="120.71948304292351">
    <ele>1317.3418629093146</ele>
    <time>2026-05-09T04:53:20Z</time>
</trkpt><trkpt lat="23.60963439328023" lon="120.71946813832126">
    <ele>1318.8835787272853</ele>
    <time>2026-05-09T04:53:26Z</time>
</trkpt><trkpt lat="23.609566031904375" lon="120.71943264005453">
    <ele>1319.8716791150853</ele>
    <time>2026-05-09T04:53:32Z</time>
</trkpt><trkpt lat="23.60951569108624" lon="120.719360621364">
    <ele>1320.685746367735</ele>
    <time>2026-05-09T04:53:38Z</time>
</trkpt><trkpt lat="23.609491937791713" lon="120.71927635554758">
    <ele>1319.0509468531482</ele>
    <time>2026-05-09T04:53:43Z</time>
</trkpt><trkpt lat="23.609474827717328" lon="120.71918042412786">
    <ele>1318.7717521330705</ele>
    <time>2026-05-09T04:53:49Z</time>
</trkpt><trkpt lat="23.609460109654854" lon="120.71911649345354">
    <ele>1315.6951645796469</ele>
    <time>2026-05-09T04:53:55Z</time>
</trkpt><trkpt lat="23.609446188783174" lon="120.71907909303629">
    <ele>1314.9380240715998</ele>
    <time>2026-05-09T04:54:01Z</time>
</trkpt><trkpt lat="23.609435621049073" lon="120.71903804218813">
    <ele>1314.8140803578062</ele>
    <time>2026-05-09T04:54:07Z</time>
</trkpt><trkpt lat="23.60940247400307" lon="120.71901929165917">
    <ele>1315.2564025436136</ele>
    <time>2026-05-09T04:54:13Z</time>
</trkpt><trkpt lat="23.609367738516326" lon="120.71900041134528">
    <ele>1313.2089072916797</ele>
    <time>2026-05-09T04:54:19Z</time>
</trkpt><trkpt lat="23.609324113792947" lon="120.71897834860168">
    <ele>1310.3605557077965</ele>
    <time>2026-05-09T04:54:25Z</time>
</trkpt><trkpt lat="23.60928162661894" lon="120.71896016517985">
    <ele>1307.538378019499</ele>
    <time>2026-05-09T04:54:31Z</time>
</trkpt><trkpt lat="23.609231806993467" lon="120.71894000113585">
    <ele>1306.7581941295266</ele>
    <time>2026-05-09T04:54:37Z</time>
</trkpt><trkpt lat="23.60916770269539" lon="120.71891022675183">
    <ele>1305.9907090681538</ele>
    <time>2026-05-09T04:54:43Z</time>
</trkpt><trkpt lat="23.609115138514163" lon="120.71888238860494">
    <ele>1304.6818107802962</ele>
    <time>2026-05-09T04:54:49Z</time>
</trkpt><trkpt lat="23.609082331586816" lon="120.7188637735277">
    <ele>1301.5485551107706</ele>
    <time>2026-05-09T04:54:55Z</time>
</trkpt><trkpt lat="23.609044466243276" lon="120.71884226550658">
    <ele>1300.140574750571</ele>
    <time>2026-05-09T04:55:01Z</time>
</trkpt><trkpt lat="23.609013290629683" lon="120.71882474837703">
    <ele>1299.8647057929504</ele>
    <time>2026-05-09T04:55:07Z</time>
</trkpt><trkpt lat="23.609011877609547" lon="120.71882396036396">
    <ele>1301.2037980685232</ele>
    <time>2026-05-09T04:55:13Z</time>
</trkpt><trkpt lat="23.608995762663167" lon="120.71881499912668">
    <ele>1301.5958588763938</ele>
    <time>2026-05-09T04:55:19Z</time>
</trkpt><trkpt lat="23.608957378011116" lon="120.7187942101398">
    <ele>1301.5648537769478</ele>
    <time>2026-05-09T04:55:25Z</time>
</trkpt><trkpt lat="23.60890454285368" lon="120.71876802299037">
    <ele>1302.9222633034158</ele>
    <time>2026-05-09T04:55:31Z</time>
</trkpt><trkpt lat="23.60885077770796" lon="120.71874569005989">
    <ele>1301.8745773633777</ele>
    <time>2026-05-09T04:55:37Z</time>
</trkpt><trkpt lat="23.608805784930855" lon="120.71873380214886">
    <ele>1300.6098624344324</ele>
    <time>2026-05-09T04:55:43Z</time>
</trkpt><trkpt lat="23.608760445057207" lon="120.71872986407712">
    <ele>1299.8588656949964</ele>
    <time>2026-05-09T04:55:48Z</time>
</trkpt><trkpt lat="23.60872193684649" lon="120.71873596759995">
    <ele>1299.2820123909235</ele>
    <time>2026-05-09T04:55:54Z</time>
</trkpt><trkpt lat="23.608686699532655" lon="120.71874604762688">
    <ele>1298.6934829899233</ele>
    <time>2026-05-09T04:56:00Z</time>
</trkpt><trkpt lat="23.608654900801543" lon="120.71876160021958">
    <ele>1298.9229196685585</ele>
    <time>2026-05-09T04:56:06Z</time>
</trkpt><trkpt lat="23.608611176198085" lon="120.71876940750862">
    <ele>1300.979288128604</ele>
    <time>2026-05-09T04:56:12Z</time>
</trkpt><trkpt lat="23.608572301056743" lon="120.71877875171326">
    <ele>1301.1147114729897</ele>
    <time>2026-05-09T04:56:18Z</time>
</trkpt><trkpt lat="23.60853108060325" lon="120.71879219219518">
    <ele>1297.8510763264853</ele>
    <time>2026-05-09T04:56:24Z</time>
</trkpt><trkpt lat="23.608488112538865" lon="120.71880724839042">
    <ele>1297.0280145240376</ele>
    <time>2026-05-09T04:56:30Z</time>
</trkpt><trkpt lat="23.608444701132097" lon="120.71882273372698">
    <ele>1295.8020955611576</ele>
    <time>2026-05-09T04:56:36Z</time>
</trkpt><trkpt lat="23.608398597052997" lon="120.71884081833012">
    <ele>1296.5622243406624</ele>
    <time>2026-05-09T04:56:42Z</time>
</trkpt><trkpt lat="23.608356939013497" lon="120.71885658488777">
    <ele>1297.5040630902797</ele>
    <time>2026-05-09T04:56:48Z</time>
</trkpt><trkpt lat="23.6083051376837" lon="120.71886766789208">
    <ele>1298.7019917782186</ele>
    <time>2026-05-09T04:56:54Z</time>
</trkpt><trkpt lat="23.60826652518369" lon="120.71886775227317">
    <ele>1300.4519981373276</ele>
    <time>2026-05-09T04:57:00Z</time>
</trkpt><trkpt lat="23.6082122347314" lon="120.71887429565987">
    <ele>1297.873965388714</ele>
    <time>2026-05-09T04:57:06Z</time>
</trkpt><trkpt lat="23.608144871240594" lon="120.71887738143046">
    <ele>1297.7618839903905</ele>
    <time>2026-05-09T04:57:12Z</time>
</trkpt><trkpt lat="23.608086314196445" lon="120.71883153120703">
    <ele>1297.2862758691942</ele>
    <time>2026-05-09T04:57:18Z</time>
</trkpt><trkpt lat="23.608059454806536" lon="120.71875421415355">
    <ele>1296.1250320842182</ele>
    <time>2026-05-09T04:57:24Z</time>
</trkpt><trkpt lat="23.608058623292482" lon="120.71866869036498">
    <ele>1294.3088073729825</ele>
    <time>2026-05-09T04:57:30Z</time>
</trkpt><trkpt lat="23.608079220905438" lon="120.71859732009582">
    <ele>1294.1037861353643</ele>
    <time>2026-05-09T04:57:35Z</time>
</trkpt><trkpt lat="23.608116652687688" lon="120.71852449122437">
    <ele>1294.6240878827143</ele>
    <time>2026-05-09T04:57:41Z</time>
</trkpt><trkpt lat="23.60815028049336" lon="120.71847453904469">
    <ele>1292.949982462108</ele>
    <time>2026-05-09T04:57:46Z</time>
</trkpt><trkpt lat="23.608178109881354" lon="120.71843432293103">
    <ele>1289.9901843041152</ele>
    <time>2026-05-09T04:57:52Z</time>
</trkpt><trkpt lat="23.608201686059974" lon="120.71838590585666">
    <ele>1287.8001403037497</ele>
    <time>2026-05-09T04:57:58Z</time>
</trkpt><trkpt lat="23.608229986614116" lon="120.71835146979365">
    <ele>1285.1463156930017</ele>
    <time>2026-05-09T04:58:04Z</time>
</trkpt><trkpt lat="23.60825162886438" lon="120.71832231789362">
    <ele>1282.3073172062748</ele>
    <time>2026-05-09T04:58:10Z</time>
</trkpt><trkpt lat="23.608274969889724" lon="120.71828464824088">
    <ele>1278.5723553555429</ele>
    <time>2026-05-09T04:58:16Z</time>
</trkpt><trkpt lat="23.608296279721593" lon="120.71824198069038">
    <ele>1274.4199609686593</ele>
    <time>2026-05-09T04:58:22Z</time>
</trkpt><trkpt lat="23.608314731362814" lon="120.71819730276776">
    <ele>1272.923178184959</ele>
    <time>2026-05-09T04:58:28Z</time>
</trkpt><trkpt lat="23.60833153832263" lon="120.71814512557252">
    <ele>1275.667147130477</ele>
    <time>2026-05-09T04:58:34Z</time>
</trkpt><trkpt lat="23.608343133380146" lon="120.71809944762657">
    <ele>1275.697498679355</ele>
    <time>2026-05-09T04:58:40Z</time>
</trkpt><trkpt lat="23.60834716594951" lon="120.71808170126357">
    <ele>1274.3668052329958</ele>
    <time>2026-05-09T04:58:46Z</time>
</trkpt><trkpt lat="23.608348089101163" lon="120.71807728467489">
    <ele>1271.5525709474512</ele>
    <time>2026-05-09T04:58:52Z</time>
</trkpt><trkpt lat="23.608354266493716" lon="120.71805553275586">
    <ele>1268.3307485810194</ele>
    <time>2026-05-09T04:58:58Z</time>
</trkpt><trkpt lat="23.608366083214833" lon="120.7180144619809">
    <ele>1267.0961423169463</ele>
    <time>2026-05-09T04:59:04Z</time>
</trkpt><trkpt lat="23.60837669482603" lon="120.71797721671099">
    <ele>1262.9277239189148</ele>
    <time>2026-05-09T04:59:10Z</time>
</trkpt><trkpt lat="23.60838766726103" lon="120.71793500897937">
    <ele>1261.1606949347213</ele>
    <time>2026-05-09T04:59:16Z</time>
</trkpt><trkpt lat="23.608398802069356" lon="120.7178945676954">
    <ele>1260.53346079152</ele>
    <time>2026-05-09T04:59:22Z</time>
</trkpt><trkpt lat="23.608410867682828" lon="120.71785205378882">
    <ele>1260.5552961365004</ele>
    <time>2026-05-09T04:59:28Z</time>
</trkpt><trkpt lat="23.608421931595416" lon="120.71781326522128">
    <ele>1260.2878956103118</ele>
    <time>2026-05-09T04:59:33Z</time>
</trkpt><trkpt lat="23.608435852857518" lon="120.71776720284451">
    <ele>1259.6063261614972</ele>
    <time>2026-05-09T04:59:38Z</time>
</trkpt><trkpt lat="23.608451491740983" lon="120.71772401570018">
    <ele>1260.350582905587</ele>
    <time>2026-05-09T04:59:43Z</time>
</trkpt><trkpt lat="23.608468372246865" lon="120.71767893811479">
    <ele>1260.8981520348239</ele>
    <time>2026-05-09T04:59:49Z</time>
</trkpt><trkpt lat="23.608486191116835" lon="120.71762998674924">
    <ele>1259.3644880401562</ele>
    <time>2026-05-09T04:59:55Z</time>
</trkpt><trkpt lat="23.6085020002696" lon="120.71758160234457">
    <ele>1256.6858829227822</ele>
    <time>2026-05-09T05:00:01Z</time>
</trkpt><trkpt lat="23.60851547095436" lon="120.7175337913447">
    <ele>1254.4396282793602</ele>
    <time>2026-05-09T05:00:07Z</time>
</trkpt><trkpt lat="23.608527667922704" lon="120.71747901205893">
    <ele>1254.073174301931</ele>
    <time>2026-05-09T05:00:12Z</time>
</trkpt><trkpt lat="23.60853761597003" lon="120.71742648293319">
    <ele>1254.7925335067782</ele>
    <time>2026-05-09T05:00:18Z</time>
</trkpt><trkpt lat="23.608545199258113" lon="120.71738035194376">
    <ele>1255.7995188501811</ele>
    <time>2026-05-09T05:00:24Z</time>
</trkpt><trkpt lat="23.608553675437015" lon="120.71732577356325">
    <ele>1255.2052043071155</ele>
    <time>2026-05-09T05:00:30Z</time>
</trkpt><trkpt lat="23.608560904662802" lon="120.71727303594196">
    <ele>1254.9349251967863</ele>
    <time>2026-05-09T05:00:36Z</time>
</trkpt><trkpt lat="23.60856591413925" lon="120.71723223064387">
    <ele>1252.308275341161</ele>
    <time>2026-05-09T05:00:42Z</time>
</trkpt><trkpt lat="23.608571204072458" lon="120.71718912636594">
    <ele>1249.5197883625613</ele>
    <time>2026-05-09T05:00:48Z</time>
</trkpt><trkpt lat="23.608576641798965" lon="120.71714375358384">
    <ele>1250.2134747763735</ele>
    <time>2026-05-09T05:00:54Z</time>
</trkpt><trkpt lat="23.608580403764716" lon="120.7170981287034">
    <ele>1253.8146402146199</ele>
    <time>2026-05-09T05:01:00Z</time>
</trkpt><trkpt lat="23.608583946722838" lon="120.71704762265713">
    <ele>1255.5772729691769</ele>
    <time>2026-05-09T05:01:06Z</time>
</trkpt><trkpt lat="23.608586349900982" lon="120.71700079138309">
    <ele>1254.9317146000772</ele>
    <time>2026-05-09T05:01:12Z</time>
</trkpt><trkpt lat="23.608588186777425" lon="120.71694955878348">
    <ele>1252.6738301418516</ele>
    <time>2026-05-09T05:01:18Z</time>
</trkpt><trkpt lat="23.608588693849335" lon="120.71690144705025">
    <ele>1249.9479514865184</ele>
    <time>2026-05-09T05:01:24Z</time>
</trkpt><trkpt lat="23.608588029982702" lon="120.71684802820049">
    <ele>1249.2882889044931</ele>
    <time>2026-05-09T05:01:30Z</time>
</trkpt><trkpt lat="23.60858703782964" lon="120.7168111002666">
    <ele>1247.3858887014032</ele>
    <time>2026-05-09T05:01:36Z</time>
</trkpt><trkpt lat="23.60858524350413" lon="120.71675648851114">
    <ele>1245.9104406537826</ele>
    <time>2026-05-09T05:01:42Z</time>
</trkpt><trkpt lat="23.608583411070622" lon="120.7167111318438">
    <ele>1245.55499998308</ele>
    <time>2026-05-09T05:01:47Z</time>
</trkpt><trkpt lat="23.60858002619029" lon="120.71666040445658">
    <ele>1244.3314044771234</ele>
    <time>2026-05-09T05:01:53Z</time>
</trkpt><trkpt lat="23.608575778699397" lon="120.71660451282077">
    <ele>1241.598096931139</ele>
    <time>2026-05-09T05:01:59Z</time>
</trkpt><trkpt lat="23.60857079297623" lon="120.71654434363715">
    <ele>1242.0122999569285</ele>
    <time>2026-05-09T05:02:05Z</time>
</trkpt><trkpt lat="23.608567756008565" lon="120.71651114198241">
    <ele>1242.3872653674944</ele>
    <time>2026-05-09T05:02:11Z</time>
</trkpt><trkpt lat="23.608562697836042" lon="120.71645802724271">
    <ele>1242.1102723869024</ele>
    <time>2026-05-09T05:02:17Z</time>
</trkpt><trkpt lat="23.608559061228306" lon="120.71642051078345">
    <ele>1240.8074301478684</ele>
    <time>2026-05-09T05:02:23Z</time>
</trkpt><trkpt lat="23.608551283332385" lon="120.71636745732785">
    <ele>1238.5595299892943</ele>
    <time>2026-05-09T05:02:28Z</time>
</trkpt><trkpt lat="23.60854354521533" lon="120.71631767986906">
    <ele>1236.6664355090882</ele>
    <time>2026-05-09T05:02:34Z</time>
</trkpt><trkpt lat="23.608536982010495" lon="120.71627765158415">
    <ele>1235.3509662684348</ele>
    <time>2026-05-09T05:02:40Z</time>
</trkpt><trkpt lat="23.608528197038595" lon="120.71622430721598">
    <ele>1233.6857074445147</ele>
    <time>2026-05-09T05:02:46Z</time>
</trkpt><trkpt lat="23.60851951422044" lon="120.7161664115678">
    <ele>1234.5916687226847</ele>
    <time>2026-05-09T05:02:52Z</time>
</trkpt><trkpt lat="23.608509226393338" lon="120.71608226412917">
    <ele>1234.8075184602385</ele>
    <time>2026-05-09T05:02:58Z</time>
</trkpt><trkpt lat="23.60850344222785" lon="120.71595651934841">
    <ele>1236.038985296827</ele>
    <time>2026-05-09T05:03:04Z</time>
</trkpt><trkpt lat="23.608552580157177" lon="120.7158685488367">
    <ele>1234.8676684849684</ele>
    <time>2026-05-09T05:03:10Z</time>
</trkpt><trkpt lat="23.60861320387258" lon="120.71584038520157">
    <ele>1234.076301862612</ele>
    <time>2026-05-09T05:03:16Z</time>
</trkpt><trkpt lat="23.608628702096482" lon="120.71584862928052">
    <ele>1233.6774234324084</ele>
    <time>2026-05-09T05:03:22Z</time>
</trkpt><trkpt lat="23.608633384993414" lon="120.71586714684405">
    <ele>1231.3877732304943</ele>
    <time>2026-05-09T05:03:28Z</time>
</trkpt><trkpt lat="23.608650916787486" lon="120.71589474074264">
    <ele>1228.8551773501401</ele>
    <time>2026-05-09T05:03:34Z</time>
</trkpt><trkpt lat="23.608673975719036" lon="120.71592862914129">
    <ele>1226.882532959959</ele>
    <time>2026-05-09T05:03:40Z</time>
</trkpt><trkpt lat="23.60870048814193" lon="120.71596931220483">
    <ele>1225.1699864274558</ele>
    <time>2026-05-09T05:03:46Z</time>
</trkpt><trkpt lat="23.60872099782655" lon="120.71600565356732">
    <ele>1224.7298266310545</ele>
    <time>2026-05-09T05:03:51Z</time>
</trkpt><trkpt lat="23.608742529192625" lon="120.71604750598678">
    <ele>1224.3065901184136</ele>
    <time>2026-05-09T05:03:57Z</time>
</trkpt><trkpt lat="23.608763645180282" lon="120.71608947007775">
    <ele>1225.1498451990308</ele>
    <time>2026-05-09T05:04:03Z</time>
</trkpt><trkpt lat="23.608791175291746" lon="120.71614170427728">
    <ele>1226.6510149482795</ele>
    <time>2026-05-09T05:04:09Z</time>
</trkpt><trkpt lat="23.60882006510504" lon="120.71619355812706">
    <ele>1225.8662317740523</ele>
    <time>2026-05-09T05:04:15Z</time>
</trkpt><trkpt lat="23.608847337823434" lon="120.7162436970557">
    <ele>1225.288502966391</ele>
    <time>2026-05-09T05:04:21Z</time>
</trkpt><trkpt lat="23.608868954063173" lon="120.71629533268914">
    <ele>1224.2427826863363</ele>
    <time>2026-05-09T05:04:27Z</time>
</trkpt><trkpt lat="23.60888349587135" lon="120.71634457862442">
    <ele>1224.224776004272</ele>
    <time>2026-05-09T05:04:33Z</time>
</trkpt><trkpt lat="23.608894217082813" lon="120.71640256461902">
    <ele>1224.9793838183577</ele>
    <time>2026-05-09T05:04:39Z</time>
</trkpt><trkpt lat="23.608901978522006" lon="120.71646089021174">
    <ele>1223.9166339948843</ele>
    <time>2026-05-09T05:04:44Z</time>
</trkpt><trkpt lat="23.608907940125786" lon="120.71651849927859">
    <ele>1220.205593855227</ele>
    <time>2026-05-09T05:04:50Z</time>
</trkpt><trkpt lat="23.608913571763537" lon="120.71657438905491">
    <ele>1217.3562786979965</ele>
    <time>2026-05-09T05:04:56Z</time>
</trkpt><trkpt lat="23.608920867768433" lon="120.71663347667152">
    <ele>1215.3073771026327</ele>
    <time>2026-05-09T05:05:02Z</time>
</trkpt><trkpt lat="23.608930684173323" lon="120.71669908988673">
    <ele>1212.3514944984827</ele>
    <time>2026-05-09T05:05:08Z</time>
</trkpt><trkpt lat="23.608939635692657" lon="120.7167594454565">
    <ele>1213.1947220412228</ele>
    <time>2026-05-09T05:05:14Z</time>
</trkpt><trkpt lat="23.608948592689128" lon="120.7168134571684">
    <ele>1216.0126028331326</ele>
    <time>2026-05-09T05:05:20Z</time>
</trkpt><trkpt lat="23.608977188654325" lon="120.71687066315351">
    <ele>1219.4108158663394</ele>
    <time>2026-05-09T05:05:26Z</time>
</trkpt><trkpt lat="23.6090446629224" lon="120.71691373216967">
    <ele>1219.4473405218628</ele>
    <time>2026-05-09T05:05:32Z</time>
</trkpt><trkpt lat="23.60912370990517" lon="120.71692410966996">
    <ele>1220.2567789797338</ele>
    <time>2026-05-09T05:05:38Z</time>
</trkpt><trkpt lat="23.609172527055566" lon="120.7168973803516">
    <ele>1218.726169589446</ele>
    <time>2026-05-09T05:05:45Z</time>
</trkpt><trkpt lat="23.60920634228079" lon="120.71685497561836">
    <ele>1216.724612948148</ele>
    <time>2026-05-09T05:05:51Z</time>
</trkpt><trkpt lat="23.609234375176985" lon="120.71679620186923">
    <ele>1214.2969392299294</ele>
    <time>2026-05-09T05:05:57Z</time>
</trkpt><trkpt lat="23.60925343745047" lon="120.71672917698362">
    <ele>1215.6134410532914</ele>
    <time>2026-05-09T05:06:03Z</time>
</trkpt><trkpt lat="23.60926760010785" lon="120.71666562992192">
    <ele>1218.1603998087144</ele>
    <time>2026-05-09T05:06:09Z</time>
</trkpt><trkpt lat="23.60928489189375" lon="120.71659637043659">
    <ele>1219.1937632564325</ele>
    <time>2026-05-09T05:06:15Z</time>
</trkpt><trkpt lat="23.60930228162603" lon="120.71653617005273">
    <ele>1220.2912750402525</ele>
    <time>2026-05-09T05:06:21Z</time>
</trkpt><trkpt lat="23.60932753910271" lon="120.71645265760135">
    <ele>1221.6192187656516</ele>
    <time>2026-05-09T05:06:27Z</time>
</trkpt><trkpt lat="23.60934806196868" lon="120.71638486066227">
    <ele>1220.2667691197266</ele>
    <time>2026-05-09T05:06:33Z</time>
</trkpt><trkpt lat="23.609366786814462" lon="120.71632051471903">
    <ele>1219.7490354874258</ele>
    <time>2026-05-09T05:06:39Z</time>
</trkpt><trkpt lat="23.609382627310797" lon="120.71626313151661">
    <ele>1218.4491013468273</ele>
    <time>2026-05-09T05:06:45Z</time>
</trkpt><trkpt lat="23.609394342491537" lon="120.71621820492247">
    <ele>1218.930691365333</ele>
    <time>2026-05-09T05:06:51Z</time>
</trkpt><trkpt lat="23.60941244177695" lon="120.7161536262977">
    <ele>1220.5113143494116</ele>
    <time>2026-05-09T05:06:56Z</time>
</trkpt><trkpt lat="23.609434836831994" lon="120.71609418655441">
    <ele>1220.3078619413855</ele>
    <time>2026-05-09T05:07:02Z</time>
</trkpt><trkpt lat="23.609479403921373" lon="120.71604008693767">
    <ele>1220.4049952740602</ele>
    <time>2026-05-09T05:07:08Z</time>
</trkpt><trkpt lat="23.609537456109177" lon="120.71600935094679">
    <ele>1221.8289389336906</ele>
    <time>2026-05-09T05:07:14Z</time>
</trkpt><trkpt lat="23.609587507882384" lon="120.71600218159095">
    <ele>1222.1269433912719</ele>
    <time>2026-05-09T05:07:20Z</time>
</trkpt><trkpt lat="23.60964149675421" lon="120.7160141511442">
    <ele>1221.5102260218835</ele>
    <time>2026-05-09T05:07:26Z</time>
</trkpt><trkpt lat="23.60969309570994" lon="120.71603900581562">
    <ele>1221.6254269186081</ele>
    <time>2026-05-09T05:07:32Z</time>
</trkpt><trkpt lat="23.609738567206122" lon="120.71608076108079">
    <ele>1221.0022487252543</ele>
    <time>2026-05-09T05:07:38Z</time>
</trkpt><trkpt lat="23.609769186561948" lon="120.7161329724751">
    <ele>1220.123372921416</ele>
    <time>2026-05-09T05:07:44Z</time>
</trkpt><trkpt lat="23.609786433979266" lon="120.71618440737741">
    <ele>1218.8552523770427</ele>
    <time>2026-05-09T05:07:51Z</time>
</trkpt><trkpt lat="23.609799783889716" lon="120.71624494212175">
    <ele>1220.314941199906</ele>
    <time>2026-05-09T05:07:57Z</time>
</trkpt><trkpt lat="23.609808465961134" lon="120.71631222207922">
    <ele>1220.154899367474</ele>
    <time>2026-05-09T05:08:03Z</time>
</trkpt><trkpt lat="23.60980985471043" lon="120.71638309772496">
    <ele>1221.3072711300808</ele>
    <time>2026-05-09T05:08:09Z</time>
</trkpt><trkpt lat="23.609807842313515" lon="120.71646932284621">
    <ele>1223.2996351120885</ele>
    <time>2026-05-09T05:08:15Z</time>
</trkpt><trkpt lat="23.609811228640663" lon="120.71655409209721">
    <ele>1223.077160280153</ele>
    <time>2026-05-09T05:08:21Z</time>
</trkpt><trkpt lat="23.609827565209844" lon="120.71662499754697">
    <ele>1221.137603053651</ele>
    <time>2026-05-09T05:08:27Z</time>
</trkpt><trkpt lat="23.609834511525122" lon="120.7166423182731">
    <ele>1221.6215900706243</ele>
    <time>2026-05-09T05:08:33Z</time>
</trkpt><trkpt lat="23.609839855497672" lon="120.71663770179322">
    <ele>1221.108308720224</ele>
    <time>2026-05-09T05:08:39Z</time>
</trkpt><trkpt lat="23.60984967999044" lon="120.71666982683332">
    <ele>1220.412015076607</ele>
    <time>2026-05-09T05:08:45Z</time>
</trkpt><trkpt lat="23.609882908411162" lon="120.71674650844737">
    <ele>1219.9629745962254</ele>
    <time>2026-05-09T05:08:51Z</time>
</trkpt><trkpt lat="23.60992038388481" lon="120.71683059734768">
    <ele>1219.8039836273858</ele>
    <time>2026-05-09T05:08:57Z</time>
</trkpt><trkpt lat="23.609963412639313" lon="120.71692693752857">
    <ele>1220.597162797932</ele>
    <time>2026-05-09T05:09:03Z</time>
</trkpt><trkpt lat="23.61000096293717" lon="120.71701858776807">
    <ele>1221.1158962275013</ele>
    <time>2026-05-09T05:09:08Z</time>
</trkpt><trkpt lat="23.610034726599167" lon="120.71711349497953">
    <ele>1223.91784476878</ele>
    <time>2026-05-09T05:09:14Z</time>
</trkpt><trkpt lat="23.610057307871063" lon="120.71721004735781">
    <ele>1226.3423591361704</ele>
    <time>2026-05-09T05:09:20Z</time>
</trkpt><trkpt lat="23.610066151159916" lon="120.71729707364265">
    <ele>1228.5824516842556</ele>
    <time>2026-05-09T05:09:26Z</time>
</trkpt><trkpt lat="23.610068852776646" lon="120.71738950379495">
    <ele>1226.9268668538589</ele>
    <time>2026-05-09T05:09:32Z</time>
</trkpt><trkpt lat="23.610066583053147" lon="120.71748812383508">
    <ele>1226.5754310820173</ele>
    <time>2026-05-09T05:09:38Z</time>
</trkpt><trkpt lat="23.610065950180974" lon="120.71758556326091">
    <ele>1226.7389205247182</ele>
    <time>2026-05-09T05:09:44Z</time>
</trkpt><trkpt lat="23.61006672435935" lon="120.71765885224056">
    <ele>1224.9310098392407</ele>
    <time>2026-05-09T05:09:50Z</time>
</trkpt><trkpt lat="23.61007508157866" lon="120.71773647590925">
    <ele>1224.3632458691557</ele>
    <time>2026-05-09T05:09:56Z</time>
</trkpt><trkpt lat="23.61014583791898" lon="120.71782956853161">
    <ele>1227.877156202867</ele>
    <time>2026-05-09T05:10:02Z</time>
</trkpt><trkpt lat="23.610230524535964" lon="120.7178066040516">
    <ele>1229.8226018606633</ele>
    <time>2026-05-09T05:10:08Z</time>
</trkpt><trkpt lat="23.61028378345623" lon="120.7177268446117">
    <ele>1230.831025934953</ele>
    <time>2026-05-09T05:10:14Z</time>
</trkpt><trkpt lat="23.610337712751107" lon="120.71763617044138">
    <ele>1232.0673204570937</ele>
    <time>2026-05-09T05:10:20Z</time>
</trkpt><trkpt lat="23.610411142884548" lon="120.7175773801247">
    <ele>1235.0031271746886</ele>
    <time>2026-05-09T05:10:26Z</time>
</trkpt><trkpt lat="23.610484999889312" lon="120.71756473496616">
    <ele>1236.0595952411702</ele>
    <time>2026-05-09T05:10:32Z</time>
</trkpt><trkpt lat="23.610551726991957" lon="120.71758839345446">
    <ele>1235.2173119677332</ele>
    <time>2026-05-09T05:10:38Z</time>
</trkpt><trkpt lat="23.61061959540372" lon="120.71763040252655">
    <ele>1234.1361178533305</ele>
    <time>2026-05-09T05:10:44Z</time>
</trkpt><trkpt lat="23.610677775727567" lon="120.71768066591012">
    <ele>1234.402089444953</ele>
    <time>2026-05-09T05:10:50Z</time>
</trkpt><trkpt lat="23.61071691279753" lon="120.71775161470283">
    <ele>1232.387770440568</ele>
    <time>2026-05-09T05:10:56Z</time>
</trkpt><trkpt lat="23.61074290449076" lon="120.71784136045163">
    <ele>1231.0850418068744</ele>
    <time>2026-05-09T05:11:02Z</time>
</trkpt><trkpt lat="23.610764237518755" lon="120.71793129786697">
    <ele>1233.6414058776588</ele>
    <time>2026-05-09T05:11:08Z</time>
</trkpt><trkpt lat="23.61078168138477" lon="120.71800602749931">
    <ele>1238.0588081380818</ele>
    <time>2026-05-09T05:11:14Z</time>
</trkpt><trkpt lat="23.610799452750733" lon="120.71808228024982">
    <ele>1238.8017644666318</ele>
    <time>2026-05-09T05:11:19Z</time>
</trkpt><trkpt lat="23.61081616452723" lon="120.71818124181209">
    <ele>1236.8333918059031</ele>
    <time>2026-05-09T05:11:25Z</time>
</trkpt><trkpt lat="23.61082867123542" lon="120.71828761115017">
    <ele>1233.4542756581359</ele>
    <time>2026-05-09T05:11:31Z</time>
</trkpt><trkpt lat="23.610838546369738" lon="120.71839415942311">
    <ele>1232.5912317289828</ele>
    <time>2026-05-09T05:11:37Z</time>
</trkpt><trkpt lat="23.61084743458945" lon="120.71850022756053">
    <ele>1233.58943678275</ele>
    <time>2026-05-09T05:11:43Z</time>
</trkpt><trkpt lat="23.610857356237958" lon="120.71860456544042">
    <ele>1235.4205926221694</ele>
    <time>2026-05-09T05:11:49Z</time>
</trkpt><trkpt lat="23.61086721572439" lon="120.7187024025022">
    <ele>1237.3935458197327</ele>
    <time>2026-05-09T05:11:55Z</time>
</trkpt><trkpt lat="23.610877868029867" lon="120.71879773637933">
    <ele>1238.3651498890608</ele>
    <time>2026-05-09T05:12:02Z</time>
</trkpt><trkpt lat="23.610892006764672" lon="120.7188901349423">
    <ele>1239.2226179518693</ele>
    <time>2026-05-09T05:12:08Z</time>
</trkpt><trkpt lat="23.610910725039634" lon="120.71897858203926">
    <ele>1242.5353718006816</ele>
    <time>2026-05-09T05:12:14Z</time>
</trkpt><trkpt lat="23.61093481050353" lon="120.71906231566423">
    <ele>1244.08331132185</ele>
    <time>2026-05-09T05:12:20Z</time>
</trkpt><trkpt lat="23.610975216208086" lon="120.7191413617232">
    <ele>1248.326157856696</ele>
    <time>2026-05-09T05:12:26Z</time>
</trkpt><trkpt lat="23.61105569550792" lon="120.71919604262224">
    <ele>1252.7804437973919</ele>
    <time>2026-05-09T05:12:32Z</time>
</trkpt><trkpt lat="23.611128314156478" lon="120.719173151781">
    <ele>1253.8451139389736</ele>
    <time>2026-05-09T05:12:38Z</time>
</trkpt><trkpt lat="23.611173501715612" lon="120.719112116978">
    <ele>1254.1225902172469</ele>
    <time>2026-05-09T05:12:44Z</time>
</trkpt><trkpt lat="23.611215906582604" lon="120.71903542231186">
    <ele>1252.6240394130139</ele>
    <time>2026-05-09T05:12:50Z</time>
</trkpt><trkpt lat="23.611272183888307" lon="120.71895635930753">
    <ele>1253.0689755465762</ele>
    <time>2026-05-09T05:12:56Z</time>
</trkpt><trkpt lat="23.611351304292764" lon="120.718912986583">
    <ele>1254.718835598086</ele>
    <time>2026-05-09T05:13:02Z</time>
</trkpt><trkpt lat="23.611430230673992" lon="120.71892365915939">
    <ele>1255.1503035795567</ele>
    <time>2026-05-09T05:13:07Z</time>
</trkpt><trkpt lat="23.6115054729602" lon="120.71895649918395">
    <ele>1253.7109254503089</ele>
    <time>2026-05-09T05:13:13Z</time>
</trkpt><trkpt lat="23.611570919400968" lon="120.71899374861886">
    <ele>1252.4192680259598</ele>
    <time>2026-05-09T05:13:19Z</time>
</trkpt><trkpt lat="23.61165127614177" lon="120.71904075178848">
    <ele>1252.2262163877938</ele>
    <time>2026-05-09T05:13:25Z</time>
</trkpt><trkpt lat="23.611729798360262" lon="120.71906435004503">
    <ele>1251.4215629961107</ele>
    <time>2026-05-09T05:13:31Z</time>
</trkpt><trkpt lat="23.61179889713302" lon="120.71907356883273">
    <ele>1254.709429199988</ele>
    <time>2026-05-09T05:13:37Z</time>
</trkpt><trkpt lat="23.6118529465039" lon="120.71907897689064">
    <ele>1255.857409698924</ele>
    <time>2026-05-09T05:13:43Z</time>
</trkpt><trkpt lat="23.611912686433637" lon="120.71908921564088">
    <ele>1257.172089296499</ele>
    <time>2026-05-09T05:13:49Z</time>
</trkpt><trkpt lat="23.611967281999213" lon="120.71910435198463">
    <ele>1255.2419067846442</ele>
    <time>2026-05-09T05:13:55Z</time>
</trkpt><trkpt lat="23.61202866058876" lon="120.71913497552461">
    <ele>1255.8141242039214</ele>
    <time>2026-05-09T05:14:01Z</time>
</trkpt><trkpt lat="23.6120745971001" lon="120.71916487612707">
    <ele>1257.6348910421782</ele>
    <time>2026-05-09T05:14:07Z</time>
</trkpt><trkpt lat="23.612111454576045" lon="120.71919408265192">
    <ele>1258.8877464541995</ele>
    <time>2026-05-09T05:14:12Z</time>
</trkpt><trkpt lat="23.612146387017187" lon="120.71922773907127">
    <ele>1259.1495554044593</ele>
    <time>2026-05-09T05:14:17Z</time>
</trkpt><trkpt lat="23.61217346263189" lon="120.71925674329127">
    <ele>1260.0805055140922</ele>
    <time>2026-05-09T05:14:22Z</time>
</trkpt><trkpt lat="23.612211437676162" lon="120.71930133466451">
    <ele>1259.9161783998422</ele>
    <time>2026-05-09T05:14:28Z</time>
</trkpt><trkpt lat="23.61224992836239" lon="120.71935360222528">
    <ele>1260.3556378932858</ele>
    <time>2026-05-09T05:14:34Z</time>
</trkpt><trkpt lat="23.612282921222857" lon="120.71940739544122">
    <ele>1259.8350672602442</ele>
    <time>2026-05-09T05:14:40Z</time>
</trkpt><trkpt lat="23.612313769130196" lon="120.71946237315964">
    <ele>1261.0392083101997</ele>
    <time>2026-05-09T05:14:46Z</time>
</trkpt><trkpt lat="23.612345671793953" lon="120.71951946438459">
    <ele>1260.4835747985755</ele>
    <time>2026-05-09T05:14:52Z</time>
</trkpt><trkpt lat="23.61237856189275" lon="120.71957719581933">
    <ele>1260.7505227577692</ele>
    <time>2026-05-09T05:14:58Z</time>
</trkpt><trkpt lat="23.612411166885703" lon="120.7196359538376">
    <ele>1262.1465324281469</ele>
    <time>2026-05-09T05:15:04Z</time>
</trkpt><trkpt lat="23.61244236721316" lon="120.71969395536583">
    <ele>1262.4143770182366</ele>
    <time>2026-05-09T05:15:10Z</time>
</trkpt><trkpt lat="23.612470072028724" lon="120.71974636313134">
    <ele>1262.04794565244</ele>
    <time>2026-05-09T05:15:16Z</time>
</trkpt><trkpt lat="23.61250221549846" lon="120.7198072536896">
    <ele>1262.7178170953991</ele>
    <time>2026-05-09T05:15:22Z</time>
</trkpt><trkpt lat="23.612534551328995" lon="120.71986439883793">
    <ele>1263.9096066385393</ele>
    <time>2026-05-09T05:15:28Z</time>
</trkpt><trkpt lat="23.61256837577555" lon="120.7199182545623">
    <ele>1264.4010575471302</ele>
    <time>2026-05-09T05:15:34Z</time>
</trkpt><trkpt lat="23.612601857608578" lon="120.7199687866609">
    <ele>1264.488386562497</ele>
    <time>2026-05-09T05:15:40Z</time>
</trkpt><trkpt lat="23.612644969438307" lon="120.72003128779518">
    <ele>1264.5555138319248</ele>
    <time>2026-05-09T05:15:45Z</time>
</trkpt><trkpt lat="23.612679237305905" lon="120.72007900161267">
    <ele>1263.8293580815023</ele>
    <time>2026-05-09T05:15:51Z</time>
</trkpt><trkpt lat="23.612717820061846" lon="120.72013266049551">
    <ele>1264.2564773631839</ele>
    <time>2026-05-09T05:15:57Z</time>
</trkpt><trkpt lat="23.612753815281817" lon="120.72018377524371">
    <ele>1267.7088606234313</ele>
    <time>2026-05-09T05:16:03Z</time>
</trkpt><trkpt lat="23.61279283039237" lon="120.7202395220542">
    <ele>1270.130058020958</ele>
    <time>2026-05-09T05:16:09Z</time>
</trkpt><trkpt lat="23.61282272149468" lon="120.72028524321289">
    <ele>1271.0489743779733</ele>
    <time>2026-05-09T05:16:15Z</time>
</trkpt><trkpt lat="23.61285471874541" lon="120.72034021562965">
    <ele>1274.015888806984</ele>
    <time>2026-05-09T05:16:21Z</time>
</trkpt><trkpt lat="23.61288654603577" lon="120.72039692164773">
    <ele>1274.9353359006504</ele>
    <time>2026-05-09T05:16:26Z</time>
</trkpt><trkpt lat="23.612958667844932" lon="120.72044520395166">
    <ele>1273.5424010719776</ele>
    <time>2026-05-09T05:16:32Z</time>
</trkpt><trkpt lat="23.613033252239106" lon="120.72049087157835">
    <ele>1274.3497726818327</ele>
    <time>2026-05-09T05:16:38Z</time>
</trkpt><trkpt lat="23.613097704064053" lon="120.72052917485681">
    <ele>1273.7756612538187</ele>
    <time>2026-05-09T05:16:44Z</time>
</trkpt><trkpt lat="23.613144558504484" lon="120.72055681631443">
    <ele>1274.025833945653</ele>
    <time>2026-05-09T05:16:50Z</time>
</trkpt><trkpt lat="23.613187707313237" lon="120.72057336324477">
    <ele>1273.5812816636958</ele>
    <time>2026-05-09T05:16:56Z</time>
</trkpt><trkpt lat="23.613257046625908" lon="120.72059131527925">
    <ele>1273.4711729777744</ele>
    <time>2026-05-09T05:17:02Z</time>
</trkpt><trkpt lat="23.613320378309684" lon="120.72061273104386">
    <ele>1274.6375025477562</ele>
    <time>2026-05-09T05:17:08Z</time>
</trkpt><trkpt lat="23.613365923762974" lon="120.7206437932638">
    <ele>1274.9505894942636</ele>
    <time>2026-05-09T05:17:14Z</time>
</trkpt><trkpt lat="23.613379024714416" lon="120.72063640315393">
    <ele>1270.9095707922065</ele>
    <time>2026-05-09T05:17:20Z</time>
</trkpt><trkpt lat="23.613399460225782" lon="120.7205859840209">
    <ele>1272.6339927803324</ele>
    <time>2026-05-09T05:17:26Z</time>
</trkpt><trkpt lat="23.6134145242506" lon="120.72055126491018">
    <ele>1274.9563885679306</ele>
    <time>2026-05-09T05:17:32Z</time>
</trkpt><trkpt lat="23.613416283738438" lon="120.72054412320306">
    <ele>1276.2480093014312</ele>
    <time>2026-05-09T05:17:38Z</time>
</trkpt><trkpt lat="23.613414054738367" lon="120.72054601175033">
    <ele>1275.8683496407068</ele>
    <time>2026-05-09T05:17:44Z</time>
</trkpt><trkpt lat="23.613412555285564" lon="120.72054705040466">
    <ele>1275.4406222141406</ele>
    <time>2026-05-09T05:17:49Z</time>
</trkpt><trkpt lat="23.61341096760562" lon="120.72054907461664">
    <ele>1275.3691400987175</ele>
    <time>2026-05-09T05:17:55Z</time>
</trkpt><trkpt lat="23.613410035233652" lon="120.7205504930425">
    <ele>1274.732839201572</ele>
    <time>2026-05-09T05:18:01Z</time>
</trkpt><trkpt lat="23.613411245217293" lon="120.72055060082225">
    <ele>1274.5052109490077</ele>
    <time>2026-05-09T05:18:07Z</time>
</trkpt><trkpt lat="23.613409905041777" lon="120.72054972348909">
    <ele>1275.3828995747874</ele>
    <time>2026-05-09T05:18:13Z</time>
</trkpt><trkpt lat="23.613408790461225" lon="120.72054956918495">
    <ele>1275.8389514094545</ele>
    <time>2026-05-09T05:18:19Z</time>
</trkpt><trkpt lat="23.613404544983354" lon="120.72054776322277">
    <ele>1277.1963151557015</ele>
    <time>2026-05-09T05:18:25Z</time>
</trkpt><trkpt lat="23.613399910119057" lon="120.72052597957185">
    <ele>1278.5633821579363</ele>
    <time>2026-05-09T05:18:31Z</time>
</trkpt><trkpt lat="23.613399563567427" lon="120.7205013837279">
    <ele>1280.218068000343</ele>
    <time>2026-05-09T05:18:37Z</time>
</trkpt><trkpt lat="23.613407504378074" lon="120.72049765019638">
    <ele>1281.0699410249572</ele>
    <time>2026-05-09T05:18:43Z</time>
</trkpt><trkpt lat="23.613416675828628" lon="120.72050819645267">
    <ele>1280.9032985279086</ele>
    <time>2026-05-09T05:18:49Z</time>
</trkpt><trkpt lat="23.613420922849073" lon="120.7205221526756">
    <ele>1279.7303665268446</ele>
    <time>2026-05-09T05:18:55Z</time>
</trkpt><trkpt lat="23.61342193581361" lon="120.72053708819587">
    <ele>1279.9716652418592</ele>
    <time>2026-05-09T05:19:01Z</time>
</trkpt><trkpt lat="23.613422091115773" lon="120.72055556411043">
    <ele>1278.8171516300363</ele>
    <time>2026-05-09T05:19:07Z</time>
</trkpt><trkpt lat="23.613393361082775" lon="120.72054273048303">
    <ele>1278.6894212271861</ele>
    <time>2026-05-09T05:19:13Z</time>
</trkpt><trkpt lat="23.613366712052176" lon="120.72053563138363">
    <ele>1277.5698997462089</ele>
    <time>2026-05-09T05:19:19Z</time>
</trkpt><trkpt lat="23.613353570257967" lon="120.72052729305416">
    <ele>1276.611825422004</ele>
    <time>2026-05-09T05:19:25Z</time>
</trkpt><trkpt lat="23.61335263855759" lon="120.72052544635062">
    <ele>1276.417421686503</ele>
    <time>2026-05-09T05:19:31Z</time>
</trkpt><trkpt lat="23.613354352198325" lon="120.72052591574966">
    <ele>1276.480810419813</ele>
    <time>2026-05-09T05:19:37Z</time>
</trkpt><trkpt lat="23.613373666887792" lon="120.72050913083935">
    <ele>1268.124752795259</ele>
    <time>2026-05-09T05:19:43Z</time>
</trkpt><trkpt lat="23.613398264763486" lon="120.72051337829532">
    <ele>1265.5648178150338</ele>
    <time>2026-05-09T05:19:49Z</time>
</trkpt><trkpt lat="23.613417833532726" lon="120.72053998493902">
    <ele>1260.6894154647478</ele>
    <time>2026-05-09T05:19:54Z</time>
</trkpt><trkpt lat="23.613426318110182" lon="120.72055473806479">
    <ele>1260.059913469106</ele>
    <time>2026-05-09T05:20:00Z</time>
</trkpt><trkpt lat="23.61342903869826" lon="120.72056811153392">
    <ele>1262.3550889889293</ele>
    <time>2026-05-09T05:20:06Z</time>
</trkpt><trkpt lat="23.613429296248402" lon="120.72056982717815">
    <ele>1262.6113670720983</ele>
    <time>2026-05-09T05:20:12Z</time>
</trkpt><trkpt lat="23.61343210465557" lon="120.7205705984267">
    <ele>1262.1722284768944</ele>
    <time>2026-05-09T05:20:18Z</time>
</trkpt><trkpt lat="23.613426694817726" lon="120.72056969345836">
    <ele>1260.8482227757904</ele>
    <time>2026-05-09T05:20:24Z</time>
</trkpt><trkpt lat="23.613424640117678" lon="120.72057409618125">
    <ele>1259.73971509311</ele>
    <time>2026-05-09T05:20:29Z</time>
</trkpt><trkpt lat="23.613421760240275" lon="120.72058091970949">
    <ele>1260.1841464908464</ele>
    <time>2026-05-09T05:20:35Z</time>
</trkpt><trkpt lat="23.613420285699767" lon="120.72058302713414">
    <ele>1259.3979955320224</ele>
    <time>2026-05-09T05:20:41Z</time>
</trkpt><trkpt lat="23.61343095582972" lon="120.72057229760924">
    <ele>1258.0518436038703</ele>
    <time>2026-05-09T05:20:47Z</time>
</trkpt><trkpt lat="23.61343313328963" lon="120.72055975532808">
    <ele>1259.2604733255018</ele>
    <time>2026-05-09T05:20:53Z</time>
</trkpt><trkpt lat="23.61343385984234" lon="120.7205820006357">
    <ele>1263.2251303383528</ele>
    <time>2026-05-09T05:20:59Z</time>
</trkpt><trkpt lat="23.613412413188428" lon="120.72065247981264">
    <ele>1267.8460060264829</ele>
    <time>2026-05-09T05:21:05Z</time>
</trkpt><trkpt lat="23.61340205321031" lon="120.72069507471087">
    <ele>1271.6879373348756</ele>
    <time>2026-05-09T05:21:11Z</time>
</trkpt><trkpt lat="23.613448634408368" lon="120.72074861175669">
    <ele>1273.6052298531358</ele>
    <time>2026-05-09T05:21:17Z</time>
</trkpt><trkpt lat="23.613484759353454" lon="120.7208115525008">
    <ele>1273.7585084563302</ele>
    <time>2026-05-09T05:21:23Z</time>
</trkpt><trkpt lat="23.613492325614995" lon="120.72087278119685">
    <ele>1273.2768077406542</ele>
    <time>2026-05-09T05:21:29Z</time>
</trkpt><trkpt lat="23.613498580325786" lon="120.72087829115395">
    <ele>1269.0891765229376</ele>
    <time>2026-05-09T05:21:35Z</time>
</trkpt><trkpt lat="23.61348798258055" lon="120.72086199235473">
    <ele>1267.7737355642205</ele>
    <time>2026-05-09T05:21:41Z</time>
</trkpt><trkpt lat="23.61347905283263" lon="120.72084214941607">
    <ele>1265.905254372262</ele>
    <time>2026-05-09T05:21:47Z</time>
</trkpt><trkpt lat="23.613474963398588" lon="120.72082891746956">
    <ele>1265.0054803973694</ele>
    <time>2026-05-09T05:21:53Z</time>
</trkpt><trkpt lat="23.613466962114792" lon="120.72082140691128">
    <ele>1265.019859625417</ele>
    <time>2026-05-09T05:21:59Z</time>
</trkpt><trkpt lat="23.613467119673107" lon="120.7208275562266">
    <ele>1264.523812462092</ele>
    <time>2026-05-09T05:22:05Z</time>
</trkpt><trkpt lat="23.613467877197753" lon="120.7208352890684">
    <ele>1264.5830363785485</ele>
    <time>2026-05-09T05:22:10Z</time>
</trkpt><trkpt lat="23.613467509013887" lon="120.72084281149147">
    <ele>1264.769890056468</ele>
    <time>2026-05-09T05:22:16Z</time>
</trkpt><trkpt lat="23.61346689060671" lon="120.72084179641709">
    <ele>1266.4510981456087</ele>
    <time>2026-05-09T05:22:22Z</time>
</trkpt><trkpt lat="23.613460389360334" lon="120.72083908107032">
    <ele>1269.1683302138067</ele>
    <time>2026-05-09T05:22:28Z</time>
</trkpt><trkpt lat="23.613458089486894" lon="120.72083454411255">
    <ele>1270.1228318348094</ele>
    <time>2026-05-09T05:22:34Z</time>
</trkpt><trkpt lat="23.613461886634067" lon="120.72082962588867">
    <ele>1269.0067815960508</ele>
    <time>2026-05-09T05:22:40Z</time>
</trkpt><trkpt lat="23.613461951246293" lon="120.7208252689916">
    <ele>1268.629495667182</ele>
    <time>2026-05-09T05:22:45Z</time>
</trkpt><trkpt lat="23.61346010288196" lon="120.72082235592649">
    <ele>1270.2009054750906</ele>
    <time>2026-05-09T05:22:51Z</time>
</trkpt><trkpt lat="23.613466898740267" lon="120.72084555554726">
    <ele>1269.2055028016428</ele>
    <time>2026-05-09T05:22:57Z</time>
</trkpt><trkpt lat="23.613495654668306" lon="120.7208166739508">
    <ele>1270.0599003566922</ele>
    <time>2026-05-09T05:23:03Z</time>
</trkpt><trkpt lat="23.61351676860152" lon="120.72076151087683">
    <ele>1271.7541017454862</ele>
    <time>2026-05-09T05:23:09Z</time>
</trkpt><trkpt lat="23.61352214352701" lon="120.72072933504282">
    <ele>1272.2157603245846</ele>
    <time>2026-05-09T05:23:15Z</time>
</trkpt><trkpt lat="23.613521852119085" lon="120.72072405607533">
    <ele>1271.3506030959745</ele>
    <time>2026-05-09T05:23:21Z</time>
</trkpt><trkpt lat="23.613518953918472" lon="120.72072665276028">
    <ele>1271.378056227991</ele>
    <time>2026-05-09T05:23:27Z</time>
</trkpt><trkpt lat="23.613508706024025" lon="120.7207322216942">
    <ele>1272.9225471907405</ele>
    <time>2026-05-09T05:23:33Z</time>
</trkpt><trkpt lat="23.613499156779824" lon="120.72073535878165">
    <ele>1273.8777565203045</ele>
    <time>2026-05-09T05:23:39Z</time>
</trkpt><trkpt lat="23.613494866501615" lon="120.72073563590646">
    <ele>1274.0870715485157</ele>
    <time>2026-05-09T05:23:45Z</time>
</trkpt><trkpt lat="23.613492625011922" lon="120.72073530616134">
    <ele>1273.8470968823842</ele>
    <time>2026-05-09T05:23:51Z</time>
</trkpt><trkpt lat="23.613491197500743" lon="120.72073700378039">
    <ele>1273.1608546561151</ele>
    <time>2026-05-09T05:23:57Z</time>
</trkpt><trkpt lat="23.613491115738313" lon="120.72073987987538">
    <ele>1272.398054275694</ele>
    <time>2026-05-09T05:24:03Z</time>
</trkpt><trkpt lat="23.613489973901466" lon="120.72074047633971">
    <ele>1271.5456553730771</ele>
    <time>2026-05-09T05:24:09Z</time>
</trkpt></trkseg></trk></gpx>